row,fold,model,feature_set,probability
1,outer0,xgboost,main,0.04119936004281044
6,outer0,xgboost,main,0.13722339272499084
10,outer0,xgboost,main,0.08844336122274399
18,outer0,xgboost,main,0.06089581549167633
24,outer0,xgboost,main,0.057368434965610504
28,outer0,xgboost,main,0.051845502108335495
30,outer0,xgboost,main,0.08125539124011993
33,outer0,xgboost,main,0.04423883557319641
41,outer0,xgboost,main,0.03133830800652504
49,outer0,xgboost,main,0.13174200057983398
51,outer0,xgboost,main,0.1902858018875122
53,outer0,xgboost,main,0.08434920012950897
57,outer0,xgboost,main,0.06421133130788803
83,outer0,xgboost,main,0.02278621681034565
86,outer0,xgboost,main,0.062373120337724686
88,outer0,xgboost,main,0.08809471130371094
89,outer0,xgboost,main,0.12628306448459625
92,outer0,xgboost,main,0.01993490755558014
96,outer0,xgboost,main,0.13333748281002045
100,outer0,xgboost,main,0.10999086499214172
108,outer0,xgboost,main,0.04698266088962555
119,outer0,xgboost,main,0.0361824557185173
129,outer0,xgboost,main,0.05336508899927139
135,outer0,xgboost,main,0.3945097327232361
139,outer0,xgboost,main,0.062284912914037704
140,outer0,xgboost,main,0.2199159413576126
143,outer0,xgboost,main,0.08132609724998474
144,outer0,xgboost,main,0.02639789506793022
145,outer0,xgboost,main,0.07513533532619476
150,outer0,xgboost,main,0.04895893484354019
152,outer0,xgboost,main,0.042638253420591354
156,outer0,xgboost,main,0.048534490168094635
162,outer0,xgboost,main,0.028142279013991356
163,outer0,xgboost,main,0.0342644602060318
168,outer0,xgboost,main,0.3951137661933899
170,outer0,xgboost,main,0.066071517765522
173,outer0,xgboost,main,0.053654856979846954
178,outer0,xgboost,main,0.07497163116931915
180,outer0,xgboost,main,0.07538620382547379
189,outer0,xgboost,main,0.08527462184429169
191,outer0,xgboost,main,0.03090083971619606
193,outer0,xgboost,main,0.24327120184898376
203,outer0,xgboost,main,0.09231574088335037
206,outer0,xgboost,main,0.213430255651474
217,outer0,xgboost,main,0.04099835082888603
220,outer0,xgboost,main,0.05790778622031212
230,outer0,xgboost,main,0.05564046651124954
231,outer0,xgboost,main,0.7626212239265442
232,outer0,xgboost,main,0.07686956226825714
244,outer0,xgboost,main,0.051957838237285614
246,outer0,xgboost,main,0.03331728279590607
257,outer0,xgboost,main,0.048417169600725174
262,outer0,xgboost,main,0.10589233785867691
270,outer0,xgboost,main,0.052645355463027954
272,outer0,xgboost,main,0.041120171546936035
275,outer0,xgboost,main,0.0907379686832428
279,outer0,xgboost,main,0.04686644673347473
282,outer0,xgboost,main,0.06796323508024216
284,outer0,xgboost,main,0.014019290916621685
286,outer0,xgboost,main,0.09815382212400436
288,outer0,xgboost,main,0.024356713518500328
291,outer0,xgboost,main,0.029791805893182755
292,outer0,xgboost,main,0.046605464071035385
293,outer0,xgboost,main,0.17888545989990234
308,outer0,xgboost,main,0.0318344347178936
313,outer0,xgboost,main,0.02978026494383812
322,outer0,xgboost,main,0.3063513934612274
326,outer0,xgboost,main,0.03203550726175308
327,outer0,xgboost,main,0.03291275352239609
328,outer0,xgboost,main,0.032202430069446564
330,outer0,xgboost,main,0.048274844884872437
335,outer0,xgboost,main,0.06229499354958534
341,outer0,xgboost,main,0.04091174155473709
342,outer0,xgboost,main,0.08689673990011215
343,outer0,xgboost,main,0.023949123919010162
344,outer0,xgboost,main,0.03454796224832535
345,outer0,xgboost,main,0.03656768053770065
348,outer0,xgboost,main,0.04100259765982628
367,outer0,xgboost,main,0.03607017174363136
372,outer0,xgboost,main,0.029711991548538208
375,outer0,xgboost,main,0.07525534182786942
376,outer0,xgboost,main,0.07294441014528275
378,outer0,xgboost,main,0.10084102302789688
384,outer0,xgboost,main,0.044378817081451416
386,outer0,xgboost,main,0.08213414251804352
392,outer0,xgboost,main,0.05522345006465912
393,outer0,xgboost,main,0.028378237038850784
399,outer0,xgboost,main,0.038304369896650314
401,outer0,xgboost,main,0.02599341608583927
406,outer0,xgboost,main,0.09853662550449371
410,outer0,xgboost,main,0.16963493824005127
416,outer0,xgboost,main,0.03445792570710182
419,outer0,xgboost,main,0.03715960681438446
421,outer0,xgboost,main,0.02826005406677723
423,outer0,xgboost,main,0.3490205407142639
428,outer0,xgboost,main,0.03803921118378639
431,outer0,xgboost,main,0.0867927297949791
432,outer0,xgboost,main,0.042210955172777176
433,outer0,xgboost,main,0.06777375191450119
442,outer0,xgboost,main,0.037380363792181015
458,outer0,xgboost,main,0.03916223719716072
467,outer0,xgboost,main,0.020884361118078232
468,outer0,xgboost,main,0.0321226492524147
472,outer0,xgboost,main,0.027962634339928627
474,outer0,xgboost,main,0.1587039679288864
480,outer0,xgboost,main,0.025795940309762955
482,outer0,xgboost,main,0.06865411251783371
483,outer0,xgboost,main,0.06383001059293747
488,outer0,xgboost,main,0.25506317615509033
499,outer0,xgboost,main,0.03722119331359863
502,outer0,xgboost,main,0.023817311972379684
504,outer0,xgboost,main,0.04658728837966919
505,outer0,xgboost,main,0.024480674415826797
519,outer0,xgboost,main,0.08436700701713562
522,outer0,xgboost,main,0.03905831649899483
525,outer0,xgboost,main,0.12054833769798279
526,outer0,xgboost,main,0.13030517101287842
528,outer0,xgboost,main,0.04510823264718056
534,outer0,xgboost,main,0.04099913313984871
538,outer0,xgboost,main,0.05999491363763809
539,outer0,xgboost,main,0.0632520318031311
543,outer0,xgboost,main,0.06404390186071396
549,outer0,xgboost,main,0.06981389224529266
550,outer0,xgboost,main,0.07007244974374771
553,outer0,xgboost,main,0.11111120879650116
554,outer0,xgboost,main,0.07298178225755692
561,outer0,xgboost,main,0.06342700123786926
563,outer0,xgboost,main,0.048715926706790924
569,outer0,xgboost,main,0.030976388603448868
572,outer0,xgboost,main,0.04202042892575264
575,outer0,xgboost,main,0.05915238708257675
578,outer0,xgboost,main,0.025361213833093643
579,outer0,xgboost,main,0.18346050381660461
580,outer0,xgboost,main,0.034100472927093506
590,outer0,xgboost,main,0.31337809562683105
591,outer0,xgboost,main,0.024315495043992996
595,outer0,xgboost,main,0.07901351153850555
598,outer0,xgboost,main,0.05779605358839035
609,outer0,xgboost,main,0.1122145801782608
619,outer0,xgboost,main,0.07681065797805786
620,outer0,xgboost,main,0.0377715602517128
621,outer0,xgboost,main,0.21132086217403412
624,outer0,xgboost,main,0.2667078673839569
629,outer0,xgboost,main,0.09201415628194809
645,outer0,xgboost,main,0.12777790427207947
646,outer0,xgboost,main,0.04218968749046326
653,outer0,xgboost,main,0.07739885151386261
655,outer0,xgboost,main,0.05071196332573891
660,outer0,xgboost,main,0.14667724072933197
663,outer0,xgboost,main,0.029785238206386566
669,outer0,xgboost,main,0.049183979630470276
676,outer0,xgboost,main,0.04842650890350342
687,outer0,xgboost,main,0.0814124271273613
696,outer0,xgboost,main,0.11813119798898697
704,outer0,xgboost,main,0.09145767241716385
719,outer0,xgboost,main,0.07367469370365143
722,outer0,xgboost,main,0.0711604654788971
735,outer0,xgboost,main,0.06646350026130676
742,outer0,xgboost,main,0.05043824017047882
749,outer0,xgboost,main,0.12413846701383591
753,outer0,xgboost,main,0.08710809051990509
755,outer0,xgboost,main,0.04294044151902199
761,outer0,xgboost,main,0.040785595774650574
772,outer0,xgboost,main,0.02237984538078308
774,outer0,xgboost,main,0.032484762370586395
775,outer0,xgboost,main,0.04589837044477463
782,outer0,xgboost,main,0.21953196823596954
786,outer0,xgboost,main,0.10114249587059021
788,outer0,xgboost,main,0.037874072790145874
792,outer0,xgboost,main,0.036756522953510284
799,outer0,xgboost,main,0.04201892018318176
803,outer0,xgboost,main,0.03151431679725647
812,outer0,xgboost,main,0.055426452308893204
827,outer0,xgboost,main,0.04992799088358879
828,outer0,xgboost,main,0.10307526588439941
829,outer0,xgboost,main,0.08549505472183228
831,outer0,xgboost,main,0.27770793437957764
838,outer0,xgboost,main,0.20806555449962616
841,outer0,xgboost,main,0.059354912489652634
846,outer0,xgboost,main,0.03910236433148384
849,outer0,xgboost,main,0.04033888503909111
850,outer0,xgboost,main,0.054682593792676926
852,outer0,xgboost,main,0.37016761302948
853,outer0,xgboost,main,0.19930925965309143
855,outer0,xgboost,main,0.042677588760852814
859,outer0,xgboost,main,0.25362130999565125
874,outer0,xgboost,main,0.06640487164258957
881,outer0,xgboost,main,0.10128793865442276
886,outer0,xgboost,main,0.04497409239411354
889,outer0,xgboost,main,0.059734851121902466
894,outer0,xgboost,main,0.029114704579114914
902,outer0,xgboost,main,0.03928787261247635
907,outer0,xgboost,main,0.39209696650505066
908,outer0,xgboost,main,0.05124653875827789
915,outer0,xgboost,main,0.060376886278390884
916,outer0,xgboost,main,0.14886720478534698
918,outer0,xgboost,main,0.1214313805103302
920,outer0,xgboost,main,0.10317765176296234
921,outer0,xgboost,main,0.08981853723526001
934,outer0,xgboost,main,0.36316177248954773
938,outer0,xgboost,main,0.12190926820039749
940,outer0,xgboost,main,0.1303982436656952
944,outer0,xgboost,main,0.05438593775033951
946,outer0,xgboost,main,0.08987217396497726
951,outer0,xgboost,main,0.1676819622516632
953,outer0,xgboost,main,0.04218728840351105
955,outer0,xgboost,main,0.03881189599633217
964,outer0,xgboost,main,0.04172263294458389
966,outer0,xgboost,main,0.11278986185789108
967,outer0,xgboost,main,0.05491603910923004
973,outer0,xgboost,main,0.15926338732242584
974,outer0,xgboost,main,0.05232822895050049
981,outer0,xgboost,main,0.04058869183063507
985,outer0,xgboost,main,0.03689820319414139
989,outer0,xgboost,main,0.03303061053156853
992,outer0,xgboost,main,0.03794461116194725
993,outer0,xgboost,main,0.06625711172819138
999,outer0,xgboost,main,0.05943016707897186
1001,outer0,xgboost,main,0.046044256538152695
1010,outer0,xgboost,main,0.08318717777729034
1018,outer0,xgboost,main,0.11372765153646469
1021,outer0,xgboost,main,0.2696399986743927
1023,outer0,xgboost,main,0.05942676588892937
1025,outer0,xgboost,main,0.031223393976688385
1035,outer0,xgboost,main,0.08690925687551498
1044,outer0,xgboost,main,0.06846710294485092
1045,outer0,xgboost,main,0.11948589980602264
1048,outer0,xgboost,main,0.14940303564071655
1053,outer0,xgboost,main,0.0764210969209671
1056,outer0,xgboost,main,0.04041081666946411
1059,outer0,xgboost,main,0.02935837395489216
1070,outer0,xgboost,main,0.1748223900794983
1074,outer0,xgboost,main,0.052326470613479614
1075,outer0,xgboost,main,0.18104858696460724
1081,outer0,xgboost,main,0.10489649325609207
1088,outer0,xgboost,main,0.05079936981201172
1090,outer0,xgboost,main,0.03935108333826065
1094,outer0,xgboost,main,0.024025792255997658
1096,outer0,xgboost,main,0.08120859414339066
1099,outer0,xgboost,main,0.026702789589762688
1106,outer0,xgboost,main,0.2220449149608612
1109,outer0,xgboost,main,0.04121306911110878
1116,outer0,xgboost,main,0.04103356599807739
1119,outer0,xgboost,main,0.06539356708526611
1124,outer0,xgboost,main,0.05331845209002495
1125,outer0,xgboost,main,0.19026896357536316
1127,outer0,xgboost,main,0.18793201446533203
1128,outer0,xgboost,main,0.04050811752676964
1135,outer0,xgboost,main,0.04020706191658974
1138,outer0,xgboost,main,0.029617538675665855
1151,outer0,xgboost,main,0.06972131133079529
1157,outer0,xgboost,main,0.09697578102350235
1159,outer0,xgboost,main,0.048116542398929596
1160,outer0,xgboost,main,0.03020070306956768
1166,outer0,xgboost,main,0.05644868686795235
1171,outer0,xgboost,main,0.11223169416189194
1174,outer0,xgboost,main,0.1454412341117859
1176,outer0,xgboost,main,0.20123368501663208
1186,outer0,xgboost,main,0.11708416044712067
1187,outer0,xgboost,main,0.04189493879675865
1193,outer0,xgboost,main,0.030433831736445427
1199,outer0,xgboost,main,0.43165478110313416
1200,outer0,xgboost,main,0.20065583288669586
1206,outer0,xgboost,main,0.08644088357686996
1210,outer0,xgboost,main,0.03525669127702713
1217,outer0,xgboost,main,0.08045410364866257
1254,outer0,xgboost,main,0.02532072924077511
1256,outer0,xgboost,main,0.11969717592000961
1261,outer0,xgboost,main,0.19439761340618134
1270,outer0,xgboost,main,0.022089719772338867
1276,outer0,xgboost,main,0.051490869373083115
1283,outer0,xgboost,main,0.08422499895095825
1285,outer0,xgboost,main,0.12265079468488693
1289,outer0,xgboost,main,0.06883629411458969
1299,outer0,xgboost,main,0.05351364612579346
1301,outer0,xgboost,main,0.08521795272827148
1302,outer0,xgboost,main,0.09529571980237961
1303,outer0,xgboost,main,0.10719066858291626
1304,outer0,xgboost,main,0.06122366338968277
1310,outer0,xgboost,main,0.4202284514904022
1318,outer0,xgboost,main,0.21312828361988068
1324,outer0,xgboost,main,0.03588821738958359
1325,outer0,xgboost,main,0.11445847153663635
1332,outer0,xgboost,main,0.02578040212392807
1336,outer0,xgboost,main,0.053000558167696
1337,outer0,xgboost,main,0.06656782329082489
1339,outer0,xgboost,main,0.025672288611531258
1341,outer0,xgboost,main,0.0426148846745491
1342,outer0,xgboost,main,0.03094305656850338
1349,outer0,xgboost,main,0.017965057864785194
1368,outer0,xgboost,main,0.03852585703134537
1372,outer0,xgboost,main,0.041857898235321045
1374,outer0,xgboost,main,0.04196787625551224
1382,outer0,xgboost,main,0.05043436959385872
1384,outer0,xgboost,main,0.021659480407834053
1385,outer0,xgboost,main,0.04826609045267105
1387,outer0,xgboost,main,0.025862175971269608
1392,outer0,xgboost,main,0.11521060764789581
1400,outer0,xgboost,main,0.04567776992917061
1402,outer0,xgboost,main,0.24734865128993988
1405,outer0,xgboost,main,0.0377068892121315
1408,outer0,xgboost,main,0.03524307906627655
1413,outer0,xgboost,main,0.04846334829926491
1418,outer0,xgboost,main,0.04046228900551796
1422,outer0,xgboost,main,0.07259099930524826
1426,outer0,xgboost,main,0.03711554408073425
1428,outer0,xgboost,main,0.1546255350112915
1430,outer0,xgboost,main,0.12172269076108932
1434,outer0,xgboost,main,0.13604004681110382
1441,outer0,xgboost,main,0.05200425907969475
1449,outer0,xgboost,main,0.12799401581287384
1451,outer0,xgboost,main,0.03316937014460564
1460,outer0,xgboost,main,0.17831625044345856
1466,outer0,xgboost,main,0.0797877386212349
1473,outer0,xgboost,main,0.08532721549272537
1474,outer0,xgboost,main,0.041279055178165436
1496,outer0,xgboost,main,0.07164134085178375
1504,outer0,xgboost,main,0.031170612201094627
1510,outer0,xgboost,main,0.0678783655166626
1515,outer0,xgboost,main,0.0641784742474556
1516,outer0,xgboost,main,0.05972609296441078
1522,outer0,xgboost,main,0.11011835932731628
1525,outer0,xgboost,main,0.11990643292665482
1529,outer0,xgboost,main,0.029422715306282043
1530,outer0,xgboost,main,0.07616113871335983
1534,outer0,xgboost,main,0.032546207308769226
1537,outer0,xgboost,main,0.08888833224773407
1553,outer0,xgboost,main,0.15912199020385742
1557,outer0,xgboost,main,0.06600615382194519
1565,outer0,xgboost,main,0.07409702986478806
1577,outer0,xgboost,main,0.023001017048954964
1579,outer0,xgboost,main,0.15189580619335175
1592,outer0,xgboost,main,0.13527759909629822
1598,outer0,xgboost,main,0.04503771290183067
1604,outer0,xgboost,main,0.029544545337557793
1607,outer0,xgboost,main,0.05950416624546051
1628,outer0,xgboost,main,0.058325160294771194
1629,outer0,xgboost,main,0.07530168443918228
1630,outer0,xgboost,main,0.05364640802145004
1635,outer0,xgboost,main,0.028444360941648483
1643,outer0,xgboost,main,0.19614596664905548
1654,outer0,xgboost,main,0.2579146921634674
1656,outer0,xgboost,main,0.12552398443222046
1658,outer0,xgboost,main,0.026608239859342575
1663,outer0,xgboost,main,0.04293666034936905
1678,outer0,xgboost,main,0.044153597205877304
1679,outer0,xgboost,main,0.02829590253531933
1690,outer0,xgboost,main,0.32034486532211304
1692,outer0,xgboost,main,0.03400319069623947
1693,outer0,xgboost,main,0.0676361545920372
1706,outer0,xgboost,main,0.03343387693166733
1708,outer0,xgboost,main,0.12363842874765396
1710,outer0,xgboost,main,0.10396484285593033
1717,outer0,xgboost,main,0.0767659842967987
1732,outer0,xgboost,main,0.3447672724723816
1733,outer0,xgboost,main,0.031203748658299446
1735,outer0,xgboost,main,0.10462991148233414
1738,outer0,xgboost,main,0.09012164920568466
1739,outer0,xgboost,main,0.031692493706941605
1745,outer0,xgboost,main,0.035203464329242706
1748,outer0,xgboost,main,0.05654003471136093
1766,outer0,xgboost,main,0.07919034361839294
1767,outer0,xgboost,main,0.21510635316371918
1770,outer0,xgboost,main,0.1608515828847885
1772,outer0,xgboost,main,0.07462714612483978
1782,outer0,xgboost,main,0.12341496348381042
1783,outer0,xgboost,main,0.0627247616648674
1785,outer0,xgboost,main,0.04136156290769577
1786,outer0,xgboost,main,0.08054942637681961
1790,outer0,xgboost,main,0.08055451512336731
1803,outer0,xgboost,main,0.02786089852452278
1805,outer0,xgboost,main,0.20313209295272827
1813,outer0,xgboost,main,0.041118986904621124
1835,outer0,xgboost,main,0.056085098534822464
1842,outer0,xgboost,main,0.12004128843545914
1849,outer0,xgboost,main,0.09582490473985672
1857,outer0,xgboost,main,0.02387348935008049
1860,outer0,xgboost,main,0.03873637318611145
1864,outer0,xgboost,main,0.1056908369064331
1866,outer0,xgboost,main,0.06757140904664993
1886,outer0,xgboost,main,0.10312789678573608
1888,outer0,xgboost,main,0.21383115649223328
1889,outer0,xgboost,main,0.10186802595853806
1891,outer0,xgboost,main,0.10084857046604156
1892,outer0,xgboost,main,0.07317977398633957
1899,outer0,xgboost,main,0.053334902971982956
1900,outer0,xgboost,main,0.03286143019795418
1906,outer0,xgboost,main,0.07316499948501587
1909,outer0,xgboost,main,0.11645396798849106
1912,outer0,xgboost,main,0.06833869218826294
1916,outer0,xgboost,main,0.04564164951443672
1919,outer0,xgboost,main,0.042920906096696854
1927,outer0,xgboost,main,0.06967739015817642
1938,outer0,xgboost,main,0.08302891999483109
1944,outer0,xgboost,main,0.21412044763565063
1968,outer0,xgboost,main,0.04656459018588066
1971,outer0,xgboost,main,0.05008769780397415
1983,outer0,xgboost,main,0.05708831921219826
1986,outer0,xgboost,main,0.21988999843597412
1997,outer0,xgboost,main,0.028343599289655685
2007,outer0,xgboost,main,0.03047749772667885
2010,outer0,xgboost,main,0.036289624869823456
2015,outer0,xgboost,main,0.04618172347545624
2024,outer0,xgboost,main,0.09723635762929916
2029,outer0,xgboost,main,0.08031006902456284
2032,outer0,xgboost,main,0.13260246813297272
2040,outer0,xgboost,main,0.038867730647325516
2044,outer0,xgboost,main,0.034006137400865555
2045,outer0,xgboost,main,0.05516022816300392
2050,outer0,xgboost,main,0.030569491907954216
2051,outer0,xgboost,main,0.03079928271472454
2066,outer0,xgboost,main,0.03259946405887604
2067,outer0,xgboost,main,0.06425869464874268
2072,outer0,xgboost,main,0.040227845311164856
2082,outer0,xgboost,main,0.03754546865820885
2086,outer0,xgboost,main,0.49553900957107544
2096,outer0,xgboost,main,0.04761429876089096
2101,outer0,xgboost,main,0.08221777528524399
2106,outer0,xgboost,main,0.08710926026105881
2114,outer0,xgboost,main,0.052979473024606705
2122,outer0,xgboost,main,0.2545008361339569
2124,outer0,xgboost,main,0.037093859165906906
2134,outer0,xgboost,main,0.08147278428077698
2136,outer0,xgboost,main,0.060354094952344894
2140,outer0,xgboost,main,0.052720341831445694
2144,outer0,xgboost,main,0.04095872491598129
2152,outer0,xgboost,main,0.1472906768321991
2161,outer0,xgboost,main,0.18488140404224396
2162,outer0,xgboost,main,0.027124814689159393
2165,outer0,xgboost,main,0.04410504549741745
2171,outer0,xgboost,main,0.4968913495540619
2175,outer0,xgboost,main,0.04889507591724396
2184,outer0,xgboost,main,0.05265315622091293
2185,outer0,xgboost,main,0.06295738369226456
2186,outer0,xgboost,main,0.01134737953543663
2195,outer0,xgboost,main,0.19660665094852448
2200,outer0,xgboost,main,0.052778907120227814
2202,outer0,xgboost,main,0.03407648950815201
2221,outer0,xgboost,main,0.028551900759339333
2225,outer0,xgboost,main,0.057027533650398254
2230,outer0,xgboost,main,0.08766662329435349
2234,outer0,xgboost,main,0.1314437836408615
2237,outer0,xgboost,main,0.027592752128839493
2244,outer0,xgboost,main,0.14045773446559906
2249,outer0,xgboost,main,0.21691632270812988
2251,outer0,xgboost,main,0.10917068272829056
2257,outer0,xgboost,main,0.08114786446094513
2259,outer0,xgboost,main,0.0433763712644577
2268,outer0,xgboost,main,0.04674600809812546
2269,outer0,xgboost,main,0.02796981669962406
2270,outer0,xgboost,main,0.12045793980360031
2273,outer0,xgboost,main,0.032975368201732635
2278,outer0,xgboost,main,0.05895187333226204
2281,outer0,xgboost,main,0.035407714545726776
2284,outer0,xgboost,main,0.09775561839342117
2287,outer0,xgboost,main,0.4313236176967621
2289,outer0,xgboost,main,0.06465446949005127
2291,outer0,xgboost,main,0.10921451449394226
2302,outer0,xgboost,main,0.08350656926631927
2306,outer0,xgboost,main,0.05373409390449524
2308,outer0,xgboost,main,0.04142657294869423
2312,outer0,xgboost,main,0.07520530372858047
2314,outer0,xgboost,main,0.037471797317266464
2316,outer0,xgboost,main,0.2535208463668823
2327,outer0,xgboost,main,0.031783852726221085
2332,outer0,xgboost,main,0.03937423229217529
2336,outer0,xgboost,main,0.027902385219931602
2337,outer0,xgboost,main,0.08399444818496704
2356,outer0,xgboost,main,0.35591161251068115
2357,outer0,xgboost,main,0.033343832939863205
2360,outer0,xgboost,main,0.10955669730901718
2361,outer0,xgboost,main,0.08282678574323654
2371,outer0,xgboost,main,0.03791172802448273
2372,outer0,xgboost,main,0.08915391564369202
2378,outer0,xgboost,main,0.027006620541214943
2382,outer0,xgboost,main,0.11138732731342316
2383,outer0,xgboost,main,0.037537023425102234
2395,outer0,xgboost,main,0.2540338635444641
2403,outer0,xgboost,main,0.038872528821229935
2405,outer0,xgboost,main,0.036255527287721634
2417,outer0,xgboost,main,0.08463102579116821
2432,outer0,xgboost,main,0.015888025984168053
2434,outer0,xgboost,main,0.14873754978179932
2444,outer0,xgboost,main,0.062448304146528244
2447,outer0,xgboost,main,0.08278287202119827
2451,outer0,xgboost,main,0.039315272122621536
2456,outer0,xgboost,main,0.3525727689266205
2458,outer0,xgboost,main,0.03686784952878952
2461,outer0,xgboost,main,0.03560792654752731
2462,outer0,xgboost,main,0.027375947684049606
2463,outer0,xgboost,main,0.06785794347524643
2473,outer0,xgboost,main,0.07920122891664505
2476,outer0,xgboost,main,0.07512440532445908
2479,outer0,xgboost,main,0.05678347870707512
2482,outer0,xgboost,main,0.04462233930826187
2513,outer0,xgboost,main,0.02729044109582901
2518,outer0,xgboost,main,0.03049546293914318
2527,outer0,xgboost,main,0.03983626142144203
2531,outer0,xgboost,main,0.05792102962732315
2542,outer0,xgboost,main,0.09429793059825897
2545,outer0,xgboost,main,0.07388246804475784
2546,outer0,xgboost,main,0.031527452170848846
2547,outer0,xgboost,main,0.07669095695018768
2559,outer0,xgboost,main,0.03399549424648285
2572,outer0,xgboost,main,0.043440576642751694
2580,outer0,xgboost,main,0.02965066023170948
2588,outer0,xgboost,main,0.06823873519897461
2590,outer0,xgboost,main,0.06501597911119461
2591,outer0,xgboost,main,0.040083304047584534
2592,outer0,xgboost,main,0.10927215963602066
2594,outer0,xgboost,main,0.030097318813204765
2595,outer0,xgboost,main,0.15291336178779602
2601,outer0,xgboost,main,0.08074244111776352
2603,outer0,xgboost,main,0.2184191644191742
2606,outer0,xgboost,main,0.06720774620771408
2607,outer0,xgboost,main,0.0238330215215683
2609,outer0,xgboost,main,0.10092157870531082
2611,outer0,xgboost,main,0.05821697786450386
2622,outer0,xgboost,main,0.1433645784854889
2624,outer0,xgboost,main,0.048572055995464325
2625,outer0,xgboost,main,0.03668107092380524
2626,outer0,xgboost,main,0.2765236496925354
2630,outer0,xgboost,main,0.07262586802244186
2634,outer0,xgboost,main,0.06758524477481842
2635,outer0,xgboost,main,0.04811694845557213
2643,outer0,xgboost,main,0.1487596184015274
2645,outer0,xgboost,main,0.11847727000713348
2649,outer0,xgboost,main,0.06931749731302261
2654,outer0,xgboost,main,0.056436240673065186
2655,outer0,xgboost,main,0.1868697851896286
2656,outer0,xgboost,main,0.04627241939306259
2657,outer0,xgboost,main,0.08252926170825958
2661,outer0,xgboost,main,0.03907809406518936
2678,outer0,xgboost,main,0.04743686318397522
2679,outer0,xgboost,main,0.05963382497429848
2687,outer0,xgboost,main,0.0567220076918602
2689,outer0,xgboost,main,0.02919439785182476
2690,outer0,xgboost,main,0.1342667192220688
2707,outer0,xgboost,main,0.053782787173986435
2716,outer0,xgboost,main,0.15096519887447357
2717,outer0,xgboost,main,0.05811140313744545
2719,outer0,xgboost,main,0.03462914377450943
2726,outer0,xgboost,main,0.02891431376338005
2727,outer0,xgboost,main,0.10114006698131561
2730,outer0,xgboost,main,0.032220110297203064
2735,outer0,xgboost,main,0.03411785513162613
2737,outer0,xgboost,main,0.03029468096792698
2741,outer0,xgboost,main,0.05126823112368584
2742,outer0,xgboost,main,0.13278870284557343
2743,outer0,xgboost,main,0.043930113315582275
2749,outer0,xgboost,main,0.2844146490097046
2760,outer0,xgboost,main,0.08512485027313232
2765,outer0,xgboost,main,0.029490523040294647
2767,outer0,xgboost,main,0.0621640719473362
2768,outer0,xgboost,main,0.0599341094493866
2771,outer0,xgboost,main,0.09341651201248169
2787,outer0,xgboost,main,0.1420379877090454
2789,outer0,xgboost,main,0.2473728060722351
2792,outer0,xgboost,main,0.046461958438158035
2793,outer0,xgboost,main,0.3090686798095703
2800,outer0,xgboost,main,0.0706552043557167
2801,outer0,xgboost,main,0.024519456550478935
2809,outer0,xgboost,main,0.09552917629480362
2810,outer0,xgboost,main,0.06310465931892395
2812,outer0,xgboost,main,0.02607821673154831
2818,outer0,xgboost,main,0.12334471195936203
2824,outer0,xgboost,main,0.05196338891983032
2829,outer0,xgboost,main,0.10694870352745056
2834,outer0,xgboost,main,0.06087246909737587
2836,outer0,xgboost,main,0.18198435008525848
2840,outer0,xgboost,main,0.1388075351715088
2848,outer0,xgboost,main,0.04829128086566925
2850,outer0,xgboost,main,0.054015014320611954
2853,outer0,xgboost,main,0.03441361337900162
2856,outer0,xgboost,main,0.18830393254756927
2863,outer0,xgboost,main,0.05067358538508415
2868,outer0,xgboost,main,0.048772115260362625
2869,outer0,xgboost,main,0.0346025787293911
2876,outer0,xgboost,main,0.04137703776359558
2887,outer0,xgboost,main,0.21929410099983215
2898,outer0,xgboost,main,0.032172705978155136
2900,outer0,xgboost,main,0.04415728151798248
2915,outer0,xgboost,main,0.025454051792621613
2927,outer0,xgboost,main,0.054587267339229584
2930,outer0,xgboost,main,0.19483594596385956
2938,outer0,xgboost,main,0.02757568471133709
2940,outer0,xgboost,main,0.06443557143211365
2941,outer0,xgboost,main,0.06363071501255035
2944,outer0,xgboost,main,0.10973595827817917
2947,outer0,xgboost,main,0.047263968735933304
2953,outer0,xgboost,main,0.042861711233854294
2954,outer0,xgboost,main,0.3324592411518097
2955,outer0,xgboost,main,0.03829604387283325
2968,outer0,xgboost,main,0.030295487493276596
2978,outer0,xgboost,main,0.03787250071763992
2982,outer0,xgboost,main,0.040759019553661346
3001,outer0,xgboost,main,0.09102185815572739
3009,outer0,xgboost,main,0.027360402047634125
3012,outer0,xgboost,main,0.023000894114375114
3021,outer0,xgboost,main,0.06628750264644623
3023,outer0,xgboost,main,0.07230504602193832
3025,outer0,xgboost,main,0.07195601612329483
3038,outer0,xgboost,main,0.033663008362054825
3041,outer0,xgboost,main,0.04098993539810181
3055,outer0,xgboost,main,0.15975674986839294
3064,outer0,xgboost,main,0.04063909128308296
3067,outer0,xgboost,main,0.13108369708061218
3073,outer0,xgboost,main,0.047730959951877594
3078,outer0,xgboost,main,0.33451205492019653
3079,outer0,xgboost,main,0.06385986506938934
3082,outer0,xgboost,main,0.026643751189112663
3084,outer0,xgboost,main,0.04048894718289375
3085,outer0,xgboost,main,0.0826231986284256
3086,outer0,xgboost,main,0.07175222784280777
3087,outer0,xgboost,main,0.06877380609512329
3098,outer0,xgboost,main,0.0237254835665226
3106,outer0,xgboost,main,0.04509573057293892
3107,outer0,xgboost,main,0.1268884688615799
3109,outer0,xgboost,main,0.057826414704322815
3110,outer0,xgboost,main,0.09315451234579086
3112,outer0,xgboost,main,0.029288137331604958
3113,outer0,xgboost,main,0.03550929203629494
3117,outer0,xgboost,main,0.24876058101654053
3119,outer0,xgboost,main,0.06875983625650406
3122,outer0,xgboost,main,0.12348887324333191
3138,outer0,xgboost,main,0.06580079346895218
3151,outer0,xgboost,main,0.022029798477888107
3154,outer0,xgboost,main,0.020406043156981468
3156,outer0,xgboost,main,0.24581800401210785
3161,outer0,xgboost,main,0.0542515367269516
3164,outer0,xgboost,main,0.24706290662288666
3168,outer0,xgboost,main,0.04966742545366287
3172,outer0,xgboost,main,0.04464779794216156
3181,outer0,xgboost,main,0.08856761455535889
3202,outer0,xgboost,main,0.2226375937461853
3204,outer0,xgboost,main,0.03434561565518379
3205,outer0,xgboost,main,0.052679307758808136
3206,outer0,xgboost,main,0.022156937047839165
3207,outer0,xgboost,main,0.1539098620414734
3208,outer0,xgboost,main,0.11114519834518433
3209,outer0,xgboost,main,0.11528001725673676
3210,outer0,xgboost,main,0.29986700415611267
3215,outer0,xgboost,main,0.07303503900766373
3220,outer0,xgboost,main,0.06173209846019745
3221,outer0,xgboost,main,0.16334328055381775
3223,outer0,xgboost,main,0.021167712286114693
3230,outer0,xgboost,main,0.11600533127784729
3241,outer0,xgboost,main,0.03278164193034172
3249,outer0,xgboost,main,0.03121507354080677
3253,outer0,xgboost,main,0.07330398261547089
3255,outer0,xgboost,main,0.11839801073074341
3256,outer0,xgboost,main,0.028703175485134125
3257,outer0,xgboost,main,0.05434224382042885
3260,outer0,xgboost,main,0.04681854322552681
3262,outer0,xgboost,main,0.028951993212103844
3267,outer0,xgboost,main,0.19299018383026123
3269,outer0,xgboost,main,0.028278157114982605
3272,outer0,xgboost,main,0.15421853959560394
3274,outer0,xgboost,main,0.04671856760978699
3278,outer0,xgboost,main,0.07024545222520828
3283,outer0,xgboost,main,0.04493607208132744
3288,outer0,xgboost,main,0.046677809208631516
3289,outer0,xgboost,main,0.07145947962999344
3292,outer0,xgboost,main,0.04493177682161331
3293,outer0,xgboost,main,0.029702141880989075
3296,outer0,xgboost,main,0.061397064477205276
3307,outer0,xgboost,main,0.038788557052612305
3309,outer0,xgboost,main,0.01899022050201893
3319,outer0,xgboost,main,0.26817408204078674
3320,outer0,xgboost,main,0.09965377300977707
3321,outer0,xgboost,main,0.18214835226535797
3324,outer0,xgboost,main,0.06625448912382126
3327,outer0,xgboost,main,0.11522506922483444
3331,outer0,xgboost,main,0.07689137011766434
3332,outer0,xgboost,main,0.021540232002735138
3334,outer0,xgboost,main,0.11798294633626938
3342,outer0,xgboost,main,0.13791637122631073
3344,outer0,xgboost,main,0.2920110523700714
3350,outer0,xgboost,main,0.1697901338338852
3352,outer0,xgboost,main,0.1020595133304596
3362,outer0,xgboost,main,0.019807957112789154
3364,outer0,xgboost,main,0.05305875465273857
3366,outer0,xgboost,main,0.045022349804639816
3367,outer0,xgboost,main,0.027570972219109535
3372,outer0,xgboost,main,0.03240702673792839
3376,outer0,xgboost,main,0.09902602434158325
3381,outer0,xgboost,main,0.11535961925983429
3383,outer0,xgboost,main,0.028252383694052696
3390,outer0,xgboost,main,0.12134242802858353
3395,outer0,xgboost,main,0.026850983500480652
3396,outer0,xgboost,main,0.17057788372039795
3399,outer0,xgboost,main,0.03820180520415306
3413,outer0,xgboost,main,0.2925760746002197
3414,outer0,xgboost,main,0.18411125242710114
3417,outer0,xgboost,main,0.1443692296743393
3425,outer0,xgboost,main,0.0838690772652626
3426,outer0,xgboost,main,0.07600340247154236
3428,outer0,xgboost,main,0.029494689777493477
3435,outer0,xgboost,main,0.12255951017141342
3455,outer0,xgboost,main,0.07979373633861542
3464,outer0,xgboost,main,0.12020058184862137
3472,outer0,xgboost,main,0.07555171102285385
3477,outer0,xgboost,main,0.10581901669502258
3478,outer0,xgboost,main,0.039213694632053375
3491,outer0,xgboost,main,0.050054002553224564
3492,outer0,xgboost,main,0.08365720510482788
3493,outer0,xgboost,main,0.062250424176454544
3495,outer0,xgboost,main,0.12314511835575104
3496,outer0,xgboost,main,0.05141390487551689
3506,outer0,xgboost,main,0.07554195821285248
3507,outer0,xgboost,main,0.05947442725300789
3509,outer0,xgboost,main,0.11829901486635208
3537,outer0,xgboost,main,0.032706163823604584
3539,outer0,xgboost,main,0.06271226704120636
3540,outer0,xgboost,main,0.09788625687360764
3542,outer0,xgboost,main,0.1252324879169464
3562,outer0,xgboost,main,0.033128079026937485
3567,outer0,xgboost,main,0.04635871201753616
3570,outer0,xgboost,main,0.031137462705373764
3571,outer0,xgboost,main,0.25891050696372986
3574,outer0,xgboost,main,0.07859820127487183
3579,outer0,xgboost,main,0.04502582550048828
3583,outer0,xgboost,main,0.13119344413280487
3594,outer0,xgboost,main,0.17143400013446808
3599,outer0,xgboost,main,0.06713542342185974
3609,outer0,xgboost,main,0.039237041026353836
3612,outer0,xgboost,main,0.1636848896741867
3613,outer0,xgboost,main,0.18148338794708252
3619,outer0,xgboost,main,0.04094061255455017
3620,outer0,xgboost,main,0.07046643644571304
3621,outer0,xgboost,main,0.07709703594446182
3628,outer0,xgboost,main,0.06093216314911842
3633,outer0,xgboost,main,0.047338489443063736
3636,outer0,xgboost,main,0.09046009182929993
3638,outer0,xgboost,main,0.29229292273521423
3655,outer0,xgboost,main,0.09583120793104172
3656,outer0,xgboost,main,0.06696717441082001
3659,outer0,xgboost,main,0.03157252445816994
3662,outer0,xgboost,main,0.02165006473660469
3670,outer0,xgboost,main,0.2957156002521515
3677,outer0,xgboost,main,0.3686300218105316
3680,outer0,xgboost,main,0.036866120994091034
3684,outer0,xgboost,main,0.04541150480508804
3707,outer0,xgboost,main,0.027860581874847412
3712,outer0,xgboost,main,0.08709580451250076
3714,outer0,xgboost,main,0.07414963841438293
3719,outer0,xgboost,main,0.042590681463479996
3720,outer0,xgboost,main,0.10638449341058731
3725,outer0,xgboost,main,0.02473599649965763
3726,outer0,xgboost,main,0.026895377784967422
3734,outer0,xgboost,main,0.15347111225128174
3735,outer0,xgboost,main,0.04415053129196167
3742,outer0,xgboost,main,0.05350727215409279
3743,outer0,xgboost,main,0.15803228318691254
3748,outer0,xgboost,main,0.2487863153219223
3749,outer0,xgboost,main,0.02955683134496212
3750,outer0,xgboost,main,0.04578354209661484
3751,outer0,xgboost,main,0.02868751995265484
3756,outer0,xgboost,main,0.06025945022702217
3760,outer0,xgboost,main,0.042016904801130295
3763,outer0,xgboost,main,0.023164333775639534
3775,outer0,xgboost,main,0.026314906775951385
3783,outer0,xgboost,main,0.04018824175000191
3785,outer0,xgboost,main,0.036655243486166
3786,outer0,xgboost,main,0.4046761393547058
3790,outer0,xgboost,main,0.02140991948544979
3799,outer0,xgboost,main,0.08581186830997467
3803,outer0,xgboost,main,0.10327249020338058
3804,outer0,xgboost,main,0.03179924190044403
3805,outer0,xgboost,main,0.04165010154247284
3809,outer0,xgboost,main,0.10435748845338821
3815,outer0,xgboost,main,0.1283644437789917
3822,outer0,xgboost,main,0.06965170800685883
3824,outer0,xgboost,main,0.052451930940151215
3829,outer0,xgboost,main,0.16889971494674683
3834,outer0,xgboost,main,0.07152330875396729
3841,outer0,xgboost,main,0.07314681261777878
3842,outer0,xgboost,main,0.027969518676400185
3847,outer0,xgboost,main,0.0338427871465683
3855,outer0,xgboost,main,0.03514501452445984
3858,outer0,xgboost,main,0.045313380658626556
3862,outer0,xgboost,main,0.1261259764432907
3863,outer0,xgboost,main,0.0428185872733593
3864,outer0,xgboost,main,0.06054988503456116
3880,outer0,xgboost,main,0.06853604316711426
3883,outer0,xgboost,main,0.08515997231006622
3884,outer0,xgboost,main,0.34616750478744507
3894,outer0,xgboost,main,0.32759377360343933
3907,outer0,xgboost,main,0.09765588492155075
3908,outer0,xgboost,main,0.19794073700904846
3913,outer0,xgboost,main,0.05961157754063606
3925,outer0,xgboost,main,0.12856638431549072
3936,outer0,xgboost,main,0.05853726342320442
3941,outer0,xgboost,main,0.042272213846445084
3942,outer0,xgboost,main,0.05527195706963539
3946,outer0,xgboost,main,0.07538961619138718
3947,outer0,xgboost,main,0.04893948882818222
3952,outer0,xgboost,main,0.26009559631347656
3965,outer0,xgboost,main,0.06692376732826233
3972,outer0,xgboost,main,0.03681647777557373
3976,outer0,xgboost,main,0.06152572110295296
3984,outer0,xgboost,main,0.030571024864912033
3988,outer0,xgboost,main,0.055777691304683685
3993,outer0,xgboost,main,0.03811926767230034
3998,outer0,xgboost,main,0.05147501081228256
3999,outer0,xgboost,main,0.06843389570713043
4008,outer0,xgboost,main,0.07342403382062912
4013,outer0,xgboost,main,0.08880060911178589
4018,outer0,xgboost,main,0.033590178936719894
4019,outer0,xgboost,main,0.03355760872364044
4026,outer0,xgboost,main,0.15401870012283325
4029,outer0,xgboost,main,0.018430277705192566
4030,outer0,xgboost,main,0.0847841426730156
4031,outer0,xgboost,main,0.030697377398610115
4033,outer0,xgboost,main,0.08441774547100067
4035,outer0,xgboost,main,0.12408369779586792
4042,outer0,xgboost,main,0.09801916778087616
4060,outer0,xgboost,main,0.08840998262166977
4061,outer0,xgboost,main,0.13683030009269714
4064,outer0,xgboost,main,0.15203766524791718
4065,outer0,xgboost,main,0.05263394117355347
4075,outer0,xgboost,main,0.06718425452709198
4082,outer0,xgboost,main,0.1935930997133255
4086,outer0,xgboost,main,0.2047637701034546
4087,outer0,xgboost,main,0.02785169892013073
4090,outer0,xgboost,main,0.05138960853219032
4091,outer0,xgboost,main,0.0369400791823864
4094,outer0,xgboost,main,0.03464885056018829
4134,outer0,xgboost,main,0.07609806209802628
4143,outer0,xgboost,main,0.16913509368896484
4145,outer0,xgboost,main,0.08892577886581421
4149,outer0,xgboost,main,0.07113771140575409
4157,outer0,xgboost,main,0.039118293672800064
4159,outer0,xgboost,main,0.12974897027015686
4162,outer0,xgboost,main,0.05367680639028549
4169,outer0,xgboost,main,0.20771807432174683
4181,outer0,xgboost,main,0.032509226351976395
4185,outer0,xgboost,main,0.032057132571935654
4187,outer0,xgboost,main,0.09734371304512024
4189,outer0,xgboost,main,0.11384700238704681
4198,outer0,xgboost,main,0.17716412246227264
4200,outer0,xgboost,main,0.22361426055431366
4202,outer0,xgboost,main,0.19299879670143127
4213,outer0,xgboost,main,0.09018583595752716
4217,outer0,xgboost,main,0.04233371466398239
4218,outer0,xgboost,main,0.06861677020788193
4221,outer0,xgboost,main,0.053395263850688934
4226,outer0,xgboost,main,0.07260607182979584
4228,outer0,xgboost,main,0.11953995376825333
4237,outer0,xgboost,main,0.03142976015806198
4243,outer0,xgboost,main,0.04396536573767662
4244,outer0,xgboost,main,0.10602525621652603
4248,outer0,xgboost,main,0.03420209512114525
4262,outer0,xgboost,main,0.08016851544380188
4263,outer0,xgboost,main,0.05186287313699722
4276,outer0,xgboost,main,0.1581421196460724
4279,outer0,xgboost,main,0.05899529531598091
4285,outer0,xgboost,main,0.030224870890378952
4288,outer0,xgboost,main,0.1757282018661499
4295,outer0,xgboost,main,0.033822767436504364
4299,outer0,xgboost,main,0.055829741060733795
4305,outer0,xgboost,main,0.18393085896968842
4309,outer0,xgboost,main,0.07746763527393341
4312,outer0,xgboost,main,0.04282127693295479
4314,outer0,xgboost,main,0.407896488904953
4317,outer0,xgboost,main,0.03654168173670769
4327,outer0,xgboost,main,0.07255832850933075
4330,outer0,xgboost,main,0.26760149002075195
4337,outer0,xgboost,main,0.036540187895298004
4339,outer0,xgboost,main,0.02997903898358345
7,outer1,xgboost,main,0.04097795858979225
17,outer1,xgboost,main,0.10192834585905075
45,outer1,xgboost,main,0.043563343584537506
54,outer1,xgboost,main,0.03644612058997154
61,outer1,xgboost,main,0.1697840392589569
62,outer1,xgboost,main,0.14475080370903015
65,outer1,xgboost,main,0.1344209909439087
74,outer1,xgboost,main,0.05156490579247475
76,outer1,xgboost,main,0.044645052403211594
80,outer1,xgboost,main,0.6570050716400146
81,outer1,xgboost,main,0.17584508657455444
84,outer1,xgboost,main,0.07646625488996506
85,outer1,xgboost,main,0.02143510989844799
101,outer1,xgboost,main,0.21292245388031006
112,outer1,xgboost,main,0.039255764335393906
116,outer1,xgboost,main,0.022880494594573975
117,outer1,xgboost,main,0.24452756345272064
126,outer1,xgboost,main,0.08644883334636688
131,outer1,xgboost,main,0.11166241765022278
141,outer1,xgboost,main,0.4594855010509491
157,outer1,xgboost,main,0.10933804512023926
159,outer1,xgboost,main,0.05405408889055252
161,outer1,xgboost,main,0.3569670021533966
165,outer1,xgboost,main,0.0867864340543747
166,outer1,xgboost,main,0.022450903430581093
176,outer1,xgboost,main,0.13951775431632996
179,outer1,xgboost,main,0.016308153048157692
182,outer1,xgboost,main,0.03732067719101906
183,outer1,xgboost,main,0.0606936477124691
184,outer1,xgboost,main,0.03310761600732803
190,outer1,xgboost,main,0.10172706842422485
198,outer1,xgboost,main,0.621548056602478
200,outer1,xgboost,main,0.1609942764043808
208,outer1,xgboost,main,0.11052814871072769
214,outer1,xgboost,main,0.01446592528373003
215,outer1,xgboost,main,0.07662546634674072
236,outer1,xgboost,main,0.023374151438474655
241,outer1,xgboost,main,0.03160552680492401
245,outer1,xgboost,main,0.11719011515378952
247,outer1,xgboost,main,0.03625589981675148
251,outer1,xgboost,main,0.1713603287935257
253,outer1,xgboost,main,0.15651839971542358
263,outer1,xgboost,main,0.1689535230398178
264,outer1,xgboost,main,0.05548039451241493
266,outer1,xgboost,main,0.12563350796699524
274,outer1,xgboost,main,0.08159498125314713
277,outer1,xgboost,main,0.2637927532196045
280,outer1,xgboost,main,0.06660180538892746
283,outer1,xgboost,main,0.08996710926294327
285,outer1,xgboost,main,0.15119653940200806
298,outer1,xgboost,main,0.17448845505714417
302,outer1,xgboost,main,0.04287147521972656
307,outer1,xgboost,main,0.06987054646015167
310,outer1,xgboost,main,0.07002229988574982
317,outer1,xgboost,main,0.060714397579431534
321,outer1,xgboost,main,0.21181796491146088
323,outer1,xgboost,main,0.10427780449390411
331,outer1,xgboost,main,0.1373719573020935
333,outer1,xgboost,main,0.12590494751930237
337,outer1,xgboost,main,0.12901872396469116
363,outer1,xgboost,main,0.1558985710144043
374,outer1,xgboost,main,0.10113637894392014
394,outer1,xgboost,main,0.11025338619947433
415,outer1,xgboost,main,0.13104641437530518
417,outer1,xgboost,main,0.20982877910137177
429,outer1,xgboost,main,0.03984604403376579
430,outer1,xgboost,main,0.3274585008621216
440,outer1,xgboost,main,0.09576112031936646
446,outer1,xgboost,main,0.06915470957756042
447,outer1,xgboost,main,0.0958317443728447
448,outer1,xgboost,main,0.15380489826202393
457,outer1,xgboost,main,0.10047400742769241
460,outer1,xgboost,main,0.04769204184412956
461,outer1,xgboost,main,0.18429873883724213
466,outer1,xgboost,main,0.3388764560222626
471,outer1,xgboost,main,0.04097909480333328
475,outer1,xgboost,main,0.08276762813329697
477,outer1,xgboost,main,0.10062780976295471
479,outer1,xgboost,main,0.029365815222263336
487,outer1,xgboost,main,0.018772311508655548
490,outer1,xgboost,main,0.39888784289360046
492,outer1,xgboost,main,0.11618709564208984
493,outer1,xgboost,main,0.11208626627922058
497,outer1,xgboost,main,0.03013618476688862
503,outer1,xgboost,main,0.24862289428710938
507,outer1,xgboost,main,0.10974857956171036
510,outer1,xgboost,main,0.3444356918334961
514,outer1,xgboost,main,0.038918815553188324
516,outer1,xgboost,main,0.027247102931141853
535,outer1,xgboost,main,0.20500905811786652
537,outer1,xgboost,main,0.022814569994807243
541,outer1,xgboost,main,0.1057758703827858
551,outer1,xgboost,main,0.07471390068531036
552,outer1,xgboost,main,0.35915881395339966
555,outer1,xgboost,main,0.10609804838895798
557,outer1,xgboost,main,0.03375473618507385
562,outer1,xgboost,main,0.01514376513659954
566,outer1,xgboost,main,0.02666291780769825
570,outer1,xgboost,main,0.06640512496232986
573,outer1,xgboost,main,0.02554750256240368
574,outer1,xgboost,main,0.03841458633542061
581,outer1,xgboost,main,0.06487690657377243
584,outer1,xgboost,main,0.14906151592731476
587,outer1,xgboost,main,0.10201333463191986
593,outer1,xgboost,main,0.18131347000598907
596,outer1,xgboost,main,0.08547425270080566
603,outer1,xgboost,main,0.03452151268720627
605,outer1,xgboost,main,0.03093588352203369
606,outer1,xgboost,main,0.055969078093767166
608,outer1,xgboost,main,0.018721360713243484
610,outer1,xgboost,main,0.14010018110275269
612,outer1,xgboost,main,0.03659828379750252
615,outer1,xgboost,main,0.04267081245779991
627,outer1,xgboost,main,0.10867880284786224
628,outer1,xgboost,main,0.030979715287685394
630,outer1,xgboost,main,0.021275687962770462
631,outer1,xgboost,main,0.03018556721508503
633,outer1,xgboost,main,0.059782810509204865
634,outer1,xgboost,main,0.12962095439434052
635,outer1,xgboost,main,0.044213488698005676
640,outer1,xgboost,main,0.15536555647850037
641,outer1,xgboost,main,0.04368371143937111
643,outer1,xgboost,main,0.045760154724121094
647,outer1,xgboost,main,0.042035941034555435
650,outer1,xgboost,main,0.019438279792666435
656,outer1,xgboost,main,0.11136539280414581
657,outer1,xgboost,main,0.07645586878061295
658,outer1,xgboost,main,0.11351372301578522
661,outer1,xgboost,main,0.21664628386497498
662,outer1,xgboost,main,0.03598173335194588
670,outer1,xgboost,main,0.019417786970734596
675,outer1,xgboost,main,0.028705023229122162
681,outer1,xgboost,main,0.0875551775097847
691,outer1,xgboost,main,0.029767431318759918
694,outer1,xgboost,main,0.02827826887369156
698,outer1,xgboost,main,0.04240609332919121
709,outer1,xgboost,main,0.01644970290362835
710,outer1,xgboost,main,0.08068545907735825
712,outer1,xgboost,main,0.0323462188243866
713,outer1,xgboost,main,0.019932789728045464
714,outer1,xgboost,main,0.039233751595020294
715,outer1,xgboost,main,0.051289401948451996
718,outer1,xgboost,main,0.11901627480983734
725,outer1,xgboost,main,0.036312684416770935
731,outer1,xgboost,main,0.06383547186851501
732,outer1,xgboost,main,0.03356790915131569
737,outer1,xgboost,main,0.12506553530693054
739,outer1,xgboost,main,0.039334096014499664
740,outer1,xgboost,main,0.023719128221273422
743,outer1,xgboost,main,0.02790241874754429
745,outer1,xgboost,main,0.05411021411418915
758,outer1,xgboost,main,0.025824865326285362
759,outer1,xgboost,main,0.026849456131458282
773,outer1,xgboost,main,0.06892677396535873
780,outer1,xgboost,main,0.10748234391212463
783,outer1,xgboost,main,0.18573297560214996
787,outer1,xgboost,main,0.6687994599342346
790,outer1,xgboost,main,0.19735750555992126
793,outer1,xgboost,main,0.04191365838050842
794,outer1,xgboost,main,0.027141310274600983
796,outer1,xgboost,main,0.027822088450193405
797,outer1,xgboost,main,0.0899006649851799
798,outer1,xgboost,main,0.12013357132673264
808,outer1,xgboost,main,0.03189791366457939
809,outer1,xgboost,main,0.36089664697647095
833,outer1,xgboost,main,0.06030948832631111
837,outer1,xgboost,main,0.15520134568214417
844,outer1,xgboost,main,0.044470127671957016
848,outer1,xgboost,main,0.03201143071055412
851,outer1,xgboost,main,0.06496771425008774
858,outer1,xgboost,main,0.09628794342279434
861,outer1,xgboost,main,0.04002948850393295
866,outer1,xgboost,main,0.538053572177887
867,outer1,xgboost,main,0.030942510813474655
873,outer1,xgboost,main,0.08294426649808884
875,outer1,xgboost,main,0.05273197591304779
878,outer1,xgboost,main,0.05100477114319801
885,outer1,xgboost,main,0.0618693009018898
887,outer1,xgboost,main,0.12185107171535492
891,outer1,xgboost,main,0.044223252683877945
896,outer1,xgboost,main,0.15006062388420105
897,outer1,xgboost,main,0.09106466919183731
901,outer1,xgboost,main,0.05283185467123985
906,outer1,xgboost,main,0.09526308625936508
909,outer1,xgboost,main,0.2881104648113251
922,outer1,xgboost,main,0.5730401277542114
924,outer1,xgboost,main,0.021070407703518867
926,outer1,xgboost,main,0.17127828299999237
931,outer1,xgboost,main,0.16225844621658325
932,outer1,xgboost,main,0.03905060142278671
935,outer1,xgboost,main,0.05283937230706215
936,outer1,xgboost,main,0.042478784918785095
937,outer1,xgboost,main,0.033064886927604675
939,outer1,xgboost,main,0.0953148826956749
952,outer1,xgboost,main,0.16556546092033386
954,outer1,xgboost,main,0.032217975705862045
957,outer1,xgboost,main,0.040735069662332535
960,outer1,xgboost,main,0.05864204838871956
961,outer1,xgboost,main,0.23094896972179413
962,outer1,xgboost,main,0.028520135208964348
969,outer1,xgboost,main,0.043752606958150864
976,outer1,xgboost,main,0.1831851750612259
997,outer1,xgboost,main,0.0804029256105423
998,outer1,xgboost,main,0.08448538929224014
1002,outer1,xgboost,main,0.024524342268705368
1004,outer1,xgboost,main,0.05982602387666702
1013,outer1,xgboost,main,0.09197082370519638
1020,outer1,xgboost,main,0.04498216137290001
1022,outer1,xgboost,main,0.1347913295030594
1038,outer1,xgboost,main,0.045654330402612686
1051,outer1,xgboost,main,0.052714619785547256
1055,outer1,xgboost,main,0.02000533975660801
1062,outer1,xgboost,main,0.02107623592019081
1065,outer1,xgboost,main,0.06517419219017029
1072,outer1,xgboost,main,0.17423951625823975
1078,outer1,xgboost,main,0.1309649497270584
1084,outer1,xgboost,main,0.09208337962627411
1087,outer1,xgboost,main,0.1233229711651802
1089,outer1,xgboost,main,0.05968901515007019
1103,outer1,xgboost,main,0.04783613234758377
1107,outer1,xgboost,main,0.23800337314605713
1110,outer1,xgboost,main,0.04812242090702057
1122,outer1,xgboost,main,0.20864476263523102
1126,outer1,xgboost,main,0.1891622096300125
1129,outer1,xgboost,main,0.046882592141628265
1134,outer1,xgboost,main,0.08344355970621109
1142,outer1,xgboost,main,0.11682756245136261
1143,outer1,xgboost,main,0.07816142588853836
1146,outer1,xgboost,main,0.040737248957157135
1162,outer1,xgboost,main,0.031261760741472244
1167,outer1,xgboost,main,0.04899923503398895
1170,outer1,xgboost,main,0.07891106605529785
1173,outer1,xgboost,main,0.2833951413631439
1178,outer1,xgboost,main,0.015591050498187542
1181,outer1,xgboost,main,0.1395796835422516
1184,outer1,xgboost,main,0.06955842673778534
1188,outer1,xgboost,main,0.2403220385313034
1197,outer1,xgboost,main,0.03148829936981201
1204,outer1,xgboost,main,0.04804820939898491
1205,outer1,xgboost,main,0.02194690704345703
1208,outer1,xgboost,main,0.05167292803525925
1211,outer1,xgboost,main,0.04975627735257149
1219,outer1,xgboost,main,0.038123611360788345
1225,outer1,xgboost,main,0.03438321873545647
1227,outer1,xgboost,main,0.10068240761756897
1228,outer1,xgboost,main,0.03098038211464882
1241,outer1,xgboost,main,0.07558609545230865
1246,outer1,xgboost,main,0.016379062086343765
1247,outer1,xgboost,main,0.3811095952987671
1248,outer1,xgboost,main,0.14217354357242584
1249,outer1,xgboost,main,0.042044226080179214
1253,outer1,xgboost,main,0.0975770652294159
1258,outer1,xgboost,main,0.04139344021677971
1260,outer1,xgboost,main,0.04395003244280815
1264,outer1,xgboost,main,0.11157570779323578
1265,outer1,xgboost,main,0.24686868488788605
1267,outer1,xgboost,main,0.2796565294265747
1271,outer1,xgboost,main,0.06896888464689255
1273,outer1,xgboost,main,0.032606713473796844
1274,outer1,xgboost,main,0.05500993877649307
1275,outer1,xgboost,main,0.10131637752056122
1284,outer1,xgboost,main,0.03940936550498009
1291,outer1,xgboost,main,0.13524767756462097
1296,outer1,xgboost,main,0.07191099226474762
1298,outer1,xgboost,main,0.47211790084838867
1300,outer1,xgboost,main,0.26401466131210327
1313,outer1,xgboost,main,0.15562716126441956
1316,outer1,xgboost,main,0.04449770227074623
1320,outer1,xgboost,main,0.10327707976102829
1326,outer1,xgboost,main,0.026192601770162582
1327,outer1,xgboost,main,0.10872144252061844
1329,outer1,xgboost,main,0.08224671334028244
1334,outer1,xgboost,main,0.09642960131168365
1340,outer1,xgboost,main,0.09370620548725128
1347,outer1,xgboost,main,0.2567306160926819
1348,outer1,xgboost,main,0.17506977915763855
1352,outer1,xgboost,main,0.025558780878782272
1357,outer1,xgboost,main,0.09014710783958435
1361,outer1,xgboost,main,0.1085704118013382
1364,outer1,xgboost,main,0.022879157215356827
1370,outer1,xgboost,main,0.02362930215895176
1375,outer1,xgboost,main,0.09357698261737823
1378,outer1,xgboost,main,0.07181225717067719
1388,outer1,xgboost,main,0.062223900109529495
1391,outer1,xgboost,main,0.2447054386138916
1393,outer1,xgboost,main,0.16318266093730927
1396,outer1,xgboost,main,0.023567473515868187
1403,outer1,xgboost,main,0.029838748276233673
1404,outer1,xgboost,main,0.03773389384150505
1423,outer1,xgboost,main,0.009844296611845493
1424,outer1,xgboost,main,0.13797248899936676
1427,outer1,xgboost,main,0.11977327615022659
1435,outer1,xgboost,main,0.07158893346786499
1436,outer1,xgboost,main,0.08370201289653778
1438,outer1,xgboost,main,0.15358193218708038
1442,outer1,xgboost,main,0.1914326399564743
1445,outer1,xgboost,main,0.06136149913072586
1446,outer1,xgboost,main,0.10645464062690735
1447,outer1,xgboost,main,0.022636381909251213
1450,outer1,xgboost,main,0.17079991102218628
1453,outer1,xgboost,main,0.08687054365873337
1455,outer1,xgboost,main,0.07263161242008209
1461,outer1,xgboost,main,0.01818156987428665
1469,outer1,xgboost,main,0.03416508436203003
1471,outer1,xgboost,main,0.14880071580410004
1477,outer1,xgboost,main,0.07780608534812927
1482,outer1,xgboost,main,0.061784777790308
1494,outer1,xgboost,main,0.03253990039229393
1501,outer1,xgboost,main,0.06341962516307831
1505,outer1,xgboost,main,0.022844631224870682
1507,outer1,xgboost,main,0.05039669945836067
1514,outer1,xgboost,main,0.3987153470516205
1518,outer1,xgboost,main,0.04042033106088638
1519,outer1,xgboost,main,0.031729310750961304
1535,outer1,xgboost,main,0.0348164439201355
1536,outer1,xgboost,main,0.23672764003276825
1539,outer1,xgboost,main,0.02166431024670601
1543,outer1,xgboost,main,0.05651732534170151
1548,outer1,xgboost,main,0.07109977304935455
1552,outer1,xgboost,main,0.3290952444076538
1562,outer1,xgboost,main,0.037744030356407166
1567,outer1,xgboost,main,0.43770086765289307
1575,outer1,xgboost,main,0.04374202340841293
1582,outer1,xgboost,main,0.0396995022892952
1583,outer1,xgboost,main,0.036422859877347946
1593,outer1,xgboost,main,0.1946909874677658
1596,outer1,xgboost,main,0.08616599440574646
1597,outer1,xgboost,main,0.05919187515974045
1601,outer1,xgboost,main,0.011487072333693504
1612,outer1,xgboost,main,0.024602381512522697
1623,outer1,xgboost,main,0.023984462022781372
1626,outer1,xgboost,main,0.03528584912419319
1627,outer1,xgboost,main,0.09669289737939835
1631,outer1,xgboost,main,0.043998148292303085
1636,outer1,xgboost,main,0.1286299079656601
1637,outer1,xgboost,main,0.04002169519662857
1641,outer1,xgboost,main,0.042405564337968826
1642,outer1,xgboost,main,0.046710770577192307
1648,outer1,xgboost,main,0.21750929951667786
1649,outer1,xgboost,main,0.022789528593420982
1653,outer1,xgboost,main,0.13959458470344543
1671,outer1,xgboost,main,0.15607181191444397
1675,outer1,xgboost,main,0.12899205088615417
1677,outer1,xgboost,main,0.1545279622077942
1684,outer1,xgboost,main,0.032407499849796295
1685,outer1,xgboost,main,0.20843999087810516
1688,outer1,xgboost,main,0.08820357918739319
1701,outer1,xgboost,main,0.020168939605355263
1707,outer1,xgboost,main,0.14229440689086914
1709,outer1,xgboost,main,0.07347605377435684
1721,outer1,xgboost,main,0.14807432889938354
1736,outer1,xgboost,main,0.0993441492319107
1737,outer1,xgboost,main,0.13845191895961761
1744,outer1,xgboost,main,0.09047360718250275
1751,outer1,xgboost,main,0.10082674026489258
1755,outer1,xgboost,main,0.04910515621304512
1759,outer1,xgboost,main,0.06855204701423645
1768,outer1,xgboost,main,0.04058128595352173
1773,outer1,xgboost,main,0.085052989423275
1776,outer1,xgboost,main,0.021430404856801033
1780,outer1,xgboost,main,0.05225294455885887
1787,outer1,xgboost,main,0.34899574518203735
1795,outer1,xgboost,main,0.1904008835554123
1799,outer1,xgboost,main,0.05195474997162819
1800,outer1,xgboost,main,0.063510462641716
1801,outer1,xgboost,main,0.06219552457332611
1810,outer1,xgboost,main,0.058209944516420364
1812,outer1,xgboost,main,0.02448704093694687
1833,outer1,xgboost,main,0.05485359951853752
1834,outer1,xgboost,main,0.10553078353404999
1836,outer1,xgboost,main,0.020654156804084778
1838,outer1,xgboost,main,0.016185399144887924
1844,outer1,xgboost,main,0.1471860557794571
1846,outer1,xgboost,main,0.022052431479096413
1850,outer1,xgboost,main,0.05529932677745819
1854,outer1,xgboost,main,0.06148219481110573
1855,outer1,xgboost,main,0.17376521229743958
1858,outer1,xgboost,main,0.03633606433868408
1873,outer1,xgboost,main,0.06292417645454407
1883,outer1,xgboost,main,0.10799815505743027
1884,outer1,xgboost,main,0.05500847101211548
1887,outer1,xgboost,main,0.030751222744584084
1907,outer1,xgboost,main,0.38609579205513
1913,outer1,xgboost,main,0.055024515837430954
1920,outer1,xgboost,main,0.05937182530760765
1921,outer1,xgboost,main,0.12454843521118164
1929,outer1,xgboost,main,0.10820899158716202
1930,outer1,xgboost,main,0.03352651745080948
1931,outer1,xgboost,main,0.04076538607478142
1946,outer1,xgboost,main,0.1217932403087616
1949,outer1,xgboost,main,0.047648604959249496
1950,outer1,xgboost,main,0.08826278895139694
1955,outer1,xgboost,main,0.052536141127347946
1962,outer1,xgboost,main,0.04284461587667465
1963,outer1,xgboost,main,0.035274334251880646
1966,outer1,xgboost,main,0.049622371792793274
1967,outer1,xgboost,main,0.05041797459125519
1973,outer1,xgboost,main,0.022826651111245155
1974,outer1,xgboost,main,0.0762690082192421
1994,outer1,xgboost,main,0.03661742061376572
2002,outer1,xgboost,main,0.026746980845928192
2003,outer1,xgboost,main,0.047996360808610916
2005,outer1,xgboost,main,0.11541438102722168
2008,outer1,xgboost,main,0.07055776566267014
2016,outer1,xgboost,main,0.07272431254386902
2018,outer1,xgboost,main,0.05393827706575394
2019,outer1,xgboost,main,0.05166887491941452
2021,outer1,xgboost,main,0.033334627747535706
2023,outer1,xgboost,main,0.0718730241060257
2025,outer1,xgboost,main,0.09413215517997742
2027,outer1,xgboost,main,0.055934835225343704
2031,outer1,xgboost,main,0.03821064531803131
2033,outer1,xgboost,main,0.024115076288580894
2036,outer1,xgboost,main,0.05268319696187973
2038,outer1,xgboost,main,0.1432211846113205
2046,outer1,xgboost,main,0.08192505687475204
2047,outer1,xgboost,main,0.0384163036942482
2052,outer1,xgboost,main,0.0339357815682888
2055,outer1,xgboost,main,0.24497853219509125
2058,outer1,xgboost,main,0.04823567718267441
2063,outer1,xgboost,main,0.17144089937210083
2070,outer1,xgboost,main,0.21983283758163452
2071,outer1,xgboost,main,0.04647386819124222
2081,outer1,xgboost,main,0.17782151699066162
2083,outer1,xgboost,main,0.02435765415430069
2085,outer1,xgboost,main,0.05196453258395195
2088,outer1,xgboost,main,0.03637617453932762
2090,outer1,xgboost,main,0.03403598070144653
2112,outer1,xgboost,main,0.20564444363117218
2120,outer1,xgboost,main,0.10153382271528244
2123,outer1,xgboost,main,0.1679433137178421
2130,outer1,xgboost,main,0.10080812871456146
2135,outer1,xgboost,main,0.023965708911418915
2138,outer1,xgboost,main,0.021842941641807556
2141,outer1,xgboost,main,0.042137134820222855
2147,outer1,xgboost,main,0.18421190977096558
2148,outer1,xgboost,main,0.1872183382511139
2151,outer1,xgboost,main,0.06653642654418945
2155,outer1,xgboost,main,0.025350166484713554
2167,outer1,xgboost,main,0.18101783096790314
2170,outer1,xgboost,main,0.0706615149974823
2173,outer1,xgboost,main,0.12490253150463104
2180,outer1,xgboost,main,0.013856498524546623
2181,outer1,xgboost,main,0.07588950544595718
2187,outer1,xgboost,main,0.1708959937095642
2189,outer1,xgboost,main,0.4226829409599304
2190,outer1,xgboost,main,0.07349460572004318
2192,outer1,xgboost,main,0.05376206710934639
2197,outer1,xgboost,main,0.08717727661132812
2201,outer1,xgboost,main,0.03248167783021927
2209,outer1,xgboost,main,0.07561159878969193
2210,outer1,xgboost,main,0.07089992612600327
2215,outer1,xgboost,main,0.03902453929185867
2216,outer1,xgboost,main,0.05141332373023033
2218,outer1,xgboost,main,0.06572596728801727
2228,outer1,xgboost,main,0.06047263368964195
2239,outer1,xgboost,main,0.059470757842063904
2243,outer1,xgboost,main,0.047596290707588196
2245,outer1,xgboost,main,0.012189952656626701
2253,outer1,xgboost,main,0.06785261631011963
2258,outer1,xgboost,main,0.024121278896927834
2267,outer1,xgboost,main,0.2652398943901062
2274,outer1,xgboost,main,0.043100323528051376
2277,outer1,xgboost,main,0.06803916394710541
2279,outer1,xgboost,main,0.03259545937180519
2280,outer1,xgboost,main,0.14777664840221405
2288,outer1,xgboost,main,0.09207720309495926
2311,outer1,xgboost,main,0.13771040737628937
2330,outer1,xgboost,main,0.09437340497970581
2346,outer1,xgboost,main,0.4875003695487976
2348,outer1,xgboost,main,0.06425978988409042
2354,outer1,xgboost,main,0.0559893362224102
2359,outer1,xgboost,main,0.015319052152335644
2370,outer1,xgboost,main,0.3440453112125397
2373,outer1,xgboost,main,0.09605430066585541
2381,outer1,xgboost,main,0.10131550580263138
2386,outer1,xgboost,main,0.06515447795391083
2387,outer1,xgboost,main,0.09153633564710617
2391,outer1,xgboost,main,0.3523900806903839
2393,outer1,xgboost,main,0.26569515466690063
2399,outer1,xgboost,main,0.29878664016723633
2400,outer1,xgboost,main,0.056199874728918076
2407,outer1,xgboost,main,0.035033658146858215
2409,outer1,xgboost,main,0.06335695087909698
2412,outer1,xgboost,main,0.061644576489925385
2413,outer1,xgboost,main,0.2898186445236206
2419,outer1,xgboost,main,0.022019989788532257
2420,outer1,xgboost,main,0.06166714057326317
2424,outer1,xgboost,main,0.03358446806669235
2427,outer1,xgboost,main,0.0510849691927433
2438,outer1,xgboost,main,0.030576640740036964
2439,outer1,xgboost,main,0.10881707072257996
2440,outer1,xgboost,main,0.04112919792532921
2443,outer1,xgboost,main,0.03396472707390785
2448,outer1,xgboost,main,0.1508771926164627
2450,outer1,xgboost,main,0.2476930022239685
2452,outer1,xgboost,main,0.1374969631433487
2454,outer1,xgboost,main,0.08292010426521301
2459,outer1,xgboost,main,0.055625490844249725
2460,outer1,xgboost,main,0.016746964305639267
2471,outer1,xgboost,main,0.041494786739349365
2474,outer1,xgboost,main,0.04823940992355347
2480,outer1,xgboost,main,0.071598120033741
2483,outer1,xgboost,main,0.13653144240379333
2490,outer1,xgboost,main,0.060368917882442474
2496,outer1,xgboost,main,0.03394756466150284
2507,outer1,xgboost,main,0.024330370128154755
2514,outer1,xgboost,main,0.013670562766492367
2516,outer1,xgboost,main,0.06749501079320908
2517,outer1,xgboost,main,0.08974701166152954
2519,outer1,xgboost,main,0.060478974133729935
2520,outer1,xgboost,main,0.18160013854503632
2523,outer1,xgboost,main,0.050024501979351044
2524,outer1,xgboost,main,0.04957631602883339
2526,outer1,xgboost,main,0.025979984551668167
2528,outer1,xgboost,main,0.050138209015131
2533,outer1,xgboost,main,0.06466012448072433
2539,outer1,xgboost,main,0.23522984981536865
2540,outer1,xgboost,main,0.18256928026676178
2544,outer1,xgboost,main,0.05148593336343765
2550,outer1,xgboost,main,0.05154029652476311
2555,outer1,xgboost,main,0.03753866255283356
2556,outer1,xgboost,main,0.05454457178711891
2557,outer1,xgboost,main,0.06583826243877411
2565,outer1,xgboost,main,0.09454125910997391
2567,outer1,xgboost,main,0.03966924548149109
2575,outer1,xgboost,main,0.016622701659798622
2577,outer1,xgboost,main,0.048603832721710205
2578,outer1,xgboost,main,0.03719427064061165
2579,outer1,xgboost,main,0.11703462898731232
2587,outer1,xgboost,main,0.06053795665502548
2598,outer1,xgboost,main,0.0410095639526844
2616,outer1,xgboost,main,0.04886016249656677
2627,outer1,xgboost,main,0.025096187368035316
2628,outer1,xgboost,main,0.044692493975162506
2636,outer1,xgboost,main,0.4210766553878784
2638,outer1,xgboost,main,0.1728876680135727
2640,outer1,xgboost,main,0.11043388396501541
2644,outer1,xgboost,main,0.061717912554740906
2646,outer1,xgboost,main,0.16429026424884796
2650,outer1,xgboost,main,0.07976703345775604
2651,outer1,xgboost,main,0.035392437130212784
2652,outer1,xgboost,main,0.09585308283567429
2653,outer1,xgboost,main,0.17426861822605133
2662,outer1,xgboost,main,0.6644249558448792
2663,outer1,xgboost,main,0.09125582128763199
2666,outer1,xgboost,main,0.22099626064300537
2667,outer1,xgboost,main,0.02033611573278904
2670,outer1,xgboost,main,0.18300004303455353
2671,outer1,xgboost,main,0.06215370446443558
2672,outer1,xgboost,main,0.06497488170862198
2675,outer1,xgboost,main,0.0404069721698761
2680,outer1,xgboost,main,0.1011342778801918
2701,outer1,xgboost,main,0.04045553132891655
2704,outer1,xgboost,main,0.06559411436319351
2720,outer1,xgboost,main,0.06252110749483109
2731,outer1,xgboost,main,0.23223116993904114
2744,outer1,xgboost,main,0.11057057976722717
2750,outer1,xgboost,main,0.018314426764845848
2754,outer1,xgboost,main,0.013345845974981785
2762,outer1,xgboost,main,0.19346413016319275
2764,outer1,xgboost,main,0.05688844621181488
2766,outer1,xgboost,main,0.4772695004940033
2772,outer1,xgboost,main,0.07197219878435135
2773,outer1,xgboost,main,0.10670756548643112
2777,outer1,xgboost,main,0.175455242395401
2779,outer1,xgboost,main,0.04902853071689606
2794,outer1,xgboost,main,0.021850043907761574
2796,outer1,xgboost,main,0.08037193864583969
2804,outer1,xgboost,main,0.02397249825298786
2806,outer1,xgboost,main,0.07291289418935776
2807,outer1,xgboost,main,0.07074332982301712
2811,outer1,xgboost,main,0.15566019713878632
2814,outer1,xgboost,main,0.09326863288879395
2815,outer1,xgboost,main,0.49403291940689087
2817,outer1,xgboost,main,0.05350116267800331
2825,outer1,xgboost,main,0.08540040999650955
2826,outer1,xgboost,main,0.5348746180534363
2833,outer1,xgboost,main,0.04927419126033783
2835,outer1,xgboost,main,0.07753922790288925
2844,outer1,xgboost,main,0.09502645581960678
2847,outer1,xgboost,main,0.041820403188467026
2857,outer1,xgboost,main,0.033762987703084946
2860,outer1,xgboost,main,0.02205626294016838
2864,outer1,xgboost,main,0.035803016275167465
2866,outer1,xgboost,main,0.050179533660411835
2871,outer1,xgboost,main,0.08639130741357803
2872,outer1,xgboost,main,0.05737069621682167
2873,outer1,xgboost,main,0.2034170776605606
2877,outer1,xgboost,main,0.1137443333864212
2885,outer1,xgboost,main,0.0784284844994545
2893,outer1,xgboost,main,0.019997941330075264
2895,outer1,xgboost,main,0.29028773307800293
2906,outer1,xgboost,main,0.0622338131070137
2907,outer1,xgboost,main,0.04854375869035721
2911,outer1,xgboost,main,0.1476782113313675
2913,outer1,xgboost,main,0.1541317105293274
2922,outer1,xgboost,main,0.021461116150021553
2924,outer1,xgboost,main,0.044831156730651855
2929,outer1,xgboost,main,0.24157406389713287
2931,outer1,xgboost,main,0.23221270740032196
2933,outer1,xgboost,main,0.032848507165908813
2951,outer1,xgboost,main,0.0750148668885231
2972,outer1,xgboost,main,0.04898875951766968
2974,outer1,xgboost,main,0.01987025886774063
2975,outer1,xgboost,main,0.08049948513507843
2979,outer1,xgboost,main,0.1741083264350891
2988,outer1,xgboost,main,0.047817375510931015
2990,outer1,xgboost,main,0.052162930369377136
2997,outer1,xgboost,main,0.05585826188325882
3000,outer1,xgboost,main,0.09863092750310898
3008,outer1,xgboost,main,0.04294854402542114
3013,outer1,xgboost,main,0.07363525778055191
3026,outer1,xgboost,main,0.04027184844017029
3031,outer1,xgboost,main,0.06408479064702988
3033,outer1,xgboost,main,0.2310265153646469
3046,outer1,xgboost,main,0.31209954619407654
3047,outer1,xgboost,main,0.059730324894189835
3054,outer1,xgboost,main,0.03303088620305061
3068,outer1,xgboost,main,0.1367034912109375
3072,outer1,xgboost,main,0.23621979355812073
3090,outer1,xgboost,main,0.37097206711769104
3094,outer1,xgboost,main,0.012455540709197521
3097,outer1,xgboost,main,0.05058325082063675
3099,outer1,xgboost,main,0.06175500527024269
3101,outer1,xgboost,main,0.054405584931373596
3114,outer1,xgboost,main,0.3168477416038513
3115,outer1,xgboost,main,0.09119448810815811
3118,outer1,xgboost,main,0.1400851309299469
3120,outer1,xgboost,main,0.20711295306682587
3124,outer1,xgboost,main,0.21301551163196564
3130,outer1,xgboost,main,0.19717071950435638
3144,outer1,xgboost,main,0.18148130178451538
3146,outer1,xgboost,main,0.05051739513874054
3153,outer1,xgboost,main,0.27514398097991943
3158,outer1,xgboost,main,0.02684662491083145
3159,outer1,xgboost,main,0.07654234766960144
3174,outer1,xgboost,main,0.052196770906448364
3193,outer1,xgboost,main,0.1346597969532013
3195,outer1,xgboost,main,0.2515484094619751
3196,outer1,xgboost,main,0.025417562574148178
3197,outer1,xgboost,main,0.17201411724090576
3198,outer1,xgboost,main,0.13989043235778809
3213,outer1,xgboost,main,0.05501122400164604
3217,outer1,xgboost,main,0.20900864899158478
3219,outer1,xgboost,main,0.015839407220482826
3225,outer1,xgboost,main,0.1583867371082306
3228,outer1,xgboost,main,0.13590000569820404
3229,outer1,xgboost,main,0.02535862661898136
3234,outer1,xgboost,main,0.2959086298942566
3237,outer1,xgboost,main,0.10037395358085632
3246,outer1,xgboost,main,0.35950538516044617
3250,outer1,xgboost,main,0.1665654331445694
3259,outer1,xgboost,main,0.09324505180120468
3263,outer1,xgboost,main,0.04551445320248604
3275,outer1,xgboost,main,0.09769812226295471
3285,outer1,xgboost,main,0.024914495646953583
3290,outer1,xgboost,main,0.05309005081653595
3294,outer1,xgboost,main,0.0325905941426754
3299,outer1,xgboost,main,0.06945858895778656
3302,outer1,xgboost,main,0.032305680215358734
3326,outer1,xgboost,main,0.5308707356452942
3333,outer1,xgboost,main,0.3179519772529602
3343,outer1,xgboost,main,0.02456088364124298
3351,outer1,xgboost,main,0.11199509352445602
3355,outer1,xgboost,main,0.13063177466392517
3361,outer1,xgboost,main,0.5674908757209778
3363,outer1,xgboost,main,0.04664240777492523
3375,outer1,xgboost,main,0.03810924291610718
3377,outer1,xgboost,main,0.07676710188388824
3380,outer1,xgboost,main,0.14536146819591522
3402,outer1,xgboost,main,0.0938713550567627
3406,outer1,xgboost,main,0.043961137533187866
3409,outer1,xgboost,main,0.08955921232700348
3415,outer1,xgboost,main,0.07092957198619843
3422,outer1,xgboost,main,0.08280090987682343
3423,outer1,xgboost,main,0.1145387813448906
3424,outer1,xgboost,main,0.07339604198932648
3429,outer1,xgboost,main,0.0516912117600441
3432,outer1,xgboost,main,0.0722508653998375
3433,outer1,xgboost,main,0.04178585857152939
3437,outer1,xgboost,main,0.024619491770863533
3440,outer1,xgboost,main,0.10468777269124985
3441,outer1,xgboost,main,0.1411660611629486
3443,outer1,xgboost,main,0.04005361720919609
3446,outer1,xgboost,main,0.06288493424654007
3448,outer1,xgboost,main,0.40835997462272644
3449,outer1,xgboost,main,0.11640025675296783
3450,outer1,xgboost,main,0.04167868196964264
3456,outer1,xgboost,main,0.02121553383767605
3457,outer1,xgboost,main,0.04307432845234871
3465,outer1,xgboost,main,0.08393190056085587
3466,outer1,xgboost,main,0.13243645429611206
3467,outer1,xgboost,main,0.09541913866996765
3468,outer1,xgboost,main,0.2872354984283447
3469,outer1,xgboost,main,0.25744277238845825
3470,outer1,xgboost,main,0.020870821550488472
3471,outer1,xgboost,main,0.11298558115959167
3481,outer1,xgboost,main,0.10109133273363113
3482,outer1,xgboost,main,0.04766014963388443
3483,outer1,xgboost,main,0.041042059659957886
3498,outer1,xgboost,main,0.2967723309993744
3504,outer1,xgboost,main,0.07063890993595123
3505,outer1,xgboost,main,0.047913458198308945
3512,outer1,xgboost,main,0.28299155831336975
3513,outer1,xgboost,main,0.0675075352191925
3517,outer1,xgboost,main,0.06757961958646774
3518,outer1,xgboost,main,0.027199355885386467
3522,outer1,xgboost,main,0.21576166152954102
3527,outer1,xgboost,main,0.018203254789114
3528,outer1,xgboost,main,0.04384160041809082
3531,outer1,xgboost,main,0.04192770645022392
3543,outer1,xgboost,main,0.11456481367349625
3547,outer1,xgboost,main,0.03184676170349121
3548,outer1,xgboost,main,0.02719290927052498
3550,outer1,xgboost,main,0.034255120903253555
3552,outer1,xgboost,main,0.018901396542787552
3553,outer1,xgboost,main,0.0821106880903244
3561,outer1,xgboost,main,0.023853547871112823
3564,outer1,xgboost,main,0.07959167659282684
3565,outer1,xgboost,main,0.2803928852081299
3573,outer1,xgboost,main,0.026707317680120468
3580,outer1,xgboost,main,0.01604023575782776
3585,outer1,xgboost,main,0.09350313246250153
3587,outer1,xgboost,main,0.036003272980451584
3588,outer1,xgboost,main,0.2550533413887024
3593,outer1,xgboost,main,0.0431409627199173
3601,outer1,xgboost,main,0.10352035611867905
3603,outer1,xgboost,main,0.05770544335246086
3616,outer1,xgboost,main,0.05155529826879501
3618,outer1,xgboost,main,0.08088022470474243
3639,outer1,xgboost,main,0.11447718739509583
3640,outer1,xgboost,main,0.04894387349486351
3641,outer1,xgboost,main,0.08660642802715302
3646,outer1,xgboost,main,0.042078789323568344
3651,outer1,xgboost,main,0.12560348212718964
3653,outer1,xgboost,main,0.041372984647750854
3663,outer1,xgboost,main,0.1352621614933014
3664,outer1,xgboost,main,0.19009318947792053
3682,outer1,xgboost,main,0.05075319483876228
3690,outer1,xgboost,main,0.031487803906202316
3695,outer1,xgboost,main,0.0208217054605484
3699,outer1,xgboost,main,0.06610184907913208
3701,outer1,xgboost,main,0.050347112119197845
3705,outer1,xgboost,main,0.031076904386281967
3713,outer1,xgboost,main,0.08194641768932343
3715,outer1,xgboost,main,0.11959435045719147
3717,outer1,xgboost,main,0.022999754175543785
3721,outer1,xgboost,main,0.03121357224881649
3723,outer1,xgboost,main,0.25093725323677063
3729,outer1,xgboost,main,0.022391455247998238
3731,outer1,xgboost,main,0.0839778333902359
3736,outer1,xgboost,main,0.04439461976289749
3739,outer1,xgboost,main,0.024305051192641258
3741,outer1,xgboost,main,0.35342395305633545
3758,outer1,xgboost,main,0.10524587333202362
3759,outer1,xgboost,main,0.060003265738487244
3761,outer1,xgboost,main,0.044384345412254333
3762,outer1,xgboost,main,0.08907373249530792
3770,outer1,xgboost,main,0.02120106853544712
3773,outer1,xgboost,main,0.1070999875664711
3774,outer1,xgboost,main,0.031592242419719696
3781,outer1,xgboost,main,0.086884044110775
3784,outer1,xgboost,main,0.33098381757736206
3787,outer1,xgboost,main,0.050354696810245514
3792,outer1,xgboost,main,0.02640356868505478
3793,outer1,xgboost,main,0.05295422673225403
3794,outer1,xgboost,main,0.0177372545003891
3797,outer1,xgboost,main,0.08299142867326736
3812,outer1,xgboost,main,0.17801429331302643
3826,outer1,xgboost,main,0.04834286868572235
3828,outer1,xgboost,main,0.04511938989162445
3839,outer1,xgboost,main,0.10186268389225006
3840,outer1,xgboost,main,0.05507141724228859
3853,outer1,xgboost,main,0.23870763182640076
3856,outer1,xgboost,main,0.03384942188858986
3857,outer1,xgboost,main,0.015513322316110134
3868,outer1,xgboost,main,0.03471773862838745
3874,outer1,xgboost,main,0.05306793376803398
3878,outer1,xgboost,main,0.033331651240587234
3888,outer1,xgboost,main,0.05782945826649666
3889,outer1,xgboost,main,0.10913708060979843
3892,outer1,xgboost,main,0.07941758632659912
3905,outer1,xgboost,main,0.06359273195266724
3909,outer1,xgboost,main,0.047238003462553024
3915,outer1,xgboost,main,0.1095549464225769
3916,outer1,xgboost,main,0.228063702583313
3917,outer1,xgboost,main,0.08230356127023697
3919,outer1,xgboost,main,0.05748516693711281
3921,outer1,xgboost,main,0.03941482678055763
3927,outer1,xgboost,main,0.039342086762189865
3931,outer1,xgboost,main,0.04600793123245239
3943,outer1,xgboost,main,0.024876205250620842
3944,outer1,xgboost,main,0.06246465817093849
3953,outer1,xgboost,main,0.08369830250740051
3957,outer1,xgboost,main,0.503092885017395
3967,outer1,xgboost,main,0.028971588239073753
3970,outer1,xgboost,main,0.20484985411167145
3979,outer1,xgboost,main,0.029336918145418167
4000,outer1,xgboost,main,0.02200484275817871
4002,outer1,xgboost,main,0.07704473286867142
4014,outer1,xgboost,main,0.05509750172495842
4015,outer1,xgboost,main,0.6530768871307373
4037,outer1,xgboost,main,0.09439924359321594
4039,outer1,xgboost,main,0.2081499993801117
4041,outer1,xgboost,main,0.14682039618492126
4050,outer1,xgboost,main,0.2296922206878662
4056,outer1,xgboost,main,0.055158812552690506
4073,outer1,xgboost,main,0.058627426624298096
4077,outer1,xgboost,main,0.05817437544465065
4079,outer1,xgboost,main,0.051254212856292725
4088,outer1,xgboost,main,0.0988440290093422
4092,outer1,xgboost,main,0.6149876713752747
4093,outer1,xgboost,main,0.5134534239768982
4096,outer1,xgboost,main,0.022601326927542686
4098,outer1,xgboost,main,0.1966121792793274
4101,outer1,xgboost,main,0.027543965727090836
4102,outer1,xgboost,main,0.241949200630188
4103,outer1,xgboost,main,0.02192741259932518
4107,outer1,xgboost,main,0.08342041075229645
4110,outer1,xgboost,main,0.06848794966936111
4112,outer1,xgboost,main,0.20819704234600067
4117,outer1,xgboost,main,0.08310875296592712
4118,outer1,xgboost,main,0.03767826780676842
4131,outer1,xgboost,main,0.08340879529714584
4133,outer1,xgboost,main,0.0407458059489727
4144,outer1,xgboost,main,0.10312722623348236
4147,outer1,xgboost,main,0.048441082239151
4150,outer1,xgboost,main,0.025138769298791885
4152,outer1,xgboost,main,0.035106778144836426
4156,outer1,xgboost,main,0.05762426555156708
4161,outer1,xgboost,main,0.12477254867553711
4166,outer1,xgboost,main,0.10536535829305649
4168,outer1,xgboost,main,0.04833352565765381
4171,outer1,xgboost,main,0.10386600345373154
4177,outer1,xgboost,main,0.12912683188915253
4204,outer1,xgboost,main,0.030473172664642334
4205,outer1,xgboost,main,0.1534251868724823
4207,outer1,xgboost,main,0.33412718772888184
4210,outer1,xgboost,main,0.09325627982616425
4211,outer1,xgboost,main,0.2221013456583023
4215,outer1,xgboost,main,0.0356350913643837
4223,outer1,xgboost,main,0.054508913308382034
4224,outer1,xgboost,main,0.06173934042453766
4225,outer1,xgboost,main,0.14095893502235413
4233,outer1,xgboost,main,0.035185832530260086
4234,outer1,xgboost,main,0.2865968644618988
4239,outer1,xgboost,main,0.036337029188871384
4241,outer1,xgboost,main,0.05219848081469536
4249,outer1,xgboost,main,0.09640692919492722
4252,outer1,xgboost,main,0.054891474545001984
4255,outer1,xgboost,main,0.09012352675199509
4266,outer1,xgboost,main,0.03572401404380798
4268,outer1,xgboost,main,0.054469816386699677
4270,outer1,xgboost,main,0.15166784822940826
4281,outer1,xgboost,main,0.016365600749850273
4289,outer1,xgboost,main,0.06499213725328445
4292,outer1,xgboost,main,0.05101893097162247
4301,outer1,xgboost,main,0.299290269613266
4308,outer1,xgboost,main,0.014746843837201595
4318,outer1,xgboost,main,0.30604100227355957
4320,outer1,xgboost,main,0.07585053890943527
4321,outer1,xgboost,main,0.1353786289691925
4325,outer1,xgboost,main,0.06728769838809967
4336,outer1,xgboost,main,0.04038379341363907
4338,outer1,xgboost,main,0.3109331429004669
4344,outer1,xgboost,main,0.7031165361404419
4345,outer1,xgboost,main,0.2095640003681183
4346,outer1,xgboost,main,0.18978866934776306
4347,outer1,xgboost,main,0.08035722374916077
4,outer2,xgboost,main,0.10596920549869537
11,outer2,xgboost,main,0.04776223748922348
12,outer2,xgboost,main,0.14239677786827087
14,outer2,xgboost,main,0.11164432764053345
16,outer2,xgboost,main,0.0857708752155304
21,outer2,xgboost,main,0.025963151827454567
22,outer2,xgboost,main,0.4434497654438019
23,outer2,xgboost,main,0.10255817323923111
37,outer2,xgboost,main,0.09523741900920868
38,outer2,xgboost,main,0.0447881743311882
39,outer2,xgboost,main,0.12482061237096786
43,outer2,xgboost,main,0.10636246204376221
46,outer2,xgboost,main,0.17692908644676208
48,outer2,xgboost,main,0.07996530085802078
50,outer2,xgboost,main,0.03751127049326897
67,outer2,xgboost,main,0.0289525855332613
69,outer2,xgboost,main,0.0454166941344738
71,outer2,xgboost,main,0.10302535444498062
75,outer2,xgboost,main,0.06441545486450195
77,outer2,xgboost,main,0.043031901121139526
78,outer2,xgboost,main,0.05232479050755501
82,outer2,xgboost,main,0.11728575080633163
90,outer2,xgboost,main,0.033287011086940765
93,outer2,xgboost,main,0.13439106941223145
94,outer2,xgboost,main,0.06739822775125504
98,outer2,xgboost,main,0.07998104393482208
102,outer2,xgboost,main,0.11895102262496948
103,outer2,xgboost,main,0.13550396263599396
104,outer2,xgboost,main,0.12347475439310074
105,outer2,xgboost,main,0.26066094636917114
106,outer2,xgboost,main,0.04578356444835663
109,outer2,xgboost,main,0.06426869332790375
110,outer2,xgboost,main,0.39646416902542114
120,outer2,xgboost,main,0.02670888602733612
121,outer2,xgboost,main,0.07501602172851562
125,outer2,xgboost,main,0.11214588582515717
136,outer2,xgboost,main,0.1426682323217392
137,outer2,xgboost,main,0.048513345420360565
146,outer2,xgboost,main,0.06079670041799545
147,outer2,xgboost,main,0.13820329308509827
148,outer2,xgboost,main,0.041822925209999084
171,outer2,xgboost,main,0.24291890859603882
174,outer2,xgboost,main,0.06744837015867233
188,outer2,xgboost,main,0.04575590416789055
192,outer2,xgboost,main,0.1350162923336029
194,outer2,xgboost,main,0.039765432476997375
197,outer2,xgboost,main,0.045906491577625275
201,outer2,xgboost,main,0.05495801568031311
209,outer2,xgboost,main,0.10603592544794083
212,outer2,xgboost,main,0.35909226536750793
219,outer2,xgboost,main,0.040873944759368896
225,outer2,xgboost,main,0.1104409322142601
227,outer2,xgboost,main,0.0580669566988945
228,outer2,xgboost,main,0.040182456374168396
235,outer2,xgboost,main,0.05749627575278282
238,outer2,xgboost,main,0.04381030425429344
243,outer2,xgboost,main,0.0532362274825573
252,outer2,xgboost,main,0.0436931811273098
254,outer2,xgboost,main,0.05177348107099533
256,outer2,xgboost,main,0.04693038761615753
261,outer2,xgboost,main,0.10050792992115021
271,outer2,xgboost,main,0.22557485103607178
276,outer2,xgboost,main,0.044538043439388275
294,outer2,xgboost,main,0.04644584283232689
295,outer2,xgboost,main,0.08752723038196564
296,outer2,xgboost,main,0.08486773073673248
299,outer2,xgboost,main,0.18337386846542358
300,outer2,xgboost,main,0.0607573576271534
301,outer2,xgboost,main,0.10138709843158722
305,outer2,xgboost,main,0.058462467044591904
311,outer2,xgboost,main,0.04615580290555954
314,outer2,xgboost,main,0.041096676141023636
318,outer2,xgboost,main,0.044976793229579926
319,outer2,xgboost,main,0.05524783581495285
336,outer2,xgboost,main,0.08091440796852112
349,outer2,xgboost,main,0.046637363731861115
350,outer2,xgboost,main,0.07767438143491745
354,outer2,xgboost,main,0.030924389138817787
358,outer2,xgboost,main,0.06062434986233711
360,outer2,xgboost,main,0.09344430267810822
361,outer2,xgboost,main,0.09985250234603882
364,outer2,xgboost,main,0.11589977890253067
365,outer2,xgboost,main,0.05473998934030533
366,outer2,xgboost,main,0.030563265085220337
377,outer2,xgboost,main,0.07097799330949783
379,outer2,xgboost,main,0.03494320809841156
380,outer2,xgboost,main,0.039128851145505905
382,outer2,xgboost,main,0.1009049043059349
387,outer2,xgboost,main,0.03464766964316368
398,outer2,xgboost,main,0.23549042642116547
403,outer2,xgboost,main,0.05652701482176781
405,outer2,xgboost,main,0.1181478351354599
411,outer2,xgboost,main,0.3778192698955536
436,outer2,xgboost,main,0.45464402437210083
437,outer2,xgboost,main,0.2582230567932129
449,outer2,xgboost,main,0.08400871604681015
450,outer2,xgboost,main,0.07072983682155609
453,outer2,xgboost,main,0.044099729508161545
463,outer2,xgboost,main,0.03280322626233101
476,outer2,xgboost,main,0.07458353042602539
501,outer2,xgboost,main,0.35798022150993347
506,outer2,xgboost,main,0.053573109209537506
515,outer2,xgboost,main,0.05348808318376541
520,outer2,xgboost,main,0.035622384399175644
523,outer2,xgboost,main,0.03555396944284439
529,outer2,xgboost,main,0.20769613981246948
532,outer2,xgboost,main,0.04848321154713631
548,outer2,xgboost,main,0.0449693389236927
560,outer2,xgboost,main,0.06308601051568985
565,outer2,xgboost,main,0.07934636622667313
567,outer2,xgboost,main,0.04433513432741165
571,outer2,xgboost,main,0.03858646750450134
576,outer2,xgboost,main,0.06567926704883575
592,outer2,xgboost,main,0.17721794545650482
611,outer2,xgboost,main,0.08259633183479309
613,outer2,xgboost,main,0.04840938374400139
617,outer2,xgboost,main,0.048455964773893356
618,outer2,xgboost,main,0.0456811785697937
636,outer2,xgboost,main,0.4091065227985382
637,outer2,xgboost,main,0.05665513873100281
638,outer2,xgboost,main,0.07578398287296295
642,outer2,xgboost,main,0.21970126032829285
644,outer2,xgboost,main,0.10863889753818512
648,outer2,xgboost,main,0.1050679162144661
651,outer2,xgboost,main,0.02749723382294178
668,outer2,xgboost,main,0.06841073930263519
673,outer2,xgboost,main,0.09766852855682373
674,outer2,xgboost,main,0.11026762425899506
677,outer2,xgboost,main,0.03629516065120697
683,outer2,xgboost,main,0.08949754387140274
690,outer2,xgboost,main,0.12589648365974426
692,outer2,xgboost,main,0.05830293148756027
695,outer2,xgboost,main,0.055582985281944275
700,outer2,xgboost,main,0.02819918841123581
706,outer2,xgboost,main,0.06230994313955307
707,outer2,xgboost,main,0.044481344521045685
708,outer2,xgboost,main,0.03608151152729988
717,outer2,xgboost,main,0.048037122935056686
733,outer2,xgboost,main,0.03908412903547287
738,outer2,xgboost,main,0.3271663784980774
744,outer2,xgboost,main,0.32459330558776855
746,outer2,xgboost,main,0.09776031225919724
748,outer2,xgboost,main,0.03982166945934296
764,outer2,xgboost,main,0.08679824322462082
771,outer2,xgboost,main,0.06793112307786942
776,outer2,xgboost,main,0.054223835468292236
777,outer2,xgboost,main,0.056804005056619644
778,outer2,xgboost,main,0.07125422358512878
801,outer2,xgboost,main,0.032604023814201355
802,outer2,xgboost,main,0.042611245065927505
805,outer2,xgboost,main,0.053292255848646164
810,outer2,xgboost,main,0.027865443378686905
814,outer2,xgboost,main,0.05542996525764465
825,outer2,xgboost,main,0.0784037634730339
834,outer2,xgboost,main,0.11078835278749466
847,outer2,xgboost,main,0.07827069610357285
856,outer2,xgboost,main,0.056656111031770706
864,outer2,xgboost,main,0.03465548902750015
871,outer2,xgboost,main,0.057260286062955856
872,outer2,xgboost,main,0.05479361489415169
880,outer2,xgboost,main,0.06355956941843033
882,outer2,xgboost,main,0.029694689437747
895,outer2,xgboost,main,0.08122991025447845
898,outer2,xgboost,main,0.047633592039346695
905,outer2,xgboost,main,0.24719543755054474
914,outer2,xgboost,main,0.24413615465164185
919,outer2,xgboost,main,0.13483326137065887
925,outer2,xgboost,main,0.05977535992860794
933,outer2,xgboost,main,0.2643354535102844
941,outer2,xgboost,main,0.05558996647596359
949,outer2,xgboost,main,0.10649193078279495
956,outer2,xgboost,main,0.038239605724811554
968,outer2,xgboost,main,0.19176584482192993
978,outer2,xgboost,main,0.03612092137336731
982,outer2,xgboost,main,0.05942384898662567
984,outer2,xgboost,main,0.09361760318279266
986,outer2,xgboost,main,0.07859160751104355
987,outer2,xgboost,main,0.059538114815950394
990,outer2,xgboost,main,0.04903293028473854
994,outer2,xgboost,main,0.19185812771320343
995,outer2,xgboost,main,0.022851770743727684
1005,outer2,xgboost,main,0.13095465302467346
1008,outer2,xgboost,main,0.09953855723142624
1014,outer2,xgboost,main,0.1340344101190567
1017,outer2,xgboost,main,0.038716837763786316
1019,outer2,xgboost,main,0.06894370168447495
1026,outer2,xgboost,main,0.10264051705598831
1028,outer2,xgboost,main,0.15888069570064545
1029,outer2,xgboost,main,0.0646999180316925
1030,outer2,xgboost,main,0.1842019408941269
1033,outer2,xgboost,main,0.066938117146492
1034,outer2,xgboost,main,0.05468599125742912
1046,outer2,xgboost,main,0.04363667219877243
1054,outer2,xgboost,main,0.07589909434318542
1057,outer2,xgboost,main,0.265563428401947
1066,outer2,xgboost,main,0.12158316373825073
1067,outer2,xgboost,main,0.04088119789958
1071,outer2,xgboost,main,0.039417605847120285
1077,outer2,xgboost,main,0.055859584361314774
1085,outer2,xgboost,main,0.06649540364742279
1093,outer2,xgboost,main,0.03201611712574959
1097,outer2,xgboost,main,0.05964547395706177
1098,outer2,xgboost,main,0.04662904888391495
1100,outer2,xgboost,main,0.29763761162757874
1108,outer2,xgboost,main,0.026871133595705032
1113,outer2,xgboost,main,0.03688808158040047
1115,outer2,xgboost,main,0.08657371252775192
1117,outer2,xgboost,main,0.059598200023174286
1120,outer2,xgboost,main,0.12484563887119293
1131,outer2,xgboost,main,0.0719042494893074
1137,outer2,xgboost,main,0.05732158571481705
1140,outer2,xgboost,main,0.2142813801765442
1147,outer2,xgboost,main,0.044001687318086624
1148,outer2,xgboost,main,0.19505885243415833
1149,outer2,xgboost,main,0.19537419080734253
1153,outer2,xgboost,main,0.09193193912506104
1154,outer2,xgboost,main,0.03516426309943199
1156,outer2,xgboost,main,0.05882799252867699
1161,outer2,xgboost,main,0.05551069974899292
1164,outer2,xgboost,main,0.10603424906730652
1175,outer2,xgboost,main,0.13570116460323334
1177,outer2,xgboost,main,0.06268523633480072
1183,outer2,xgboost,main,0.15952441096305847
1191,outer2,xgboost,main,0.0754881277680397
1192,outer2,xgboost,main,0.040686774998903275
1194,outer2,xgboost,main,0.04644348844885826
1198,outer2,xgboost,main,0.06001429632306099
1202,outer2,xgboost,main,0.045995086431503296
1203,outer2,xgboost,main,0.04845012351870537
1212,outer2,xgboost,main,0.03454466164112091
1214,outer2,xgboost,main,0.03325112536549568
1215,outer2,xgboost,main,0.12242625653743744
1218,outer2,xgboost,main,0.02901209518313408
1236,outer2,xgboost,main,0.1458924561738968
1243,outer2,xgboost,main,0.15949280560016632
1245,outer2,xgboost,main,0.05083265155553818
1257,outer2,xgboost,main,0.04594890773296356
1262,outer2,xgboost,main,0.025812966749072075
1268,outer2,xgboost,main,0.10491035133600235
1269,outer2,xgboost,main,0.07872482389211655
1277,outer2,xgboost,main,0.13329149782657623
1278,outer2,xgboost,main,0.050793424248695374
1292,outer2,xgboost,main,0.07255014032125473
1293,outer2,xgboost,main,0.05847139284014702
1297,outer2,xgboost,main,0.10275261849164963
1307,outer2,xgboost,main,0.14818447828292847
1315,outer2,xgboost,main,0.07961242645978928
1319,outer2,xgboost,main,0.04028793051838875
1321,outer2,xgboost,main,0.07191307842731476
1323,outer2,xgboost,main,0.060651589184999466
1333,outer2,xgboost,main,0.12778998911380768
1338,outer2,xgboost,main,0.07742428034543991
1343,outer2,xgboost,main,0.06695166975259781
1359,outer2,xgboost,main,0.044318389147520065
1360,outer2,xgboost,main,0.04457523301243782
1366,outer2,xgboost,main,0.07649845629930496
1367,outer2,xgboost,main,0.09905200451612473
1373,outer2,xgboost,main,0.06616391241550446
1376,outer2,xgboost,main,0.05823023244738579
1377,outer2,xgboost,main,0.04110094904899597
1381,outer2,xgboost,main,0.04086023569107056
1389,outer2,xgboost,main,0.044146858155727386
1399,outer2,xgboost,main,0.03308646380901337
1406,outer2,xgboost,main,0.06565432250499725
1409,outer2,xgboost,main,0.17913195490837097
1412,outer2,xgboost,main,0.03642645850777626
1416,outer2,xgboost,main,0.04370329529047012
1417,outer2,xgboost,main,0.045212771743535995
1429,outer2,xgboost,main,0.09873796254396439
1432,outer2,xgboost,main,0.0527634359896183
1439,outer2,xgboost,main,0.054378632456064224
1443,outer2,xgboost,main,0.19022580981254578
1444,outer2,xgboost,main,0.4365954101085663
1448,outer2,xgboost,main,0.04749853163957596
1452,outer2,xgboost,main,0.048910755664110184
1454,outer2,xgboost,main,0.10260399430990219
1457,outer2,xgboost,main,0.04102702811360359
1458,outer2,xgboost,main,0.06912248581647873
1464,outer2,xgboost,main,0.07764019072055817
1465,outer2,xgboost,main,0.16662926971912384
1468,outer2,xgboost,main,0.10254763066768646
1478,outer2,xgboost,main,0.379439115524292
1479,outer2,xgboost,main,0.08599638938903809
1480,outer2,xgboost,main,0.18021444976329803
1481,outer2,xgboost,main,0.05117548257112503
1483,outer2,xgboost,main,0.048537738621234894
1487,outer2,xgboost,main,0.07910976558923721
1489,outer2,xgboost,main,0.034459181129932404
1492,outer2,xgboost,main,0.14626720547676086
1500,outer2,xgboost,main,0.09675920009613037
1508,outer2,xgboost,main,0.06709685176610947
1509,outer2,xgboost,main,0.03472679853439331
1517,outer2,xgboost,main,0.04651897773146629
1521,outer2,xgboost,main,0.06514419615268707
1526,outer2,xgboost,main,0.0751865804195404
1532,outer2,xgboost,main,0.04984225705265999
1533,outer2,xgboost,main,0.0380486436188221
1544,outer2,xgboost,main,0.04575406387448311
1547,outer2,xgboost,main,0.03310873731970787
1559,outer2,xgboost,main,0.032724641263484955
1561,outer2,xgboost,main,0.06350302696228027
1566,outer2,xgboost,main,0.12798728048801422
1568,outer2,xgboost,main,0.055800892412662506
1570,outer2,xgboost,main,0.4413970112800598
1574,outer2,xgboost,main,0.14942319691181183
1585,outer2,xgboost,main,0.09045588970184326
1586,outer2,xgboost,main,0.13943390548229218
1587,outer2,xgboost,main,0.06748408079147339
1595,outer2,xgboost,main,0.04538962244987488
1605,outer2,xgboost,main,0.08527947962284088
1606,outer2,xgboost,main,0.07080468535423279
1610,outer2,xgboost,main,0.04518699645996094
1611,outer2,xgboost,main,0.07558885216712952
1613,outer2,xgboost,main,0.12420310080051422
1614,outer2,xgboost,main,0.06739412248134613
1615,outer2,xgboost,main,0.05686475709080696
1616,outer2,xgboost,main,0.09160507470369339
1621,outer2,xgboost,main,0.07929562777280807
1622,outer2,xgboost,main,0.1396082490682602
1632,outer2,xgboost,main,0.06583993136882782
1633,outer2,xgboost,main,0.12483593076467514
1634,outer2,xgboost,main,0.07588864117860794
1651,outer2,xgboost,main,0.03746175393462181
1657,outer2,xgboost,main,0.027931073680520058
1659,outer2,xgboost,main,0.09107387065887451
1661,outer2,xgboost,main,0.05880481004714966
1665,outer2,xgboost,main,0.02594626136124134
1674,outer2,xgboost,main,0.06834270060062408
1680,outer2,xgboost,main,0.18831346929073334
1682,outer2,xgboost,main,0.07584487646818161
1683,outer2,xgboost,main,0.06781970709562302
1691,outer2,xgboost,main,0.07825540751218796
1694,outer2,xgboost,main,0.028765995055437088
1696,outer2,xgboost,main,0.03332097828388214
1698,outer2,xgboost,main,0.07329686731100082
1703,outer2,xgboost,main,0.44037628173828125
1704,outer2,xgboost,main,0.13327208161354065
1711,outer2,xgboost,main,0.10221284627914429
1713,outer2,xgboost,main,0.03442614898085594
1718,outer2,xgboost,main,0.043412238359451294
1719,outer2,xgboost,main,0.17819073796272278
1726,outer2,xgboost,main,0.03445526957511902
1727,outer2,xgboost,main,0.041852980852127075
1731,outer2,xgboost,main,0.3709554672241211
1734,outer2,xgboost,main,0.05402754992246628
1740,outer2,xgboost,main,0.08928310126066208
1742,outer2,xgboost,main,0.09845010191202164
1743,outer2,xgboost,main,0.05247640609741211
1750,outer2,xgboost,main,0.055742181837558746
1753,outer2,xgboost,main,0.06165056675672531
1756,outer2,xgboost,main,0.04378727078437805
1757,outer2,xgboost,main,0.04577774181962013
1758,outer2,xgboost,main,0.0515575148165226
1760,outer2,xgboost,main,0.04032592847943306
1764,outer2,xgboost,main,0.10255614668130875
1777,outer2,xgboost,main,0.15576395392417908
1779,outer2,xgboost,main,0.07032771408557892
1784,outer2,xgboost,main,0.2088121771812439
1791,outer2,xgboost,main,0.1897958517074585
1792,outer2,xgboost,main,0.035765185952186584
1794,outer2,xgboost,main,0.054542213678359985
1808,outer2,xgboost,main,0.16638660430908203
1809,outer2,xgboost,main,0.06383702158927917
1811,outer2,xgboost,main,0.07481338083744049
1814,outer2,xgboost,main,0.025535807013511658
1815,outer2,xgboost,main,0.021526768803596497
1816,outer2,xgboost,main,0.058905526995658875
1819,outer2,xgboost,main,0.03952871263027191
1822,outer2,xgboost,main,0.038341496139764786
1824,outer2,xgboost,main,0.1946272999048233
1829,outer2,xgboost,main,0.04697505757212639
1839,outer2,xgboost,main,0.06168927252292633
1841,outer2,xgboost,main,0.08791183680295944
1843,outer2,xgboost,main,0.06952998787164688
1845,outer2,xgboost,main,0.059447720646858215
1847,outer2,xgboost,main,0.03296901658177376
1848,outer2,xgboost,main,0.07200618833303452
1852,outer2,xgboost,main,0.045954782515764236
1859,outer2,xgboost,main,0.03366437926888466
1861,outer2,xgboost,main,0.07665026187896729
1862,outer2,xgboost,main,0.08259371668100357
1863,outer2,xgboost,main,0.136396586894989
1871,outer2,xgboost,main,0.036118172109127045
1872,outer2,xgboost,main,0.03661403805017471
1875,outer2,xgboost,main,0.09050170332193375
1876,outer2,xgboost,main,0.21161405742168427
1878,outer2,xgboost,main,0.04217210039496422
1880,outer2,xgboost,main,0.04230461269617081
1881,outer2,xgboost,main,0.13466574251651764
1882,outer2,xgboost,main,0.04035087674856186
1893,outer2,xgboost,main,0.0942872166633606
1894,outer2,xgboost,main,0.04893353953957558
1903,outer2,xgboost,main,0.03632514551281929
1908,outer2,xgboost,main,0.03375020995736122
1914,outer2,xgboost,main,0.048119984567165375
1915,outer2,xgboost,main,0.03981180861592293
1923,outer2,xgboost,main,0.05203119292855263
1936,outer2,xgboost,main,0.07559347152709961
1937,outer2,xgboost,main,0.17200636863708496
1953,outer2,xgboost,main,0.06472692638635635
1956,outer2,xgboost,main,0.05005905032157898
1965,outer2,xgboost,main,0.04565295949578285
1969,outer2,xgboost,main,0.17728577554225922
1970,outer2,xgboost,main,0.1666461080312729
1976,outer2,xgboost,main,0.48314857482910156
1981,outer2,xgboost,main,0.15954627096652985
1982,outer2,xgboost,main,0.16739057004451752
1984,outer2,xgboost,main,0.035936251282691956
1985,outer2,xgboost,main,0.09125509113073349
1989,outer2,xgboost,main,0.06144651770591736
1990,outer2,xgboost,main,0.028474293649196625
1996,outer2,xgboost,main,0.0806792750954628
2001,outer2,xgboost,main,0.13073480129241943
2004,outer2,xgboost,main,0.07335241883993149
2012,outer2,xgboost,main,0.06785289198160172
2022,outer2,xgboost,main,0.07809998095035553
2035,outer2,xgboost,main,0.08974441885948181
2056,outer2,xgboost,main,0.04908895865082741
2064,outer2,xgboost,main,0.13054704666137695
2065,outer2,xgboost,main,0.07610638439655304
2069,outer2,xgboost,main,0.047684188932180405
2075,outer2,xgboost,main,0.07535216212272644
2076,outer2,xgboost,main,0.04820041358470917
2078,outer2,xgboost,main,0.026136983186006546
2091,outer2,xgboost,main,0.033553559333086014
2093,outer2,xgboost,main,0.05214020982384682
2094,outer2,xgboost,main,0.22110915184020996
2097,outer2,xgboost,main,0.05774855613708496
2098,outer2,xgboost,main,0.06918949633836746
2099,outer2,xgboost,main,0.29076483845710754
2102,outer2,xgboost,main,0.06357111036777496
2104,outer2,xgboost,main,0.04478475823998451
2113,outer2,xgboost,main,0.0832194983959198
2119,outer2,xgboost,main,0.08912640810012817
2126,outer2,xgboost,main,0.24569344520568848
2129,outer2,xgboost,main,0.0522383376955986
2131,outer2,xgboost,main,0.02893090806901455
2132,outer2,xgboost,main,0.04335244745016098
2133,outer2,xgboost,main,0.10715325176715851
2137,outer2,xgboost,main,0.06544759124517441
2139,outer2,xgboost,main,0.18269485235214233
2154,outer2,xgboost,main,0.031600166112184525
2158,outer2,xgboost,main,0.040215231478214264
2163,outer2,xgboost,main,0.0610961988568306
2172,outer2,xgboost,main,0.06317020207643509
2174,outer2,xgboost,main,0.05215873196721077
2176,outer2,xgboost,main,0.08420411497354507
2178,outer2,xgboost,main,0.03813730552792549
2191,outer2,xgboost,main,0.03474842756986618
2193,outer2,xgboost,main,0.03441985696554184
2194,outer2,xgboost,main,0.037374868988990784
2196,outer2,xgboost,main,0.07137696444988251
2198,outer2,xgboost,main,0.3632921576499939
2204,outer2,xgboost,main,0.09875135123729706
2206,outer2,xgboost,main,0.09158103168010712
2207,outer2,xgboost,main,0.056029312312603
2208,outer2,xgboost,main,0.17849476635456085
2220,outer2,xgboost,main,0.2029034048318863
2223,outer2,xgboost,main,0.06501790136098862
2231,outer2,xgboost,main,0.043196409940719604
2236,outer2,xgboost,main,0.06698180735111237
2238,outer2,xgboost,main,0.04046686366200447
2240,outer2,xgboost,main,0.03617524728178978
2247,outer2,xgboost,main,0.04954028129577637
2252,outer2,xgboost,main,0.03924959897994995
2254,outer2,xgboost,main,0.05251622945070267
2261,outer2,xgboost,main,0.08452063053846359
2262,outer2,xgboost,main,0.046289343386888504
2266,outer2,xgboost,main,0.13639700412750244
2271,outer2,xgboost,main,0.040852125734090805
2275,outer2,xgboost,main,0.029260611161589622
2276,outer2,xgboost,main,0.09222985059022903
2290,outer2,xgboost,main,0.03798474743962288
2292,outer2,xgboost,main,0.1489405632019043
2297,outer2,xgboost,main,0.21222034096717834
2298,outer2,xgboost,main,0.10579878836870193
2305,outer2,xgboost,main,0.03976853936910629
2315,outer2,xgboost,main,0.20610971748828888
2317,outer2,xgboost,main,0.12311889231204987
2319,outer2,xgboost,main,0.09018808603286743
2320,outer2,xgboost,main,0.09360732138156891
2322,outer2,xgboost,main,0.07650710642337799
2324,outer2,xgboost,main,0.07403774559497833
2326,outer2,xgboost,main,0.20013278722763062
2331,outer2,xgboost,main,0.04843337461352348
2334,outer2,xgboost,main,0.040642380714416504
2342,outer2,xgboost,main,0.056199800223112106
2345,outer2,xgboost,main,0.21342270076274872
2352,outer2,xgboost,main,0.27672693133354187
2355,outer2,xgboost,main,0.09141041338443756
2358,outer2,xgboost,main,0.17791658639907837
2367,outer2,xgboost,main,0.04692215472459793
2368,outer2,xgboost,main,0.19940072298049927
2375,outer2,xgboost,main,0.0276190172880888
2380,outer2,xgboost,main,0.12082932889461517
2388,outer2,xgboost,main,0.0736919566988945
2390,outer2,xgboost,main,0.04477894306182861
2396,outer2,xgboost,main,0.07766749709844589
2410,outer2,xgboost,main,0.07349774241447449
2423,outer2,xgboost,main,0.04751051962375641
2429,outer2,xgboost,main,0.08537696301937103
2449,outer2,xgboost,main,0.04950619488954544
2455,outer2,xgboost,main,0.08012676984071732
2466,outer2,xgboost,main,0.025533000007271767
2469,outer2,xgboost,main,0.18005922436714172
2472,outer2,xgboost,main,0.0653042122721672
2475,outer2,xgboost,main,0.05743611976504326
2477,outer2,xgboost,main,0.06257368624210358
2484,outer2,xgboost,main,0.2336692214012146
2491,outer2,xgboost,main,0.026715071871876717
2500,outer2,xgboost,main,0.09135722368955612
2501,outer2,xgboost,main,0.037962302565574646
2502,outer2,xgboost,main,0.12032557278871536
2504,outer2,xgboost,main,0.021280955523252487
2505,outer2,xgboost,main,0.035440728068351746
2511,outer2,xgboost,main,0.06859541684389114
2538,outer2,xgboost,main,0.0681077167391777
2541,outer2,xgboost,main,0.048826079815626144
2543,outer2,xgboost,main,0.04702791944146156
2552,outer2,xgboost,main,0.10707210004329681
2553,outer2,xgboost,main,0.04751332476735115
2554,outer2,xgboost,main,0.09925316274166107
2562,outer2,xgboost,main,0.15828773379325867
2570,outer2,xgboost,main,0.05083469673991203
2571,outer2,xgboost,main,0.05224142223596573
2573,outer2,xgboost,main,0.06421428173780441
2574,outer2,xgboost,main,0.08149021863937378
2583,outer2,xgboost,main,0.10529516637325287
2586,outer2,xgboost,main,0.08490820974111557
2596,outer2,xgboost,main,0.413312166929245
2599,outer2,xgboost,main,0.20545826852321625
2605,outer2,xgboost,main,0.03379831090569496
2612,outer2,xgboost,main,0.06963269412517548
2613,outer2,xgboost,main,0.0518045648932457
2617,outer2,xgboost,main,0.24570991098880768
2620,outer2,xgboost,main,0.10869390517473221
2659,outer2,xgboost,main,0.6560446619987488
2673,outer2,xgboost,main,0.11749031394720078
2676,outer2,xgboost,main,0.04732104390859604
2686,outer2,xgboost,main,0.0359409861266613
2703,outer2,xgboost,main,0.08542689681053162
2706,outer2,xgboost,main,0.19107934832572937
2710,outer2,xgboost,main,0.24663135409355164
2724,outer2,xgboost,main,0.041879504919052124
2732,outer2,xgboost,main,0.03556087240576744
2734,outer2,xgboost,main,0.03491193801164627
2736,outer2,xgboost,main,0.0499739833176136
2738,outer2,xgboost,main,0.1575552225112915
2740,outer2,xgboost,main,0.12282748520374298
2748,outer2,xgboost,main,0.07879041880369186
2751,outer2,xgboost,main,0.13917773962020874
2755,outer2,xgboost,main,0.04291754588484764
2756,outer2,xgboost,main,0.07892531156539917
2761,outer2,xgboost,main,0.039089690893888474
2770,outer2,xgboost,main,0.1972207874059677
2783,outer2,xgboost,main,0.06873771548271179
2790,outer2,xgboost,main,0.026201536878943443
2798,outer2,xgboost,main,0.4582599699497223
2802,outer2,xgboost,main,0.08858029544353485
2803,outer2,xgboost,main,0.05915798619389534
2805,outer2,xgboost,main,0.4072132706642151
2819,outer2,xgboost,main,0.06419424712657928
2822,outer2,xgboost,main,0.047722626477479935
2823,outer2,xgboost,main,0.1748414933681488
2830,outer2,xgboost,main,0.0417974628508091
2831,outer2,xgboost,main,0.043522242456674576
2837,outer2,xgboost,main,0.0958421602845192
2841,outer2,xgboost,main,0.0616108775138855
2842,outer2,xgboost,main,0.06877604871988297
2854,outer2,xgboost,main,0.03708760067820549
2855,outer2,xgboost,main,0.10321249812841415
2859,outer2,xgboost,main,0.18849071860313416
2865,outer2,xgboost,main,0.04078848659992218
2875,outer2,xgboost,main,0.06068086251616478
2883,outer2,xgboost,main,0.1555202603340149
2886,outer2,xgboost,main,0.1514960080385208
2892,outer2,xgboost,main,0.0585983507335186
2904,outer2,xgboost,main,0.11685462296009064
2912,outer2,xgboost,main,0.10080410540103912
2916,outer2,xgboost,main,0.046889591962099075
2919,outer2,xgboost,main,0.3149157166481018
2921,outer2,xgboost,main,0.07095681875944138
2925,outer2,xgboost,main,0.11473861336708069
2932,outer2,xgboost,main,0.04928996413946152
2934,outer2,xgboost,main,0.04774414002895355
2939,outer2,xgboost,main,0.09686358273029327
2949,outer2,xgboost,main,0.036294519901275635
2950,outer2,xgboost,main,0.03674733266234398
2959,outer2,xgboost,main,0.11826975643634796
2960,outer2,xgboost,main,0.03262932226061821
2964,outer2,xgboost,main,0.07575065642595291
2966,outer2,xgboost,main,0.1454809457063675
2967,outer2,xgboost,main,0.036215413361787796
2969,outer2,xgboost,main,0.06057582423090935
2971,outer2,xgboost,main,0.07634516805410385
2977,outer2,xgboost,main,0.09584415704011917
2980,outer2,xgboost,main,0.08354222774505615
2983,outer2,xgboost,main,0.02922784350812435
2985,outer2,xgboost,main,0.09296376258134842
2993,outer2,xgboost,main,0.15064255893230438
2995,outer2,xgboost,main,0.1531885415315628
2996,outer2,xgboost,main,0.051044221967458725
2998,outer2,xgboost,main,0.04402639716863632
3006,outer2,xgboost,main,0.035816311836242676
3010,outer2,xgboost,main,0.07240618020296097
3017,outer2,xgboost,main,0.04026414826512337
3019,outer2,xgboost,main,0.061826255172491074
3024,outer2,xgboost,main,0.04265032708644867
3027,outer2,xgboost,main,0.06727059185504913
3032,outer2,xgboost,main,0.05342816188931465
3039,outer2,xgboost,main,0.2997501492500305
3040,outer2,xgboost,main,0.05247164145112038
3045,outer2,xgboost,main,0.23128028213977814
3049,outer2,xgboost,main,0.06353893131017685
3056,outer2,xgboost,main,0.049724869430065155
3059,outer2,xgboost,main,0.043265458196401596
3060,outer2,xgboost,main,0.08427776396274567
3061,outer2,xgboost,main,0.14927005767822266
3062,outer2,xgboost,main,0.3081553280353546
3063,outer2,xgboost,main,0.0382096990942955
3066,outer2,xgboost,main,0.051253609359264374
3069,outer2,xgboost,main,0.03921089321374893
3071,outer2,xgboost,main,0.03388168662786484
3074,outer2,xgboost,main,0.1293230652809143
3075,outer2,xgboost,main,0.08232760429382324
3076,outer2,xgboost,main,0.02640693262219429
3077,outer2,xgboost,main,0.22549042105674744
3080,outer2,xgboost,main,0.03557775914669037
3083,outer2,xgboost,main,0.054273821413517
3103,outer2,xgboost,main,0.07657527923583984
3105,outer2,xgboost,main,0.12264712154865265
3108,outer2,xgboost,main,0.04648277536034584
3111,outer2,xgboost,main,0.03898824378848076
3129,outer2,xgboost,main,0.10460569709539413
3131,outer2,xgboost,main,0.11973199993371964
3132,outer2,xgboost,main,0.08302701264619827
3139,outer2,xgboost,main,0.05497865006327629
3142,outer2,xgboost,main,0.0612240806221962
3143,outer2,xgboost,main,0.03713153302669525
3155,outer2,xgboost,main,0.05606558546423912
3163,outer2,xgboost,main,0.2686590850353241
3166,outer2,xgboost,main,0.1135709211230278
3167,outer2,xgboost,main,0.2070864886045456
3171,outer2,xgboost,main,0.28498443961143494
3173,outer2,xgboost,main,0.09507939219474792
3176,outer2,xgboost,main,0.06508687138557434
3177,outer2,xgboost,main,0.025059616193175316
3180,outer2,xgboost,main,0.05208837613463402
3182,outer2,xgboost,main,0.04343663156032562
3189,outer2,xgboost,main,0.07799065113067627
3194,outer2,xgboost,main,0.03904590383172035
3203,outer2,xgboost,main,0.26072120666503906
3216,outer2,xgboost,main,0.09856908023357391
3226,outer2,xgboost,main,0.04291741922497749
3227,outer2,xgboost,main,0.08576740324497223
3232,outer2,xgboost,main,0.06088605523109436
3235,outer2,xgboost,main,0.039018627256155014
3236,outer2,xgboost,main,0.07135740667581558
3238,outer2,xgboost,main,0.042842086404561996
3242,outer2,xgboost,main,0.045993681997060776
3258,outer2,xgboost,main,0.16839900612831116
3261,outer2,xgboost,main,0.026274805888533592
3264,outer2,xgboost,main,0.054943036288022995
3265,outer2,xgboost,main,0.4729619324207306
3270,outer2,xgboost,main,0.0909980908036232
3273,outer2,xgboost,main,0.14782500267028809
3276,outer2,xgboost,main,0.07058849185705185
3279,outer2,xgboost,main,0.06379501521587372
3282,outer2,xgboost,main,0.03448230400681496
3286,outer2,xgboost,main,0.14393946528434753
3287,outer2,xgboost,main,0.04540092498064041
3295,outer2,xgboost,main,0.03006073087453842
3301,outer2,xgboost,main,0.06583511084318161
3306,outer2,xgboost,main,0.19190706312656403
3308,outer2,xgboost,main,0.05846189334988594
3318,outer2,xgboost,main,0.0282486192882061
3323,outer2,xgboost,main,0.10174015164375305
3329,outer2,xgboost,main,0.1630331426858902
3335,outer2,xgboost,main,0.17607687413692474
3336,outer2,xgboost,main,0.09487699717283249
3337,outer2,xgboost,main,0.04621143639087677
3338,outer2,xgboost,main,0.046025827527046204
3347,outer2,xgboost,main,0.03391270712018013
3348,outer2,xgboost,main,0.09573603421449661
3357,outer2,xgboost,main,0.03334394097328186
3358,outer2,xgboost,main,0.03416956588625908
3360,outer2,xgboost,main,0.05262473225593567
3369,outer2,xgboost,main,0.04519705846905708
3370,outer2,xgboost,main,0.0459013432264328
3382,outer2,xgboost,main,0.08537702262401581
3384,outer2,xgboost,main,0.030511662364006042
3392,outer2,xgboost,main,0.07003955543041229
3394,outer2,xgboost,main,0.027640771120786667
3398,outer2,xgboost,main,0.045435935258865356
3400,outer2,xgboost,main,0.26507097482681274
3407,outer2,xgboost,main,0.0930381715297699
3412,outer2,xgboost,main,0.06948667019605637
3442,outer2,xgboost,main,0.03424900770187378
3447,outer2,xgboost,main,0.05770829692482948
3458,outer2,xgboost,main,0.03236246854066849
3460,outer2,xgboost,main,0.14673233032226562
3463,outer2,xgboost,main,0.03058364801108837
3475,outer2,xgboost,main,0.11407992243766785
3480,outer2,xgboost,main,0.08833948522806168
3486,outer2,xgboost,main,0.08397442102432251
3503,outer2,xgboost,main,0.1460467129945755
3508,outer2,xgboost,main,0.04127124324440956
3511,outer2,xgboost,main,0.06830627471208572
3516,outer2,xgboost,main,0.05216556787490845
3523,outer2,xgboost,main,0.04196443036198616
3526,outer2,xgboost,main,0.10348174721002579
3535,outer2,xgboost,main,0.04792436957359314
3549,outer2,xgboost,main,0.05494242534041405
3576,outer2,xgboost,main,0.023272236809134483
3582,outer2,xgboost,main,0.052329953759908676
3584,outer2,xgboost,main,0.08022177964448929
3586,outer2,xgboost,main,0.04192880913615227
3590,outer2,xgboost,main,0.21312490105628967
3592,outer2,xgboost,main,0.035799939185380936
3597,outer2,xgboost,main,0.07033804804086685
3598,outer2,xgboost,main,0.09838905185461044
3602,outer2,xgboost,main,0.06461301445960999
3605,outer2,xgboost,main,0.08008909970521927
3608,outer2,xgboost,main,0.07466848939657211
3617,outer2,xgboost,main,0.025439517572522163
3624,outer2,xgboost,main,0.04852000251412392
3632,outer2,xgboost,main,0.07581344246864319
3635,outer2,xgboost,main,0.036259975284338
3650,outer2,xgboost,main,0.028538778424263
3652,outer2,xgboost,main,0.05735434591770172
3654,outer2,xgboost,main,0.056632593274116516
3657,outer2,xgboost,main,0.035028018057346344
3658,outer2,xgboost,main,0.030396580696105957
3667,outer2,xgboost,main,0.11960013210773468
3675,outer2,xgboost,main,0.04373885318636894
3678,outer2,xgboost,main,0.024102209135890007
3679,outer2,xgboost,main,0.07387847453355789
3683,outer2,xgboost,main,0.04112069681286812
3688,outer2,xgboost,main,0.06397842615842819
3696,outer2,xgboost,main,0.051148686558008194
3697,outer2,xgboost,main,0.039155151695013046
3698,outer2,xgboost,main,0.034793827682733536
3706,outer2,xgboost,main,0.05434315279126167
3728,outer2,xgboost,main,0.03675369545817375
3730,outer2,xgboost,main,0.13549794256687164
3738,outer2,xgboost,main,0.03999270126223564
3740,outer2,xgboost,main,0.0463838055729866
3765,outer2,xgboost,main,0.035434361547231674
3767,outer2,xgboost,main,0.03939792141318321
3776,outer2,xgboost,main,0.04857741296291351
3777,outer2,xgboost,main,0.09771033376455307
3780,outer2,xgboost,main,0.06721922755241394
3788,outer2,xgboost,main,0.024877596646547318
3791,outer2,xgboost,main,0.02465073950588703
3796,outer2,xgboost,main,0.09038316458463669
3813,outer2,xgboost,main,0.059957653284072876
3814,outer2,xgboost,main,0.05061525106430054
3817,outer2,xgboost,main,0.06357663124799728
3825,outer2,xgboost,main,0.0747465044260025
3831,outer2,xgboost,main,0.04812297597527504
3836,outer2,xgboost,main,0.5560114979743958
3837,outer2,xgboost,main,0.2878229320049286
3844,outer2,xgboost,main,0.04509597644209862
3845,outer2,xgboost,main,0.1192975714802742
3846,outer2,xgboost,main,0.036599431186914444
3851,outer2,xgboost,main,0.09178957343101501
3859,outer2,xgboost,main,0.0953201875090599
3877,outer2,xgboost,main,0.058109890669584274
3891,outer2,xgboost,main,0.09728067368268967
3895,outer2,xgboost,main,0.04878537356853485
3897,outer2,xgboost,main,0.06251376867294312
3901,outer2,xgboost,main,0.03425513580441475
3902,outer2,xgboost,main,0.07888703048229218
3903,outer2,xgboost,main,0.0896911770105362
3924,outer2,xgboost,main,0.03937201574444771
3926,outer2,xgboost,main,0.2836518883705139
3932,outer2,xgboost,main,0.03616034612059593
3934,outer2,xgboost,main,0.036177244037389755
3935,outer2,xgboost,main,0.1309712827205658
3945,outer2,xgboost,main,0.061307214200496674
3948,outer2,xgboost,main,0.2994043827056885
3950,outer2,xgboost,main,0.087224580347538
3951,outer2,xgboost,main,0.05407775565981865
3954,outer2,xgboost,main,0.08603937178850174
3958,outer2,xgboost,main,0.059587303549051285
3961,outer2,xgboost,main,0.04556319862604141
3966,outer2,xgboost,main,0.050887927412986755
3969,outer2,xgboost,main,0.3073805272579193
3975,outer2,xgboost,main,0.3673536479473114
3977,outer2,xgboost,main,0.15004557371139526
3980,outer2,xgboost,main,0.04531547427177429
3981,outer2,xgboost,main,0.05658384785056114
3983,outer2,xgboost,main,0.19149544835090637
3990,outer2,xgboost,main,0.08103997260332108
3994,outer2,xgboost,main,0.04343792051076889
3995,outer2,xgboost,main,0.06606219708919525
4001,outer2,xgboost,main,0.07285228371620178
4009,outer2,xgboost,main,0.1145947128534317
4016,outer2,xgboost,main,0.09425406157970428
4020,outer2,xgboost,main,0.043920159339904785
4023,outer2,xgboost,main,0.020745452493429184
4028,outer2,xgboost,main,0.11023877561092377
4038,outer2,xgboost,main,0.10975290834903717
4040,outer2,xgboost,main,0.16631683707237244
4046,outer2,xgboost,main,0.034115247428417206
4048,outer2,xgboost,main,0.07598995417356491
4051,outer2,xgboost,main,0.12051848322153091
4055,outer2,xgboost,main,0.02492702193558216
4057,outer2,xgboost,main,0.18425551056861877
4058,outer2,xgboost,main,0.3199583888053894
4059,outer2,xgboost,main,0.43979519605636597
4062,outer2,xgboost,main,0.03426525741815567
4063,outer2,xgboost,main,0.05647510662674904
4068,outer2,xgboost,main,0.0737062469124794
4078,outer2,xgboost,main,0.08416218310594559
4083,outer2,xgboost,main,0.0609460175037384
4085,outer2,xgboost,main,0.050840988755226135
4097,outer2,xgboost,main,0.0725119560956955
4105,outer2,xgboost,main,0.06885761767625809
4109,outer2,xgboost,main,0.09014604985713959
4111,outer2,xgboost,main,0.03432228043675423
4116,outer2,xgboost,main,0.055972013622522354
4121,outer2,xgboost,main,0.06787087023258209
4122,outer2,xgboost,main,0.04635538160800934
4127,outer2,xgboost,main,0.2257835865020752
4130,outer2,xgboost,main,0.027763238176703453
4136,outer2,xgboost,main,0.15100033581256866
4141,outer2,xgboost,main,0.03931635990738869
4142,outer2,xgboost,main,0.03415396064519882
4155,outer2,xgboost,main,0.03041580133140087
4158,outer2,xgboost,main,0.024669818580150604
4172,outer2,xgboost,main,0.07762332260608673
4174,outer2,xgboost,main,0.06712181121110916
4176,outer2,xgboost,main,0.1760200411081314
4178,outer2,xgboost,main,0.021029947325587273
4188,outer2,xgboost,main,0.10466530174016953
4190,outer2,xgboost,main,0.3328743875026703
4192,outer2,xgboost,main,0.049580663442611694
4194,outer2,xgboost,main,0.16962498426437378
4196,outer2,xgboost,main,0.047270312905311584
4197,outer2,xgboost,main,0.05236034840345383
4199,outer2,xgboost,main,0.13410097360610962
4201,outer2,xgboost,main,0.09567433595657349
4209,outer2,xgboost,main,0.15488892793655396
4214,outer2,xgboost,main,0.09242965281009674
4219,outer2,xgboost,main,0.05529269203543663
4222,outer2,xgboost,main,0.03525446355342865
4231,outer2,xgboost,main,0.03371802344918251
4240,outer2,xgboost,main,0.07015617191791534
4242,outer2,xgboost,main,0.05133945867419243
4245,outer2,xgboost,main,0.12238702178001404
4258,outer2,xgboost,main,0.10884764790534973
4259,outer2,xgboost,main,0.03379639610648155
4261,outer2,xgboost,main,0.043484605848789215
4269,outer2,xgboost,main,0.08233065158128738
4275,outer2,xgboost,main,0.03309768810868263
4277,outer2,xgboost,main,0.05219077691435814
4282,outer2,xgboost,main,0.042083460837602615
4284,outer2,xgboost,main,0.05140285938978195
4290,outer2,xgboost,main,0.099228136241436
4294,outer2,xgboost,main,0.39847487211227417
4300,outer2,xgboost,main,0.04512650892138481
4304,outer2,xgboost,main,0.032384179532527924
4313,outer2,xgboost,main,0.054352499544620514
4316,outer2,xgboost,main,0.14846789836883545
4319,outer2,xgboost,main,0.0656009092926979
4329,outer2,xgboost,main,0.2297511100769043
4335,outer2,xgboost,main,0.03067512810230255
4340,outer2,xgboost,main,0.0809597373008728
4341,outer2,xgboost,main,0.07666906714439392
13,outer3,xgboost,main,0.04369201883673668
15,outer3,xgboost,main,0.11032263189554214
19,outer3,xgboost,main,0.02496175654232502
20,outer3,xgboost,main,0.05345919355750084
27,outer3,xgboost,main,0.05152812972664833
32,outer3,xgboost,main,0.27038630843162537
34,outer3,xgboost,main,0.3065994083881378
35,outer3,xgboost,main,0.16427403688430786
36,outer3,xgboost,main,0.12931375205516815
40,outer3,xgboost,main,0.15896250307559967
42,outer3,xgboost,main,0.029746735468506813
47,outer3,xgboost,main,0.18579412996768951
56,outer3,xgboost,main,0.04782254248857498
59,outer3,xgboost,main,0.07268887013196945
60,outer3,xgboost,main,0.07332950830459595
63,outer3,xgboost,main,0.02943507395684719
70,outer3,xgboost,main,0.24604317545890808
73,outer3,xgboost,main,0.11672645062208176
95,outer3,xgboost,main,0.1153145581483841
99,outer3,xgboost,main,0.06844329088926315
114,outer3,xgboost,main,0.04529256373643875
115,outer3,xgboost,main,0.03564305976033211
118,outer3,xgboost,main,0.060683995485305786
122,outer3,xgboost,main,0.07968172430992126
123,outer3,xgboost,main,0.03757713362574577
127,outer3,xgboost,main,0.09503943473100662
130,outer3,xgboost,main,0.13922633230686188
132,outer3,xgboost,main,0.04158999025821686
133,outer3,xgboost,main,0.0561068095266819
134,outer3,xgboost,main,0.39928436279296875
149,outer3,xgboost,main,0.0469493642449379
153,outer3,xgboost,main,0.05389165133237839
155,outer3,xgboost,main,0.03490972891449928
158,outer3,xgboost,main,0.0450776033103466
160,outer3,xgboost,main,0.03688838332891464
175,outer3,xgboost,main,0.054603636264801025
177,outer3,xgboost,main,0.05344811826944351
185,outer3,xgboost,main,0.25464341044425964
202,outer3,xgboost,main,0.08923586457967758
204,outer3,xgboost,main,0.11792182922363281
211,outer3,xgboost,main,0.03130100667476654
213,outer3,xgboost,main,0.08351252973079681
223,outer3,xgboost,main,0.04224524646997452
226,outer3,xgboost,main,0.05441293492913246
233,outer3,xgboost,main,0.08309180289506912
239,outer3,xgboost,main,0.09110832959413528
240,outer3,xgboost,main,0.11887651681900024
242,outer3,xgboost,main,0.046291280537843704
248,outer3,xgboost,main,0.20555110275745392
250,outer3,xgboost,main,0.10514003783464432
259,outer3,xgboost,main,0.036466632038354874
265,outer3,xgboost,main,0.07171623408794403
269,outer3,xgboost,main,0.0340932197868824
273,outer3,xgboost,main,0.12378141283988953
281,outer3,xgboost,main,0.03404012694954872
289,outer3,xgboost,main,0.07533286511898041
290,outer3,xgboost,main,0.05194060876965523
303,outer3,xgboost,main,0.0917787179350853
306,outer3,xgboost,main,0.07434824109077454
315,outer3,xgboost,main,0.08089890331029892
316,outer3,xgboost,main,0.12536819279193878
320,outer3,xgboost,main,0.10269918292760849
324,outer3,xgboost,main,0.058059241622686386
329,outer3,xgboost,main,0.2115647792816162
334,outer3,xgboost,main,0.06784363090991974
338,outer3,xgboost,main,0.03149169310927391
339,outer3,xgboost,main,0.037394680082798004
340,outer3,xgboost,main,0.07886524498462677
346,outer3,xgboost,main,0.0603325292468071
352,outer3,xgboost,main,0.05218963697552681
355,outer3,xgboost,main,0.09106104075908661
356,outer3,xgboost,main,0.02909822016954422
359,outer3,xgboost,main,0.07570882141590118
383,outer3,xgboost,main,0.05114803835749626
385,outer3,xgboost,main,0.09459754079580307
390,outer3,xgboost,main,0.03948013484477997
402,outer3,xgboost,main,0.10965902358293533
408,outer3,xgboost,main,0.031065914779901505
413,outer3,xgboost,main,0.0318363681435585
418,outer3,xgboost,main,0.07218072563409805
425,outer3,xgboost,main,0.22172924876213074
426,outer3,xgboost,main,0.03278064355254173
427,outer3,xgboost,main,0.21706457436084747
434,outer3,xgboost,main,0.21894626319408417
438,outer3,xgboost,main,0.10174395889043808
439,outer3,xgboost,main,0.09214191138744354
441,outer3,xgboost,main,0.09888002276420593
445,outer3,xgboost,main,0.05457102879881859
451,outer3,xgboost,main,0.03620626777410507
452,outer3,xgboost,main,0.03677661344408989
454,outer3,xgboost,main,0.047276243567466736
455,outer3,xgboost,main,0.21589182317256927
464,outer3,xgboost,main,0.2580606937408447
465,outer3,xgboost,main,0.1253335326910019
469,outer3,xgboost,main,0.10247810184955597
470,outer3,xgboost,main,0.063204824924469
473,outer3,xgboost,main,0.05586585775017738
489,outer3,xgboost,main,0.05502109229564667
494,outer3,xgboost,main,0.2252405881881714
496,outer3,xgboost,main,0.13241544365882874
498,outer3,xgboost,main,0.18805569410324097
500,outer3,xgboost,main,0.07093750685453415
509,outer3,xgboost,main,0.11759308725595474
511,outer3,xgboost,main,0.06715911626815796
512,outer3,xgboost,main,0.04959317296743393
518,outer3,xgboost,main,0.07822851091623306
524,outer3,xgboost,main,0.04627298191189766
540,outer3,xgboost,main,0.23313330113887787
542,outer3,xgboost,main,0.06309127807617188
545,outer3,xgboost,main,0.2055363953113556
546,outer3,xgboost,main,0.17844747006893158
547,outer3,xgboost,main,0.09709064662456512
558,outer3,xgboost,main,0.05696813389658928
568,outer3,xgboost,main,0.1515822857618332
577,outer3,xgboost,main,0.05586857348680496
582,outer3,xgboost,main,0.09564672410488129
583,outer3,xgboost,main,0.10450583696365356
585,outer3,xgboost,main,0.12157952785491943
586,outer3,xgboost,main,0.06519493460655212
588,outer3,xgboost,main,0.13685688376426697
597,outer3,xgboost,main,0.03377978503704071
599,outer3,xgboost,main,0.06230079010128975
600,outer3,xgboost,main,0.05522094666957855
601,outer3,xgboost,main,0.1009000763297081
604,outer3,xgboost,main,0.06986582279205322
607,outer3,xgboost,main,0.031735893338918686
623,outer3,xgboost,main,0.06803300976753235
632,outer3,xgboost,main,0.08233030885457993
649,outer3,xgboost,main,0.12243404984474182
652,outer3,xgboost,main,0.077509306371212
666,outer3,xgboost,main,0.03395330160856247
671,outer3,xgboost,main,0.09274518489837646
679,outer3,xgboost,main,0.0504339300096035
685,outer3,xgboost,main,0.11340155452489853
688,outer3,xgboost,main,0.18681876361370087
689,outer3,xgboost,main,0.06457319855690002
693,outer3,xgboost,main,0.08012233674526215
697,outer3,xgboost,main,0.648716151714325
699,outer3,xgboost,main,0.03151225671172142
724,outer3,xgboost,main,0.06518775969743729
726,outer3,xgboost,main,0.059996042400598526
728,outer3,xgboost,main,0.14873269200325012
729,outer3,xgboost,main,0.06342795491218567
736,outer3,xgboost,main,0.04304072633385658
747,outer3,xgboost,main,0.10633497685194016
751,outer3,xgboost,main,0.02866481989622116
752,outer3,xgboost,main,0.11476920545101166
754,outer3,xgboost,main,0.12380092591047287
756,outer3,xgboost,main,0.053786780685186386
757,outer3,xgboost,main,0.03904163837432861
765,outer3,xgboost,main,0.027738912031054497
766,outer3,xgboost,main,0.05681511387228966
768,outer3,xgboost,main,0.10053243488073349
784,outer3,xgboost,main,0.1873144507408142
789,outer3,xgboost,main,0.1654662936925888
791,outer3,xgboost,main,0.1167258694767952
795,outer3,xgboost,main,0.06511679291725159
800,outer3,xgboost,main,0.038438018411397934
804,outer3,xgboost,main,0.05465856194496155
806,outer3,xgboost,main,0.20944786071777344
815,outer3,xgboost,main,0.17995165288448334
818,outer3,xgboost,main,0.23562470078468323
819,outer3,xgboost,main,0.06414205580949783
820,outer3,xgboost,main,0.0663374587893486
822,outer3,xgboost,main,0.04497319087386131
823,outer3,xgboost,main,0.08032982796430588
830,outer3,xgboost,main,0.03445488214492798
836,outer3,xgboost,main,0.1695447564125061
839,outer3,xgboost,main,0.05692007392644882
842,outer3,xgboost,main,0.05812276899814606
845,outer3,xgboost,main,0.29614952206611633
863,outer3,xgboost,main,0.04924773424863815
868,outer3,xgboost,main,0.07173147797584534
869,outer3,xgboost,main,0.022347094491124153
870,outer3,xgboost,main,0.06145292893052101
884,outer3,xgboost,main,0.04375917837023735
888,outer3,xgboost,main,0.17373454570770264
892,outer3,xgboost,main,0.04831504076719284
899,outer3,xgboost,main,0.13163317739963531
903,outer3,xgboost,main,0.44310441613197327
911,outer3,xgboost,main,0.15956196188926697
912,outer3,xgboost,main,0.17015132308006287
913,outer3,xgboost,main,0.08026077598333359
928,outer3,xgboost,main,0.05287395045161247
929,outer3,xgboost,main,0.08535125851631165
943,outer3,xgboost,main,0.07254898548126221
958,outer3,xgboost,main,0.04827806353569031
959,outer3,xgboost,main,0.1912977397441864
975,outer3,xgboost,main,0.05389896035194397
977,outer3,xgboost,main,0.05586040019989014
979,outer3,xgboost,main,0.05309661105275154
983,outer3,xgboost,main,0.053862251341342926
988,outer3,xgboost,main,0.08950953185558319
1000,outer3,xgboost,main,0.04296340420842171
1003,outer3,xgboost,main,0.12397818267345428
1006,outer3,xgboost,main,0.06314989179372787
1007,outer3,xgboost,main,0.040981680154800415
1009,outer3,xgboost,main,0.03050520457327366
1011,outer3,xgboost,main,0.30466216802597046
1015,outer3,xgboost,main,0.06516321003437042
1016,outer3,xgboost,main,0.27429789304733276
1037,outer3,xgboost,main,0.053192850202322006
1039,outer3,xgboost,main,0.0672852173447609
1040,outer3,xgboost,main,0.10299806296825409
1042,outer3,xgboost,main,0.17115309834480286
1043,outer3,xgboost,main,0.04413183778524399
1052,outer3,xgboost,main,0.13541783392429352
1060,outer3,xgboost,main,0.05779498815536499
1064,outer3,xgboost,main,0.05752266198396683
1069,outer3,xgboost,main,0.13419000804424286
1076,outer3,xgboost,main,0.1408298760652542
1079,outer3,xgboost,main,0.04354539513587952
1086,outer3,xgboost,main,0.15959210693836212
1091,outer3,xgboost,main,0.058984849601984024
1095,outer3,xgboost,main,0.20404881238937378
1101,outer3,xgboost,main,0.06420668959617615
1102,outer3,xgboost,main,0.4103328287601471
1111,outer3,xgboost,main,0.03589900955557823
1118,outer3,xgboost,main,0.0564926378428936
1121,outer3,xgboost,main,0.3404861092567444
1123,outer3,xgboost,main,0.054173585027456284
1141,outer3,xgboost,main,0.09716416150331497
1144,outer3,xgboost,main,0.07008177042007446
1145,outer3,xgboost,main,0.048053935170173645
1150,outer3,xgboost,main,0.05870866775512695
1172,outer3,xgboost,main,0.1619795560836792
1182,outer3,xgboost,main,0.12106981873512268
1185,outer3,xgboost,main,0.06605818122625351
1189,outer3,xgboost,main,0.05309953913092613
1190,outer3,xgboost,main,0.12985187768936157
1220,outer3,xgboost,main,0.07610882073640823
1222,outer3,xgboost,main,0.034740302711725235
1223,outer3,xgboost,main,0.1747376173734665
1230,outer3,xgboost,main,0.14938482642173767
1231,outer3,xgboost,main,0.10747593641281128
1233,outer3,xgboost,main,0.36304569244384766
1237,outer3,xgboost,main,0.09810268878936768
1238,outer3,xgboost,main,0.04747271537780762
1239,outer3,xgboost,main,0.026219245046377182
1240,outer3,xgboost,main,0.0685376450419426
1242,outer3,xgboost,main,0.08418503403663635
1244,outer3,xgboost,main,0.03410539776086807
1250,outer3,xgboost,main,0.04868457466363907
1251,outer3,xgboost,main,0.0536939799785614
1255,outer3,xgboost,main,0.1470320075750351
1266,outer3,xgboost,main,0.06927769631147385
1279,outer3,xgboost,main,0.023498257622122765
1290,outer3,xgboost,main,0.10134746879339218
1305,outer3,xgboost,main,0.05835655331611633
1306,outer3,xgboost,main,0.2595350742340088
1309,outer3,xgboost,main,0.08937648683786392
1314,outer3,xgboost,main,0.19688387215137482
1317,outer3,xgboost,main,0.08309783041477203
1328,outer3,xgboost,main,0.057484883815050125
1350,outer3,xgboost,main,0.030566051602363586
1354,outer3,xgboost,main,0.03494523465633392
1355,outer3,xgboost,main,0.10629359632730484
1356,outer3,xgboost,main,0.06408841907978058
1363,outer3,xgboost,main,0.2393624186515808
1369,outer3,xgboost,main,0.24276523292064667
1371,outer3,xgboost,main,0.030041063204407692
1379,outer3,xgboost,main,0.047301314771175385
1380,outer3,xgboost,main,0.0742138922214508
1390,outer3,xgboost,main,0.03645648807287216
1398,outer3,xgboost,main,0.27452778816223145
1415,outer3,xgboost,main,0.056546058505773544
1421,outer3,xgboost,main,0.19432760775089264
1431,outer3,xgboost,main,0.06220144405961037
1437,outer3,xgboost,main,0.042477816343307495
1440,outer3,xgboost,main,0.1173010841012001
1459,outer3,xgboost,main,0.1802099347114563
1467,outer3,xgboost,main,0.031280163675546646
1475,outer3,xgboost,main,0.03366594761610031
1488,outer3,xgboost,main,0.07080352306365967
1491,outer3,xgboost,main,0.13066938519477844
1497,outer3,xgboost,main,0.10994744300842285
1498,outer3,xgboost,main,0.3681294918060303
1503,outer3,xgboost,main,0.07275110483169556
1512,outer3,xgboost,main,0.10309235006570816
1513,outer3,xgboost,main,0.03683822974562645
1523,outer3,xgboost,main,0.1768699735403061
1527,outer3,xgboost,main,0.03578292205929756
1531,outer3,xgboost,main,0.1758766770362854
1541,outer3,xgboost,main,0.02995479479432106
1545,outer3,xgboost,main,0.06305930763483047
1549,outer3,xgboost,main,0.03376569598913193
1551,outer3,xgboost,main,0.04171934351325035
1554,outer3,xgboost,main,0.029356861487030983
1555,outer3,xgboost,main,0.06895393878221512
1556,outer3,xgboost,main,0.06196624040603638
1560,outer3,xgboost,main,0.21233169734477997
1576,outer3,xgboost,main,0.10939635336399078
1580,outer3,xgboost,main,0.053457073867321014
1581,outer3,xgboost,main,0.08595869690179825
1584,outer3,xgboost,main,0.09705241769552231
1589,outer3,xgboost,main,0.08535103499889374
1591,outer3,xgboost,main,0.3046005666255951
1599,outer3,xgboost,main,0.051307614892721176
1600,outer3,xgboost,main,0.171539306640625
1602,outer3,xgboost,main,0.06465388089418411
1603,outer3,xgboost,main,0.06100930646061897
1617,outer3,xgboost,main,0.0736987441778183
1624,outer3,xgboost,main,0.03901739418506622
1625,outer3,xgboost,main,0.046095337718725204
1638,outer3,xgboost,main,0.060608260333538055
1639,outer3,xgboost,main,0.07794331014156342
1644,outer3,xgboost,main,0.056081097573041916
1646,outer3,xgboost,main,0.03992507606744766
1647,outer3,xgboost,main,0.07116727530956268
1650,outer3,xgboost,main,0.0608893446624279
1655,outer3,xgboost,main,0.16084051132202148
1662,outer3,xgboost,main,0.03542065620422363
1669,outer3,xgboost,main,0.14219580590724945
1670,outer3,xgboost,main,0.08991570770740509
1672,outer3,xgboost,main,0.058782968670129776
1673,outer3,xgboost,main,0.06964077800512314
1676,outer3,xgboost,main,0.10922755300998688
1681,outer3,xgboost,main,0.1223415806889534
1689,outer3,xgboost,main,0.052834298461675644
1702,outer3,xgboost,main,0.1416073739528656
1705,outer3,xgboost,main,0.04565919190645218
1715,outer3,xgboost,main,0.09175223112106323
1720,outer3,xgboost,main,0.04104870930314064
1724,outer3,xgboost,main,0.09071255475282669
1725,outer3,xgboost,main,0.053826577961444855
1728,outer3,xgboost,main,0.1092253252863884
1729,outer3,xgboost,main,0.08151641488075256
1746,outer3,xgboost,main,0.05947653204202652
1749,outer3,xgboost,main,0.026300083845853806
1754,outer3,xgboost,main,0.03344792127609253
1765,outer3,xgboost,main,0.04213016480207443
1771,outer3,xgboost,main,0.22869321703910828
1781,outer3,xgboost,main,0.07879658043384552
1789,outer3,xgboost,main,0.10395574569702148
1796,outer3,xgboost,main,0.10114949941635132
1798,outer3,xgboost,main,0.03033817745745182
1802,outer3,xgboost,main,0.08311320096254349
1804,outer3,xgboost,main,0.21430133283138275
1806,outer3,xgboost,main,0.02470131404697895
1807,outer3,xgboost,main,0.06313488632440567
1820,outer3,xgboost,main,0.1450408548116684
1821,outer3,xgboost,main,0.037537816911935806
1823,outer3,xgboost,main,0.06251972168684006
1826,outer3,xgboost,main,0.07798831909894943
1830,outer3,xgboost,main,0.07921861857175827
1831,outer3,xgboost,main,0.04263589158654213
1832,outer3,xgboost,main,0.09353321045637131
1851,outer3,xgboost,main,0.02492680586874485
1853,outer3,xgboost,main,0.18044643104076385
1870,outer3,xgboost,main,0.11178939044475555
1874,outer3,xgboost,main,0.09625875949859619
1877,outer3,xgboost,main,0.4285697340965271
1879,outer3,xgboost,main,0.034023258835077286
1890,outer3,xgboost,main,0.1019190177321434
1898,outer3,xgboost,main,0.09775444120168686
1902,outer3,xgboost,main,0.11898594349622726
1904,outer3,xgboost,main,0.09442074596881866
1905,outer3,xgboost,main,0.07051996886730194
1910,outer3,xgboost,main,0.12858133018016815
1911,outer3,xgboost,main,0.10805840790271759
1918,outer3,xgboost,main,0.27391695976257324
1924,outer3,xgboost,main,0.049810513854026794
1928,outer3,xgboost,main,0.10210593789815903
1933,outer3,xgboost,main,0.05635959282517433
1934,outer3,xgboost,main,0.10660064965486526
1939,outer3,xgboost,main,0.04750232771039009
1945,outer3,xgboost,main,0.08576719462871552
1948,outer3,xgboost,main,0.15176738798618317
1954,outer3,xgboost,main,0.05976022034883499
1959,outer3,xgboost,main,0.09045516699552536
1975,outer3,xgboost,main,0.08403588086366653
1977,outer3,xgboost,main,0.031122727319598198
1978,outer3,xgboost,main,0.03633437678217888
1979,outer3,xgboost,main,0.05006071925163269
1980,outer3,xgboost,main,0.10612139850854874
1987,outer3,xgboost,main,0.20276333391666412
1988,outer3,xgboost,main,0.39520972967147827
2000,outer3,xgboost,main,0.06913001835346222
2006,outer3,xgboost,main,0.046881698071956635
2011,outer3,xgboost,main,0.16871897876262665
2013,outer3,xgboost,main,0.07043934613466263
2014,outer3,xgboost,main,0.09320569038391113
2020,outer3,xgboost,main,0.4573121666908264
2026,outer3,xgboost,main,0.13316838443279266
2028,outer3,xgboost,main,0.047296274453401566
2030,outer3,xgboost,main,0.1605389416217804
2037,outer3,xgboost,main,0.03743107616901398
2039,outer3,xgboost,main,0.14417992532253265
2042,outer3,xgboost,main,0.33472251892089844
2049,outer3,xgboost,main,0.05348261445760727
2053,outer3,xgboost,main,0.041035160422325134
2054,outer3,xgboost,main,0.09904967993497849
2060,outer3,xgboost,main,0.09652079641819
2061,outer3,xgboost,main,0.0566098690032959
2068,outer3,xgboost,main,0.06739974766969681
2077,outer3,xgboost,main,0.08570301532745361
2079,outer3,xgboost,main,0.09972967952489853
2080,outer3,xgboost,main,0.07480869442224503
2089,outer3,xgboost,main,0.11221951246261597
2105,outer3,xgboost,main,0.1485409438610077
2107,outer3,xgboost,main,0.08416542410850525
2109,outer3,xgboost,main,0.1229812353849411
2111,outer3,xgboost,main,0.05069582909345627
2115,outer3,xgboost,main,0.12403656542301178
2118,outer3,xgboost,main,0.15401293337345123
2121,outer3,xgboost,main,0.17753736674785614
2125,outer3,xgboost,main,0.3217725157737732
2142,outer3,xgboost,main,0.19735313951969147
2143,outer3,xgboost,main,0.04711269214749336
2145,outer3,xgboost,main,0.04078132286667824
2149,outer3,xgboost,main,0.05248521640896797
2150,outer3,xgboost,main,0.06290962547063828
2153,outer3,xgboost,main,0.10444214940071106
2156,outer3,xgboost,main,0.08509588986635208
2159,outer3,xgboost,main,0.05258763208985329
2160,outer3,xgboost,main,0.049809779971838
2164,outer3,xgboost,main,0.10572323203086853
2177,outer3,xgboost,main,0.027099495753645897
2179,outer3,xgboost,main,0.09566783905029297
2182,outer3,xgboost,main,0.08483464270830154
2183,outer3,xgboost,main,0.09965045750141144
2188,outer3,xgboost,main,0.06692720204591751
2199,outer3,xgboost,main,0.08451888710260391
2203,outer3,xgboost,main,0.05398071929812431
2205,outer3,xgboost,main,0.13766470551490784
2212,outer3,xgboost,main,0.049338117241859436
2213,outer3,xgboost,main,0.034880027174949646
2217,outer3,xgboost,main,0.12459176778793335
2222,outer3,xgboost,main,0.07354428619146347
2227,outer3,xgboost,main,0.09259767085313797
2232,outer3,xgboost,main,0.020371360704302788
2241,outer3,xgboost,main,0.09872576594352722
2256,outer3,xgboost,main,0.027684642001986504
2260,outer3,xgboost,main,0.06015278398990631
2264,outer3,xgboost,main,0.14710968732833862
2272,outer3,xgboost,main,0.09053478389978409
2285,outer3,xgboost,main,0.061882998794317245
2294,outer3,xgboost,main,0.040521927177906036
2295,outer3,xgboost,main,0.036576151847839355
2296,outer3,xgboost,main,0.03533284738659859
2299,outer3,xgboost,main,0.19538123905658722
2300,outer3,xgboost,main,0.09392068535089493
2301,outer3,xgboost,main,0.09777837991714478
2309,outer3,xgboost,main,0.053148429840803146
2313,outer3,xgboost,main,0.04998702555894852
2318,outer3,xgboost,main,0.06634573638439178
2328,outer3,xgboost,main,0.05960261821746826
2329,outer3,xgboost,main,0.04878007993102074
2335,outer3,xgboost,main,0.030092667788267136
2339,outer3,xgboost,main,0.17567496001720428
2341,outer3,xgboost,main,0.2983149290084839
2349,outer3,xgboost,main,0.2364199459552765
2350,outer3,xgboost,main,0.07037712633609772
2363,outer3,xgboost,main,0.036877915263175964
2364,outer3,xgboost,main,0.043957121670246124
2374,outer3,xgboost,main,0.04767461121082306
2379,outer3,xgboost,main,0.1268966943025589
2394,outer3,xgboost,main,0.03142792358994484
2397,outer3,xgboost,main,0.1082986369729042
2398,outer3,xgboost,main,0.027758128941059113
2401,outer3,xgboost,main,0.14653083682060242
2402,outer3,xgboost,main,0.1116936206817627
2404,outer3,xgboost,main,0.049035388976335526
2411,outer3,xgboost,main,0.04717980697751045
2414,outer3,xgboost,main,0.04475918412208557
2415,outer3,xgboost,main,0.11809056997299194
2418,outer3,xgboost,main,0.048787958920001984
2421,outer3,xgboost,main,0.18606692552566528
2425,outer3,xgboost,main,0.03445574641227722
2426,outer3,xgboost,main,0.037122491747140884
2428,outer3,xgboost,main,0.06292667239904404
2433,outer3,xgboost,main,0.11449459940195084
2436,outer3,xgboost,main,0.05109543725848198
2441,outer3,xgboost,main,0.06122952699661255
2442,outer3,xgboost,main,0.03537210822105408
2445,outer3,xgboost,main,0.04267330840229988
2457,outer3,xgboost,main,0.07184407860040665
2478,outer3,xgboost,main,0.03264263644814491
2486,outer3,xgboost,main,0.05770231783390045
2489,outer3,xgboost,main,0.08675424754619598
2492,outer3,xgboost,main,0.05260350555181503
2495,outer3,xgboost,main,0.09421753138303757
2498,outer3,xgboost,main,0.05384187027812004
2499,outer3,xgboost,main,0.07866393029689789
2508,outer3,xgboost,main,0.10877812653779984
2515,outer3,xgboost,main,0.21452809870243073
2521,outer3,xgboost,main,0.11996310204267502
2525,outer3,xgboost,main,0.34830811619758606
2529,outer3,xgboost,main,0.04958264157176018
2532,outer3,xgboost,main,0.23530657589435577
2534,outer3,xgboost,main,0.31561002135276794
2537,outer3,xgboost,main,0.05481860041618347
2551,outer3,xgboost,main,0.053307127207517624
2558,outer3,xgboost,main,0.031077492982149124
2561,outer3,xgboost,main,0.14992590248584747
2564,outer3,xgboost,main,0.13135926425457
2569,outer3,xgboost,main,0.08608175069093704
2576,outer3,xgboost,main,0.07959536463022232
2581,outer3,xgboost,main,0.07748062908649445
2582,outer3,xgboost,main,0.1676519513130188
2584,outer3,xgboost,main,0.09561201930046082
2597,outer3,xgboost,main,0.131722092628479
2602,outer3,xgboost,main,0.18421462178230286
2615,outer3,xgboost,main,0.040172528475522995
2621,outer3,xgboost,main,0.09326563030481339
2632,outer3,xgboost,main,0.1037500649690628
2637,outer3,xgboost,main,0.07341788709163666
2642,outer3,xgboost,main,0.1144898384809494
2647,outer3,xgboost,main,0.29460492730140686
2648,outer3,xgboost,main,0.042055193334817886
2658,outer3,xgboost,main,0.10201304405927658
2674,outer3,xgboost,main,0.1331692636013031
2683,outer3,xgboost,main,0.023674311116337776
2685,outer3,xgboost,main,0.04433279111981392
2691,outer3,xgboost,main,0.047234054654836655
2693,outer3,xgboost,main,0.0422808863222599
2694,outer3,xgboost,main,0.10618997365236282
2696,outer3,xgboost,main,0.03871621564030647
2698,outer3,xgboost,main,0.12329768389463425
2699,outer3,xgboost,main,0.07378194481134415
2702,outer3,xgboost,main,0.04159003123641014
2708,outer3,xgboost,main,0.046682436019182205
2709,outer3,xgboost,main,0.07435035705566406
2713,outer3,xgboost,main,0.16360785067081451
2714,outer3,xgboost,main,0.03758499026298523
2715,outer3,xgboost,main,0.064440056681633
2718,outer3,xgboost,main,0.03188438341021538
2723,outer3,xgboost,main,0.030288895592093468
2725,outer3,xgboost,main,0.07551615685224533
2728,outer3,xgboost,main,0.17246808111667633
2729,outer3,xgboost,main,0.09342170506715775
2733,outer3,xgboost,main,0.13873901963233948
2747,outer3,xgboost,main,0.04945330321788788
2753,outer3,xgboost,main,0.06794533133506775
2757,outer3,xgboost,main,0.051049429923295975
2758,outer3,xgboost,main,0.10219239443540573
2780,outer3,xgboost,main,0.250215083360672
2782,outer3,xgboost,main,0.5351606011390686
2786,outer3,xgboost,main,0.08313273638486862
2791,outer3,xgboost,main,0.038414884358644485
2808,outer3,xgboost,main,0.08135560154914856
2813,outer3,xgboost,main,0.1394399255514145
2820,outer3,xgboost,main,0.0987144336104393
2827,outer3,xgboost,main,0.03327634185552597
2828,outer3,xgboost,main,0.10350316017866135
2832,outer3,xgboost,main,0.06347580999135971
2839,outer3,xgboost,main,0.08748558163642883
2846,outer3,xgboost,main,0.07575526833534241
2858,outer3,xgboost,main,0.0354558490216732
2870,outer3,xgboost,main,0.11848738044500351
2879,outer3,xgboost,main,0.08099440485239029
2889,outer3,xgboost,main,0.11048221588134766
2891,outer3,xgboost,main,0.09311889111995697
2896,outer3,xgboost,main,0.10574473440647125
2901,outer3,xgboost,main,0.045985881239175797
2903,outer3,xgboost,main,0.09044406563043594
2905,outer3,xgboost,main,0.04743311181664467
2909,outer3,xgboost,main,0.047885578125715256
2914,outer3,xgboost,main,0.10418419539928436
2918,outer3,xgboost,main,0.04752624034881592
2920,outer3,xgboost,main,0.14131680130958557
2923,outer3,xgboost,main,0.03972616046667099
2926,outer3,xgboost,main,0.18265368044376373
2928,outer3,xgboost,main,0.22847197949886322
2936,outer3,xgboost,main,0.09195246547460556
2942,outer3,xgboost,main,0.07433172315359116
2945,outer3,xgboost,main,0.02960275486111641
2946,outer3,xgboost,main,0.05834195017814636
2956,outer3,xgboost,main,0.11530464887619019
2957,outer3,xgboost,main,0.11926396936178207
2961,outer3,xgboost,main,0.10404609143733978
2962,outer3,xgboost,main,0.3296014666557312
2965,outer3,xgboost,main,0.08252540230751038
2970,outer3,xgboost,main,0.04926660656929016
2976,outer3,xgboost,main,0.06747341901063919
2981,outer3,xgboost,main,0.03184451907873154
2984,outer3,xgboost,main,0.047262776643037796
2986,outer3,xgboost,main,0.12890662252902985
2989,outer3,xgboost,main,0.08146500587463379
2991,outer3,xgboost,main,0.05752851814031601
2992,outer3,xgboost,main,0.031121818348765373
3002,outer3,xgboost,main,0.2519940137863159
3003,outer3,xgboost,main,0.053242575377225876
3005,outer3,xgboost,main,0.07688825577497482
3011,outer3,xgboost,main,0.10121244192123413
3022,outer3,xgboost,main,0.11698673665523529
3029,outer3,xgboost,main,0.05554387345910072
3034,outer3,xgboost,main,0.259836882352829
3037,outer3,xgboost,main,0.07274553924798965
3042,outer3,xgboost,main,0.03773098066449165
3043,outer3,xgboost,main,0.039373043924570084
3044,outer3,xgboost,main,0.14843152463436127
3050,outer3,xgboost,main,0.08473435044288635
3051,outer3,xgboost,main,0.07093294709920883
3052,outer3,xgboost,main,0.058833047747612
3058,outer3,xgboost,main,0.19212108850479126
3065,outer3,xgboost,main,0.199079230427742
3070,outer3,xgboost,main,0.08155850321054459
3081,outer3,xgboost,main,0.08325555920600891
3091,outer3,xgboost,main,0.02763380855321884
3092,outer3,xgboost,main,0.12099786847829819
3093,outer3,xgboost,main,0.08395452052354813
3096,outer3,xgboost,main,0.09402219951152802
3100,outer3,xgboost,main,0.05973442271351814
3102,outer3,xgboost,main,0.2630709111690521
3104,outer3,xgboost,main,0.0483926497399807
3116,outer3,xgboost,main,0.03734346106648445
3121,outer3,xgboost,main,0.03705189749598503
3123,outer3,xgboost,main,0.0373380184173584
3127,outer3,xgboost,main,0.1902322918176651
3128,outer3,xgboost,main,0.14559826254844666
3135,outer3,xgboost,main,0.20018692314624786
3136,outer3,xgboost,main,0.044259391725063324
3140,outer3,xgboost,main,0.0460193008184433
3141,outer3,xgboost,main,0.043191175907850266
3145,outer3,xgboost,main,0.08754514902830124
3148,outer3,xgboost,main,0.026246439665555954
3149,outer3,xgboost,main,0.03522004559636116
3150,outer3,xgboost,main,0.17223355174064636
3152,outer3,xgboost,main,0.026996491476893425
3157,outer3,xgboost,main,0.13467039167881012
3169,outer3,xgboost,main,0.021751103922724724
3179,outer3,xgboost,main,0.0346837192773819
3184,outer3,xgboost,main,0.03601997718214989
3186,outer3,xgboost,main,0.0768280029296875
3187,outer3,xgboost,main,0.23652054369449615
3188,outer3,xgboost,main,0.12102468311786652
3190,outer3,xgboost,main,0.11648853868246078
3199,outer3,xgboost,main,0.23651264607906342
3200,outer3,xgboost,main,0.05570899695158005
3201,outer3,xgboost,main,0.26300859451293945
3211,outer3,xgboost,main,0.06451722979545593
3218,outer3,xgboost,main,0.035741280764341354
3222,outer3,xgboost,main,0.02709096111357212
3224,outer3,xgboost,main,0.07946288585662842
3231,outer3,xgboost,main,0.07775616645812988
3233,outer3,xgboost,main,0.1251535713672638
3239,outer3,xgboost,main,0.06349839270114899
3243,outer3,xgboost,main,0.21461652219295502
3244,outer3,xgboost,main,0.07189413160085678
3245,outer3,xgboost,main,0.08870215713977814
3247,outer3,xgboost,main,0.06240265443921089
3251,outer3,xgboost,main,0.026892900466918945
3266,outer3,xgboost,main,0.054081302136182785
3268,outer3,xgboost,main,0.09941224753856659
3277,outer3,xgboost,main,0.05910678580403328
3280,outer3,xgboost,main,0.05963250249624252
3281,outer3,xgboost,main,0.0467645637691021
3284,outer3,xgboost,main,0.036198440939188004
3291,outer3,xgboost,main,0.040677182376384735
3297,outer3,xgboost,main,0.062341444194316864
3298,outer3,xgboost,main,0.06794040650129318
3300,outer3,xgboost,main,0.06805621832609177
3304,outer3,xgboost,main,0.0443330816924572
3311,outer3,xgboost,main,0.21837739646434784
3312,outer3,xgboost,main,0.06381643563508987
3313,outer3,xgboost,main,0.036874450743198395
3317,outer3,xgboost,main,0.12567582726478577
3354,outer3,xgboost,main,0.039236556738615036
3356,outer3,xgboost,main,0.03571826592087746
3359,outer3,xgboost,main,0.07133571058511734
3374,outer3,xgboost,main,0.034902170300483704
3389,outer3,xgboost,main,0.12253432720899582
3391,outer3,xgboost,main,0.11320047825574875
3393,outer3,xgboost,main,0.04318225011229515
3397,outer3,xgboost,main,0.03967980295419693
3401,outer3,xgboost,main,0.07061655074357986
3404,outer3,xgboost,main,0.05467333644628525
3405,outer3,xgboost,main,0.1019524559378624
3408,outer3,xgboost,main,0.15366674959659576
3410,outer3,xgboost,main,0.22496503591537476
3411,outer3,xgboost,main,0.04231952875852585
3416,outer3,xgboost,main,0.06314364075660706
3418,outer3,xgboost,main,0.04045238718390465
3421,outer3,xgboost,main,0.04675067216157913
3427,outer3,xgboost,main,0.06188679859042168
3430,outer3,xgboost,main,0.12877170741558075
3431,outer3,xgboost,main,0.1081538125872612
3434,outer3,xgboost,main,0.04962417110800743
3438,outer3,xgboost,main,0.04291544109582901
3445,outer3,xgboost,main,0.1615237146615982
3452,outer3,xgboost,main,0.15855160355567932
3454,outer3,xgboost,main,0.21048063039779663
3459,outer3,xgboost,main,0.22698090970516205
3461,outer3,xgboost,main,0.06203823164105415
3474,outer3,xgboost,main,0.021607952192425728
3476,outer3,xgboost,main,0.037966132164001465
3479,outer3,xgboost,main,0.12063596397638321
3485,outer3,xgboost,main,0.15155024826526642
3499,outer3,xgboost,main,0.08268101513385773
3514,outer3,xgboost,main,0.05280100926756859
3519,outer3,xgboost,main,0.04046892002224922
3521,outer3,xgboost,main,0.06975967437028885
3524,outer3,xgboost,main,0.14390243589878082
3529,outer3,xgboost,main,0.048116859048604965
3530,outer3,xgboost,main,0.11242195963859558
3532,outer3,xgboost,main,0.373809814453125
3534,outer3,xgboost,main,0.06297329813241959
3536,outer3,xgboost,main,0.12388259917497635
3538,outer3,xgboost,main,0.15348200500011444
3545,outer3,xgboost,main,0.13238942623138428
3546,outer3,xgboost,main,0.12251823395490646
3551,outer3,xgboost,main,0.11529604345560074
3554,outer3,xgboost,main,0.11717218905687332
3555,outer3,xgboost,main,0.17499952018260956
3556,outer3,xgboost,main,0.04326964169740677
3557,outer3,xgboost,main,0.0949660912156105
3566,outer3,xgboost,main,0.06073838099837303
3569,outer3,xgboost,main,0.034688275307416916
3572,outer3,xgboost,main,0.04264305531978607
3577,outer3,xgboost,main,0.23138558864593506
3595,outer3,xgboost,main,0.042444974184036255
3604,outer3,xgboost,main,0.05176197737455368
3606,outer3,xgboost,main,0.06719706207513809
3607,outer3,xgboost,main,0.04064857214689255
3610,outer3,xgboost,main,0.16008292138576508
3611,outer3,xgboost,main,0.1809234917163849
3614,outer3,xgboost,main,0.11658886820077896
3622,outer3,xgboost,main,0.09650211036205292
3625,outer3,xgboost,main,0.04060380905866623
3626,outer3,xgboost,main,0.12966671586036682
3629,outer3,xgboost,main,0.10920333862304688
3630,outer3,xgboost,main,0.1236749142408371
3634,outer3,xgboost,main,0.053620219230651855
3637,outer3,xgboost,main,0.15660123527050018
3644,outer3,xgboost,main,0.057877618819475174
3647,outer3,xgboost,main,0.1108536422252655
3648,outer3,xgboost,main,0.0733235627412796
3660,outer3,xgboost,main,0.039981674402952194
3661,outer3,xgboost,main,0.046061351895332336
3665,outer3,xgboost,main,0.0376000851392746
3669,outer3,xgboost,main,0.026251791045069695
3676,outer3,xgboost,main,0.03517167270183563
3685,outer3,xgboost,main,0.08706942200660706
3686,outer3,xgboost,main,0.04932049289345741
3687,outer3,xgboost,main,0.04424174502491951
3689,outer3,xgboost,main,0.04000033810734749
3691,outer3,xgboost,main,0.06217234581708908
3694,outer3,xgboost,main,0.07316122949123383
3700,outer3,xgboost,main,0.03552161902189255
3703,outer3,xgboost,main,0.030674999579787254
3710,outer3,xgboost,main,0.05223552882671356
3711,outer3,xgboost,main,0.13174451887607574
3724,outer3,xgboost,main,0.04245071858167648
3732,outer3,xgboost,main,0.0736464187502861
3747,outer3,xgboost,main,0.10040115565061569
3752,outer3,xgboost,main,0.10824383795261383
3753,outer3,xgboost,main,0.04778767004609108
3754,outer3,xgboost,main,0.20421317219734192
3755,outer3,xgboost,main,0.1602567434310913
3764,outer3,xgboost,main,0.07050547003746033
3766,outer3,xgboost,main,0.16351240873336792
3768,outer3,xgboost,main,0.07826225459575653
3771,outer3,xgboost,main,0.04367585480213165
3772,outer3,xgboost,main,0.11485122889280319
3778,outer3,xgboost,main,0.2265978753566742
3779,outer3,xgboost,main,0.06529608368873596
3789,outer3,xgboost,main,0.04551539942622185
3795,outer3,xgboost,main,0.08805637061595917
3798,outer3,xgboost,main,0.20637322962284088
3800,outer3,xgboost,main,0.14751464128494263
3801,outer3,xgboost,main,0.06645387411117554
3802,outer3,xgboost,main,0.17591743171215057
3806,outer3,xgboost,main,0.1391574889421463
3808,outer3,xgboost,main,0.40798917412757874
3810,outer3,xgboost,main,0.06340435892343521
3811,outer3,xgboost,main,0.09948428720235825
3816,outer3,xgboost,main,0.033643629401922226
3820,outer3,xgboost,main,0.07585342973470688
3827,outer3,xgboost,main,0.37585949897766113
3830,outer3,xgboost,main,0.06801377236843109
3832,outer3,xgboost,main,0.03160139545798302
3835,outer3,xgboost,main,0.07046719640493393
3852,outer3,xgboost,main,0.05528693646192551
3865,outer3,xgboost,main,0.1096658930182457
3872,outer3,xgboost,main,0.14920178055763245
3875,outer3,xgboost,main,0.024293208494782448
3881,outer3,xgboost,main,0.02938101440668106
3886,outer3,xgboost,main,0.141916885972023
3890,outer3,xgboost,main,0.13380694389343262
3898,outer3,xgboost,main,0.05518319830298424
3904,outer3,xgboost,main,0.11683592200279236
3911,outer3,xgboost,main,0.05916666239500046
3923,outer3,xgboost,main,0.04542892426252365
3929,outer3,xgboost,main,0.032364554703235626
3933,outer3,xgboost,main,0.06640799343585968
3938,outer3,xgboost,main,0.04526059329509735
3955,outer3,xgboost,main,0.061788786202669144
3956,outer3,xgboost,main,0.25192153453826904
3962,outer3,xgboost,main,0.1215687021613121
3964,outer3,xgboost,main,0.06564193964004517
3968,outer3,xgboost,main,0.02605571784079075
3973,outer3,xgboost,main,0.03488919511437416
3982,outer3,xgboost,main,0.0438726432621479
3986,outer3,xgboost,main,0.043780893087387085
3987,outer3,xgboost,main,0.03523935005068779
3991,outer3,xgboost,main,0.12962105870246887
3992,outer3,xgboost,main,0.08507081866264343
3996,outer3,xgboost,main,0.07473938167095184
4003,outer3,xgboost,main,0.03747355192899704
4005,outer3,xgboost,main,0.15905234217643738
4006,outer3,xgboost,main,0.24599464237689972
4007,outer3,xgboost,main,0.07550586760044098
4011,outer3,xgboost,main,0.048828959465026855
4021,outer3,xgboost,main,0.14293545484542847
4024,outer3,xgboost,main,0.18196935951709747
4025,outer3,xgboost,main,0.03197702765464783
4027,outer3,xgboost,main,0.06563854962587357
4043,outer3,xgboost,main,0.3695228099822998
4044,outer3,xgboost,main,0.07910528779029846
4045,outer3,xgboost,main,0.03466082364320755
4053,outer3,xgboost,main,0.1243608370423317
4067,outer3,xgboost,main,0.1573304384946823
4076,outer3,xgboost,main,0.11296038329601288
4099,outer3,xgboost,main,0.04225044324994087
4100,outer3,xgboost,main,0.07799077033996582
4119,outer3,xgboost,main,0.05322597175836563
4120,outer3,xgboost,main,0.14951661229133606
4123,outer3,xgboost,main,0.09773752093315125
4124,outer3,xgboost,main,0.06041739135980606
4125,outer3,xgboost,main,0.19783751666545868
4126,outer3,xgboost,main,0.04859247803688049
4132,outer3,xgboost,main,0.07267233729362488
4137,outer3,xgboost,main,0.061333175748586655
4140,outer3,xgboost,main,0.17635557055473328
4148,outer3,xgboost,main,0.08994755148887634
4153,outer3,xgboost,main,0.12234309315681458
4160,outer3,xgboost,main,0.11934482306241989
4163,outer3,xgboost,main,0.062130607664585114
4167,outer3,xgboost,main,0.05503260716795921
4170,outer3,xgboost,main,0.05006502568721771
4173,outer3,xgboost,main,0.09158037602901459
4175,outer3,xgboost,main,0.08765062689781189
4180,outer3,xgboost,main,0.03469381853938103
4183,outer3,xgboost,main,0.03673357143998146
4184,outer3,xgboost,main,0.025166941806674004
4186,outer3,xgboost,main,0.08921593427658081
4191,outer3,xgboost,main,0.03205433115363121
4193,outer3,xgboost,main,0.04093974828720093
4203,outer3,xgboost,main,0.18616273999214172
4206,outer3,xgboost,main,0.030708273872733116
4208,outer3,xgboost,main,0.08449625968933105
4212,outer3,xgboost,main,0.11577045917510986
4216,outer3,xgboost,main,0.067703016102314
4220,outer3,xgboost,main,0.07378971576690674
4227,outer3,xgboost,main,0.08005606383085251
4229,outer3,xgboost,main,0.08377239108085632
4246,outer3,xgboost,main,0.0795905590057373
4247,outer3,xgboost,main,0.07470930367708206
4253,outer3,xgboost,main,0.16658832132816315
4256,outer3,xgboost,main,0.06746366620063782
4264,outer3,xgboost,main,0.05039100721478462
4267,outer3,xgboost,main,0.09049136191606522
4271,outer3,xgboost,main,0.0413571372628212
4272,outer3,xgboost,main,0.12065214663743973
4274,outer3,xgboost,main,0.07775415480136871
4278,outer3,xgboost,main,0.07279802858829498
4280,outer3,xgboost,main,0.09414725750684738
4283,outer3,xgboost,main,0.09385766834020615
4291,outer3,xgboost,main,0.10388411581516266
4297,outer3,xgboost,main,0.2061367928981781
4298,outer3,xgboost,main,0.06512153893709183
4302,outer3,xgboost,main,0.040361855179071426
4307,outer3,xgboost,main,0.04621436446905136
4311,outer3,xgboost,main,0.14588235318660736
4322,outer3,xgboost,main,0.051722943782806396
4323,outer3,xgboost,main,0.035222142934799194
4326,outer3,xgboost,main,0.13203245401382446
4332,outer3,xgboost,main,0.07204163074493408
4342,outer3,xgboost,main,0.11486095190048218
0,outer4,xgboost,main,0.03661588951945305
2,outer4,xgboost,main,0.0235823355615139
3,outer4,xgboost,main,0.047431785613298416
5,outer4,xgboost,main,0.2377902716398239
8,outer4,xgboost,main,0.18455180525779724
9,outer4,xgboost,main,0.07953713089227676
25,outer4,xgboost,main,0.04105234146118164
26,outer4,xgboost,main,0.08630543947219849
29,outer4,xgboost,main,0.04305114969611168
31,outer4,xgboost,main,0.02262977883219719
44,outer4,xgboost,main,0.11858239769935608
52,outer4,xgboost,main,0.03633369132876396
55,outer4,xgboost,main,0.11699400842189789
58,outer4,xgboost,main,0.08376138657331467
64,outer4,xgboost,main,0.10537739843130112
66,outer4,xgboost,main,0.354581356048584
68,outer4,xgboost,main,0.0735768973827362
72,outer4,xgboost,main,0.26483872532844543
79,outer4,xgboost,main,0.19096586108207703
87,outer4,xgboost,main,0.04463852569460869
91,outer4,xgboost,main,0.08846443146467209
97,outer4,xgboost,main,0.060383617877960205
107,outer4,xgboost,main,0.024743156507611275
111,outer4,xgboost,main,0.07593818008899689
113,outer4,xgboost,main,0.07430321723222733
124,outer4,xgboost,main,0.023415129631757736
128,outer4,xgboost,main,0.37584635615348816
138,outer4,xgboost,main,0.037238966673612595
142,outer4,xgboost,main,0.0625215545296669
151,outer4,xgboost,main,0.06448064744472504
154,outer4,xgboost,main,0.024563631042838097
164,outer4,xgboost,main,0.07319111377000809
167,outer4,xgboost,main,0.4999161958694458
169,outer4,xgboost,main,0.03647845983505249
172,outer4,xgboost,main,0.4207727611064911
181,outer4,xgboost,main,0.029886340722441673
186,outer4,xgboost,main,0.04502302408218384
187,outer4,xgboost,main,0.06538312137126923
195,outer4,xgboost,main,0.06621504575014114
196,outer4,xgboost,main,0.06794605404138565
199,outer4,xgboost,main,0.30721667408943176
205,outer4,xgboost,main,0.20105136930942535
207,outer4,xgboost,main,0.0216079019010067
210,outer4,xgboost,main,0.15390442311763763
216,outer4,xgboost,main,0.04955355077981949
218,outer4,xgboost,main,0.04400395229458809
221,outer4,xgboost,main,0.02529650367796421
222,outer4,xgboost,main,0.09076397120952606
224,outer4,xgboost,main,0.04507898539304733
229,outer4,xgboost,main,0.44950932264328003
234,outer4,xgboost,main,0.22398418188095093
237,outer4,xgboost,main,0.019310036674141884
249,outer4,xgboost,main,0.09018444269895554
255,outer4,xgboost,main,0.05013521388173103
258,outer4,xgboost,main,0.30711638927459717
260,outer4,xgboost,main,0.17524687945842743
267,outer4,xgboost,main,0.054297417402267456
268,outer4,xgboost,main,0.5966199040412903
278,outer4,xgboost,main,0.15350167453289032
287,outer4,xgboost,main,0.04426819086074829
297,outer4,xgboost,main,0.26507407426834106
304,outer4,xgboost,main,0.129792258143425
309,outer4,xgboost,main,0.07249439507722855
312,outer4,xgboost,main,0.258052796125412
325,outer4,xgboost,main,0.08104994893074036
332,outer4,xgboost,main,0.5221487283706665
347,outer4,xgboost,main,0.053100161254405975
351,outer4,xgboost,main,0.05010836571455002
353,outer4,xgboost,main,0.14849859476089478
357,outer4,xgboost,main,0.08820463716983795
362,outer4,xgboost,main,0.07439280301332474
368,outer4,xgboost,main,0.03057863749563694
369,outer4,xgboost,main,0.24170807003974915
370,outer4,xgboost,main,0.05663652718067169
371,outer4,xgboost,main,0.028052300214767456
373,outer4,xgboost,main,0.10545425117015839
381,outer4,xgboost,main,0.2971917390823364
388,outer4,xgboost,main,0.08489540964365005
389,outer4,xgboost,main,0.028595756739377975
391,outer4,xgboost,main,0.041047047823667526
395,outer4,xgboost,main,0.02171294018626213
396,outer4,xgboost,main,0.10666664689779282
397,outer4,xgboost,main,0.05467043071985245
400,outer4,xgboost,main,0.04330448806285858
404,outer4,xgboost,main,0.055149734020233154
407,outer4,xgboost,main,0.24488475918769836
409,outer4,xgboost,main,0.05297034606337547
412,outer4,xgboost,main,0.02392815612256527
414,outer4,xgboost,main,0.01601865142583847
420,outer4,xgboost,main,0.11402513831853867
422,outer4,xgboost,main,0.11711899936199188
424,outer4,xgboost,main,0.1722174882888794
435,outer4,xgboost,main,0.06405102461576462
443,outer4,xgboost,main,0.10718786716461182
444,outer4,xgboost,main,0.054608386009931564
456,outer4,xgboost,main,0.7108966708183289
459,outer4,xgboost,main,0.03186110407114029
462,outer4,xgboost,main,0.13969829678535461
478,outer4,xgboost,main,0.07611914724111557
481,outer4,xgboost,main,0.11383435130119324
484,outer4,xgboost,main,0.0844314768910408
485,outer4,xgboost,main,0.07724062353372574
486,outer4,xgboost,main,0.035120654851198196
491,outer4,xgboost,main,0.048718955367803574
495,outer4,xgboost,main,0.07323922216892242
508,outer4,xgboost,main,0.04908628761768341
513,outer4,xgboost,main,0.025206077843904495
517,outer4,xgboost,main,0.1721932291984558
521,outer4,xgboost,main,0.043076202273368835
527,outer4,xgboost,main,0.06618867814540863
530,outer4,xgboost,main,0.04982806369662285
531,outer4,xgboost,main,0.020200621336698532
533,outer4,xgboost,main,0.024582387879490852
536,outer4,xgboost,main,0.10065554082393646
544,outer4,xgboost,main,0.033779047429561615
556,outer4,xgboost,main,0.049604788422584534
559,outer4,xgboost,main,0.04076802730560303
564,outer4,xgboost,main,0.06038771942257881
589,outer4,xgboost,main,0.06407412141561508
594,outer4,xgboost,main,0.06287126243114471
602,outer4,xgboost,main,0.03614060580730438
614,outer4,xgboost,main,0.03338960185647011
616,outer4,xgboost,main,0.09844506531953812
622,outer4,xgboost,main,0.08276958763599396
625,outer4,xgboost,main,0.027536898851394653
626,outer4,xgboost,main,0.31069356203079224
639,outer4,xgboost,main,0.322316437959671
654,outer4,xgboost,main,0.03528277203440666
659,outer4,xgboost,main,0.2146548330783844
664,outer4,xgboost,main,0.10304606705904007
665,outer4,xgboost,main,0.04108032211661339
667,outer4,xgboost,main,0.0664253681898117
672,outer4,xgboost,main,0.05220000073313713
678,outer4,xgboost,main,0.04433271288871765
680,outer4,xgboost,main,0.17338773608207703
682,outer4,xgboost,main,0.13558436930179596
684,outer4,xgboost,main,0.12899962067604065
686,outer4,xgboost,main,0.029552442952990532
701,outer4,xgboost,main,0.026928000152111053
702,outer4,xgboost,main,0.06854831427335739
703,outer4,xgboost,main,0.023571303114295006
705,outer4,xgboost,main,0.01868465729057789
711,outer4,xgboost,main,0.04579584300518036
716,outer4,xgboost,main,0.15903975069522858
720,outer4,xgboost,main,0.058944687247276306
721,outer4,xgboost,main,0.03174976631999016
723,outer4,xgboost,main,0.3526994585990906
727,outer4,xgboost,main,0.31022748351097107
730,outer4,xgboost,main,0.1701420396566391
734,outer4,xgboost,main,0.28071120381355286
741,outer4,xgboost,main,0.06383614242076874
750,outer4,xgboost,main,0.05454402416944504
760,outer4,xgboost,main,0.04218116030097008
762,outer4,xgboost,main,0.028604641556739807
763,outer4,xgboost,main,0.2527570426464081
767,outer4,xgboost,main,0.04617302119731903
769,outer4,xgboost,main,0.04052252694964409
770,outer4,xgboost,main,0.05244946479797363
779,outer4,xgboost,main,0.07305296510457993
781,outer4,xgboost,main,0.048554882407188416
785,outer4,xgboost,main,0.033366501331329346
807,outer4,xgboost,main,0.04007326811552048
811,outer4,xgboost,main,0.06768882274627686
813,outer4,xgboost,main,0.04638862609863281
816,outer4,xgboost,main,0.06904985010623932
817,outer4,xgboost,main,0.11690123379230499
821,outer4,xgboost,main,0.007550095673650503
824,outer4,xgboost,main,0.05463671311736107
826,outer4,xgboost,main,0.08897489309310913
832,outer4,xgboost,main,0.0861470103263855
835,outer4,xgboost,main,0.20307178795337677
840,outer4,xgboost,main,0.05826028063893318
843,outer4,xgboost,main,0.15350279211997986
854,outer4,xgboost,main,0.054213594645261765
857,outer4,xgboost,main,0.08914290368556976
860,outer4,xgboost,main,0.045958012342453
862,outer4,xgboost,main,0.27868831157684326
865,outer4,xgboost,main,0.3601821959018707
876,outer4,xgboost,main,0.04191635176539421
877,outer4,xgboost,main,0.16691963374614716
879,outer4,xgboost,main,0.42637181282043457
883,outer4,xgboost,main,0.1015188992023468
890,outer4,xgboost,main,0.028781041502952576
893,outer4,xgboost,main,0.13998916745185852
900,outer4,xgboost,main,0.03448934480547905
904,outer4,xgboost,main,0.10702772438526154
910,outer4,xgboost,main,0.17904701828956604
917,outer4,xgboost,main,0.04684985429048538
923,outer4,xgboost,main,0.477102667093277
927,outer4,xgboost,main,0.10142751783132553
930,outer4,xgboost,main,0.16419203579425812
942,outer4,xgboost,main,0.03192426636815071
945,outer4,xgboost,main,0.10526131838560104
947,outer4,xgboost,main,0.21271270513534546
948,outer4,xgboost,main,0.06688304245471954
950,outer4,xgboost,main,0.18722602725028992
963,outer4,xgboost,main,0.05792320892214775
965,outer4,xgboost,main,0.06149349361658096
970,outer4,xgboost,main,0.10388994961977005
971,outer4,xgboost,main,0.22727297246456146
972,outer4,xgboost,main,0.06040254607796669
980,outer4,xgboost,main,0.1111079528927803
991,outer4,xgboost,main,0.07563609629869461
996,outer4,xgboost,main,0.040502648800611496
1012,outer4,xgboost,main,0.07139343023300171
1024,outer4,xgboost,main,0.07287715375423431
1027,outer4,xgboost,main,0.08071441948413849
1031,outer4,xgboost,main,0.10558496415615082
1032,outer4,xgboost,main,0.058919765055179596
1036,outer4,xgboost,main,0.07240211218595505
1041,outer4,xgboost,main,0.0811149999499321
1047,outer4,xgboost,main,0.15140871703624725
1049,outer4,xgboost,main,0.05320874601602554
1050,outer4,xgboost,main,0.04949050396680832
1058,outer4,xgboost,main,0.07847786694765091
1061,outer4,xgboost,main,0.013046669773757458
1063,outer4,xgboost,main,0.1703418344259262
1068,outer4,xgboost,main,0.10372485965490341
1073,outer4,xgboost,main,0.3706037998199463
1080,outer4,xgboost,main,0.06121992692351341
1082,outer4,xgboost,main,0.015343187376856804
1083,outer4,xgboost,main,0.0908353254199028
1092,outer4,xgboost,main,0.28291428089141846
1104,outer4,xgboost,main,0.05997544527053833
1105,outer4,xgboost,main,0.06694044172763824
1112,outer4,xgboost,main,0.025561276823282242
1114,outer4,xgboost,main,0.04813264310359955
1130,outer4,xgboost,main,0.10950539261102676
1132,outer4,xgboost,main,0.04042493924498558
1133,outer4,xgboost,main,0.07347730547189713
1136,outer4,xgboost,main,0.008184642530977726
1139,outer4,xgboost,main,0.1726788580417633
1152,outer4,xgboost,main,0.08423364907503128
1155,outer4,xgboost,main,0.2163115292787552
1158,outer4,xgboost,main,0.08007870614528656
1163,outer4,xgboost,main,0.03901685029268265
1165,outer4,xgboost,main,0.24803827702999115
1168,outer4,xgboost,main,0.15249291062355042
1169,outer4,xgboost,main,0.06598208099603653
1179,outer4,xgboost,main,0.2455730438232422
1180,outer4,xgboost,main,0.02584780566394329
1195,outer4,xgboost,main,0.39034485816955566
1196,outer4,xgboost,main,0.08818113058805466
1201,outer4,xgboost,main,0.20375597476959229
1207,outer4,xgboost,main,0.024553898721933365
1209,outer4,xgboost,main,0.09180743992328644
1213,outer4,xgboost,main,0.03383694961667061
1216,outer4,xgboost,main,0.1231796070933342
1221,outer4,xgboost,main,0.052644308656454086
1224,outer4,xgboost,main,0.16904380917549133
1226,outer4,xgboost,main,0.022945811972022057
1229,outer4,xgboost,main,0.03390422463417053
1232,outer4,xgboost,main,0.030855752527713776
1234,outer4,xgboost,main,0.07308231294155121
1235,outer4,xgboost,main,0.030053896829485893
1252,outer4,xgboost,main,0.044378671795129776
1259,outer4,xgboost,main,0.05599731206893921
1263,outer4,xgboost,main,0.08944440633058548
1272,outer4,xgboost,main,0.027566825971007347
1280,outer4,xgboost,main,0.017325112596154213
1281,outer4,xgboost,main,0.044640474021434784
1282,outer4,xgboost,main,0.39483171701431274
1286,outer4,xgboost,main,0.10628668963909149
1287,outer4,xgboost,main,0.08150386810302734
1288,outer4,xgboost,main,0.3755902945995331
1294,outer4,xgboost,main,0.16669204831123352
1295,outer4,xgboost,main,0.04024309292435646
1308,outer4,xgboost,main,0.07288997620344162
1311,outer4,xgboost,main,0.05118395388126373
1312,outer4,xgboost,main,0.16454266011714935
1322,outer4,xgboost,main,0.03657771646976471
1330,outer4,xgboost,main,0.1520344763994217
1331,outer4,xgboost,main,0.03849681839346886
1335,outer4,xgboost,main,0.2855427861213684
1344,outer4,xgboost,main,0.09086266160011292
1345,outer4,xgboost,main,0.05389167740941048
1346,outer4,xgboost,main,0.07535172998905182
1351,outer4,xgboost,main,0.10242576897144318
1353,outer4,xgboost,main,0.11714643985033035
1358,outer4,xgboost,main,0.04164885729551315
1362,outer4,xgboost,main,0.015774786472320557
1365,outer4,xgboost,main,0.07234447449445724
1383,outer4,xgboost,main,0.08435644954442978
1386,outer4,xgboost,main,0.11019731312990189
1394,outer4,xgboost,main,0.12384724617004395
1395,outer4,xgboost,main,0.1606968343257904
1397,outer4,xgboost,main,0.02978374995291233
1401,outer4,xgboost,main,0.10521098226308823
1407,outer4,xgboost,main,0.13928940892219543
1410,outer4,xgboost,main,0.03260424733161926
1411,outer4,xgboost,main,0.03516668826341629
1414,outer4,xgboost,main,0.06184631213545799
1419,outer4,xgboost,main,0.015009932219982147
1420,outer4,xgboost,main,0.2078547328710556
1425,outer4,xgboost,main,0.11436755955219269
1433,outer4,xgboost,main,0.1002809926867485
1456,outer4,xgboost,main,0.07405828684568405
1462,outer4,xgboost,main,0.04635320231318474
1463,outer4,xgboost,main,0.03717110678553581
1470,outer4,xgboost,main,0.037719160318374634
1472,outer4,xgboost,main,0.2753216028213501
1476,outer4,xgboost,main,0.07632029056549072
1484,outer4,xgboost,main,0.02682129107415676
1485,outer4,xgboost,main,0.1253904551267624
1486,outer4,xgboost,main,0.04849216341972351
1490,outer4,xgboost,main,0.04102691635489464
1493,outer4,xgboost,main,0.06865478307008743
1495,outer4,xgboost,main,0.07691806554794312
1499,outer4,xgboost,main,0.15718071162700653
1502,outer4,xgboost,main,0.042635228484869
1506,outer4,xgboost,main,0.07501862198114395
1511,outer4,xgboost,main,0.029691224917769432
1520,outer4,xgboost,main,0.025010213255882263
1524,outer4,xgboost,main,0.062148045748472214
1528,outer4,xgboost,main,0.4508777856826782
1538,outer4,xgboost,main,0.04825951159000397
1540,outer4,xgboost,main,0.14877192676067352
1542,outer4,xgboost,main,0.04555913805961609
1546,outer4,xgboost,main,0.05628462880849838
1550,outer4,xgboost,main,0.047345176339149475
1558,outer4,xgboost,main,0.09389206022024155
1563,outer4,xgboost,main,0.0816580131649971
1564,outer4,xgboost,main,0.059053998440504074
1569,outer4,xgboost,main,0.08706507831811905
1571,outer4,xgboost,main,0.036406729370355606
1572,outer4,xgboost,main,0.07045267522335052
1573,outer4,xgboost,main,0.2096264809370041
1578,outer4,xgboost,main,0.3222019672393799
1588,outer4,xgboost,main,0.06962061673402786
1590,outer4,xgboost,main,0.23712757229804993
1594,outer4,xgboost,main,0.14280007779598236
1608,outer4,xgboost,main,0.2316230833530426
1609,outer4,xgboost,main,0.11211176961660385
1618,outer4,xgboost,main,0.032192401587963104
1619,outer4,xgboost,main,0.4840701222419739
1620,outer4,xgboost,main,0.04914052411913872
1640,outer4,xgboost,main,0.018246004357933998
1645,outer4,xgboost,main,0.028384758159518242
1652,outer4,xgboost,main,0.032478462904691696
1660,outer4,xgboost,main,0.03898511826992035
1664,outer4,xgboost,main,0.05093289166688919
1666,outer4,xgboost,main,0.039693258702754974
1667,outer4,xgboost,main,0.25247862935066223
1668,outer4,xgboost,main,0.04876363277435303
1686,outer4,xgboost,main,0.14115598797798157
1687,outer4,xgboost,main,0.05346304178237915
1695,outer4,xgboost,main,0.025855666026473045
1697,outer4,xgboost,main,0.1959400624036789
1699,outer4,xgboost,main,0.09103458374738693
1700,outer4,xgboost,main,0.09271787852048874
1712,outer4,xgboost,main,0.02191278338432312
1714,outer4,xgboost,main,0.06831613928079605
1716,outer4,xgboost,main,0.06557410955429077
1722,outer4,xgboost,main,0.023638414219021797
1723,outer4,xgboost,main,0.24158775806427002
1730,outer4,xgboost,main,0.10353322327136993
1741,outer4,xgboost,main,0.08270985633134842
1747,outer4,xgboost,main,0.030032552778720856
1752,outer4,xgboost,main,0.019689392298460007
1761,outer4,xgboost,main,0.01113615557551384
1762,outer4,xgboost,main,0.046483587473630905
1763,outer4,xgboost,main,0.048535946756601334
1769,outer4,xgboost,main,0.3691294193267822
1774,outer4,xgboost,main,0.13358360528945923
1775,outer4,xgboost,main,0.13502109050750732
1778,outer4,xgboost,main,0.10996948927640915
1788,outer4,xgboost,main,0.04446602612733841
1793,outer4,xgboost,main,0.052836593240499496
1797,outer4,xgboost,main,0.04206771031022072
1817,outer4,xgboost,main,0.06142397224903107
1818,outer4,xgboost,main,0.071030393242836
1825,outer4,xgboost,main,0.04671953245997429
1827,outer4,xgboost,main,0.11585584282875061
1828,outer4,xgboost,main,0.09768610447645187
1837,outer4,xgboost,main,0.1714491844177246
1840,outer4,xgboost,main,0.047761425375938416
1856,outer4,xgboost,main,0.04900994524359703
1865,outer4,xgboost,main,0.12149017304182053
1867,outer4,xgboost,main,0.04988500103354454
1868,outer4,xgboost,main,0.17193296551704407
1869,outer4,xgboost,main,0.07964419573545456
1885,outer4,xgboost,main,0.07761504501104355
1895,outer4,xgboost,main,0.046408120542764664
1896,outer4,xgboost,main,0.13578157126903534
1897,outer4,xgboost,main,0.04160578176379204
1901,outer4,xgboost,main,0.1319628208875656
1917,outer4,xgboost,main,0.02103448286652565
1922,outer4,xgboost,main,0.06548021733760834
1925,outer4,xgboost,main,0.043626394122838974
1926,outer4,xgboost,main,0.05111195147037506
1932,outer4,xgboost,main,0.046880003064870834
1935,outer4,xgboost,main,0.05753341689705849
1940,outer4,xgboost,main,0.13283535838127136
1941,outer4,xgboost,main,0.11986871063709259
1942,outer4,xgboost,main,0.06253918260335922
1943,outer4,xgboost,main,0.10315843671560287
1947,outer4,xgboost,main,0.08654104918241501
1951,outer4,xgboost,main,0.11391934752464294
1952,outer4,xgboost,main,0.09924563765525818
1957,outer4,xgboost,main,0.11168447136878967
1958,outer4,xgboost,main,0.05685969442129135
1960,outer4,xgboost,main,0.036792218685150146
1961,outer4,xgboost,main,0.037031326442956924
1964,outer4,xgboost,main,0.10948614031076431
1972,outer4,xgboost,main,0.15964370965957642
1991,outer4,xgboost,main,0.5831858515739441
1992,outer4,xgboost,main,0.07007992267608643
1993,outer4,xgboost,main,0.10146352648735046
1995,outer4,xgboost,main,0.0390937365591526
1998,outer4,xgboost,main,0.12603284418582916
1999,outer4,xgboost,main,0.037944551557302475
2009,outer4,xgboost,main,0.06001923978328705
2017,outer4,xgboost,main,0.05287390202283859
2034,outer4,xgboost,main,0.03287450224161148
2041,outer4,xgboost,main,0.06131261959671974
2043,outer4,xgboost,main,0.02841169759631157
2048,outer4,xgboost,main,0.009576339274644852
2057,outer4,xgboost,main,0.08234936743974686
2059,outer4,xgboost,main,0.1053110659122467
2062,outer4,xgboost,main,0.15375658869743347
2073,outer4,xgboost,main,0.04612906277179718
2074,outer4,xgboost,main,0.2554931938648224
2084,outer4,xgboost,main,0.2419258952140808
2087,outer4,xgboost,main,0.1889788806438446
2092,outer4,xgboost,main,0.17780403792858124
2095,outer4,xgboost,main,0.09642218798398972
2100,outer4,xgboost,main,0.04575636610388756
2103,outer4,xgboost,main,0.03918670490384102
2108,outer4,xgboost,main,0.01386658288538456
2110,outer4,xgboost,main,0.06844297051429749
2116,outer4,xgboost,main,0.01835966296494007
2117,outer4,xgboost,main,0.04155430942773819
2127,outer4,xgboost,main,0.6617692708969116
2128,outer4,xgboost,main,0.06278213858604431
2146,outer4,xgboost,main,0.03640998527407646
2157,outer4,xgboost,main,0.04099102318286896
2166,outer4,xgboost,main,0.05180271714925766
2168,outer4,xgboost,main,0.057277414947748184
2169,outer4,xgboost,main,0.024989159777760506
2211,outer4,xgboost,main,0.13828764855861664
2214,outer4,xgboost,main,0.1644826978445053
2219,outer4,xgboost,main,0.2443361133337021
2224,outer4,xgboost,main,0.16626472771167755
2226,outer4,xgboost,main,0.09001955389976501
2229,outer4,xgboost,main,0.07850770652294159
2233,outer4,xgboost,main,0.05344971641898155
2235,outer4,xgboost,main,0.10303017497062683
2242,outer4,xgboost,main,0.04153786599636078
2246,outer4,xgboost,main,0.046830225735902786
2248,outer4,xgboost,main,0.09776289761066437
2250,outer4,xgboost,main,0.28868430852890015
2255,outer4,xgboost,main,0.13628508150577545
2263,outer4,xgboost,main,0.0519014336168766
2265,outer4,xgboost,main,0.24996691942214966
2282,outer4,xgboost,main,0.07861337810754776
2283,outer4,xgboost,main,0.04311050474643707
2286,outer4,xgboost,main,0.1268787980079651
2293,outer4,xgboost,main,0.05867352336645126
2303,outer4,xgboost,main,0.02238953486084938
2304,outer4,xgboost,main,0.018289223313331604
2307,outer4,xgboost,main,0.17547045648097992
2310,outer4,xgboost,main,0.03015745058655739
2321,outer4,xgboost,main,0.038791950792074203
2323,outer4,xgboost,main,0.04234493896365166
2325,outer4,xgboost,main,0.04805503785610199
2333,outer4,xgboost,main,0.06571247428655624
2338,outer4,xgboost,main,0.03566695377230644
2340,outer4,xgboost,main,0.09299256652593613
2343,outer4,xgboost,main,0.18123729526996613
2344,outer4,xgboost,main,0.1422329843044281
2347,outer4,xgboost,main,0.050626158714294434
2351,outer4,xgboost,main,0.09276668727397919
2353,outer4,xgboost,main,0.10471222549676895
2362,outer4,xgboost,main,0.05682077258825302
2365,outer4,xgboost,main,0.20701512694358826
2366,outer4,xgboost,main,0.06640636920928955
2369,outer4,xgboost,main,0.039814624935388565
2376,outer4,xgboost,main,0.02734980545938015
2377,outer4,xgboost,main,0.27873674035072327
2384,outer4,xgboost,main,0.0656430795788765
2385,outer4,xgboost,main,0.021922320127487183
2389,outer4,xgboost,main,0.03385131061077118
2392,outer4,xgboost,main,0.033764831721782684
2406,outer4,xgboost,main,0.08745817840099335
2408,outer4,xgboost,main,0.04592258855700493
2416,outer4,xgboost,main,0.039117228239774704
2422,outer4,xgboost,main,0.22615890204906464
2430,outer4,xgboost,main,0.11366812884807587
2431,outer4,xgboost,main,0.25680071115493774
2435,outer4,xgboost,main,0.07029037177562714
2437,outer4,xgboost,main,0.03685992583632469
2446,outer4,xgboost,main,0.04579376056790352
2453,outer4,xgboost,main,0.1040726825594902
2464,outer4,xgboost,main,0.06943926960229874
2465,outer4,xgboost,main,0.04547623172402382
2467,outer4,xgboost,main,0.05493386089801788
2468,outer4,xgboost,main,0.11174469441175461
2470,outer4,xgboost,main,0.07790466398000717
2481,outer4,xgboost,main,0.16949816048145294
2485,outer4,xgboost,main,0.05849457532167435
2487,outer4,xgboost,main,0.06609931588172913
2488,outer4,xgboost,main,0.049923431128263474
2493,outer4,xgboost,main,0.0644051805138588
2494,outer4,xgboost,main,0.30546846985816956
2497,outer4,xgboost,main,0.06080128252506256
2503,outer4,xgboost,main,0.02408822812139988
2506,outer4,xgboost,main,0.10045851022005081
2509,outer4,xgboost,main,0.0446694940328598
2510,outer4,xgboost,main,0.02692374400794506
2512,outer4,xgboost,main,0.024234279990196228
2522,outer4,xgboost,main,0.22116298973560333
2530,outer4,xgboost,main,0.07074227184057236
2535,outer4,xgboost,main,0.18618075549602509
2536,outer4,xgboost,main,0.03448805958032608
2548,outer4,xgboost,main,0.04675305262207985
2549,outer4,xgboost,main,0.09430807083845139
2560,outer4,xgboost,main,0.02437078021466732
2563,outer4,xgboost,main,0.07466348260641098
2566,outer4,xgboost,main,0.12853886187076569
2568,outer4,xgboost,main,0.04775867238640785
2585,outer4,xgboost,main,0.03080555610358715
2589,outer4,xgboost,main,0.03212729096412659
2593,outer4,xgboost,main,0.20382040739059448
2600,outer4,xgboost,main,0.13469943404197693
2604,outer4,xgboost,main,0.1348772794008255
2608,outer4,xgboost,main,0.0672425851225853
2610,outer4,xgboost,main,0.019651245325803757
2614,outer4,xgboost,main,0.029065024107694626
2618,outer4,xgboost,main,0.03716741129755974
2619,outer4,xgboost,main,0.12657363712787628
2623,outer4,xgboost,main,0.07854033261537552
2629,outer4,xgboost,main,0.030286481603980064
2631,outer4,xgboost,main,0.05375568941235542
2633,outer4,xgboost,main,0.07521623373031616
2639,outer4,xgboost,main,0.012418748810887337
2641,outer4,xgboost,main,0.23146432638168335
2660,outer4,xgboost,main,0.01440336648374796
2664,outer4,xgboost,main,0.11013546586036682
2665,outer4,xgboost,main,0.12043064087629318
2668,outer4,xgboost,main,0.03016549162566662
2669,outer4,xgboost,main,0.06505552679300308
2677,outer4,xgboost,main,0.01531967706978321
2681,outer4,xgboost,main,0.09892305731773376
2682,outer4,xgboost,main,0.026536505669355392
2684,outer4,xgboost,main,0.04666725546121597
2688,outer4,xgboost,main,0.10484793037176132
2692,outer4,xgboost,main,0.056771956384181976
2695,outer4,xgboost,main,0.027824314311146736
2697,outer4,xgboost,main,0.4594002366065979
2700,outer4,xgboost,main,0.08287997543811798
2705,outer4,xgboost,main,0.04648197069764137
2711,outer4,xgboost,main,0.13212744891643524
2712,outer4,xgboost,main,0.0866665244102478
2721,outer4,xgboost,main,0.09925276041030884
2722,outer4,xgboost,main,0.16724370419979095
2739,outer4,xgboost,main,0.027267077937722206
2745,outer4,xgboost,main,0.060826048254966736
2746,outer4,xgboost,main,0.04203677549958229
2752,outer4,xgboost,main,0.07808738201856613
2759,outer4,xgboost,main,0.2103480100631714
2763,outer4,xgboost,main,0.32066580653190613
2769,outer4,xgboost,main,0.016585633158683777
2774,outer4,xgboost,main,0.14848557114601135
2775,outer4,xgboost,main,0.1333158016204834
2776,outer4,xgboost,main,0.06995008885860443
2778,outer4,xgboost,main,0.07148589193820953
2781,outer4,xgboost,main,0.15134724974632263
2784,outer4,xgboost,main,0.079681895673275
2785,outer4,xgboost,main,0.02082432061433792
2788,outer4,xgboost,main,0.11317867785692215
2795,outer4,xgboost,main,0.07782510668039322
2797,outer4,xgboost,main,0.040808405727148056
2799,outer4,xgboost,main,0.045201223343610764
2816,outer4,xgboost,main,0.060249414294958115
2821,outer4,xgboost,main,0.10457640141248703
2838,outer4,xgboost,main,0.03955735266208649
2843,outer4,xgboost,main,0.030468953773379326
2845,outer4,xgboost,main,0.11912143975496292
2849,outer4,xgboost,main,0.04329133406281471
2851,outer4,xgboost,main,0.0427635982632637
2852,outer4,xgboost,main,0.07547776401042938
2861,outer4,xgboost,main,0.12938649952411652
2862,outer4,xgboost,main,0.03189700469374657
2867,outer4,xgboost,main,0.033343248069286346
2874,outer4,xgboost,main,0.20554016530513763
2878,outer4,xgboost,main,0.10078442096710205
2880,outer4,xgboost,main,0.03889389708638191
2881,outer4,xgboost,main,0.12263450026512146
2882,outer4,xgboost,main,0.05638246238231659
2884,outer4,xgboost,main,0.1116713359951973
2888,outer4,xgboost,main,0.016103116795420647
2890,outer4,xgboost,main,0.028310125693678856
2894,outer4,xgboost,main,0.06805289536714554
2897,outer4,xgboost,main,0.13681967556476593
2899,outer4,xgboost,main,0.02129838801920414
2902,outer4,xgboost,main,0.03911679983139038
2908,outer4,xgboost,main,0.0520932711660862
2910,outer4,xgboost,main,0.0434303805232048
2917,outer4,xgboost,main,0.02381822094321251
2935,outer4,xgboost,main,0.0848902240395546
2937,outer4,xgboost,main,0.19562608003616333
2943,outer4,xgboost,main,0.06327991187572479
2948,outer4,xgboost,main,0.0575745552778244
2952,outer4,xgboost,main,0.04382205381989479
2958,outer4,xgboost,main,0.06114356964826584
2963,outer4,xgboost,main,0.018399877473711967
2973,outer4,xgboost,main,0.1091795340180397
2987,outer4,xgboost,main,0.1450939029455185
2994,outer4,xgboost,main,0.03075488843023777
2999,outer4,xgboost,main,0.3100595772266388
3004,outer4,xgboost,main,0.03119504451751709
3007,outer4,xgboost,main,0.05666039139032364
3014,outer4,xgboost,main,0.08453745394945145
3015,outer4,xgboost,main,0.09824331849813461
3016,outer4,xgboost,main,0.11044501513242722
3018,outer4,xgboost,main,0.1333773285150528
3020,outer4,xgboost,main,0.06727433204650879
3028,outer4,xgboost,main,0.05368496850132942
3030,outer4,xgboost,main,0.08192435652017593
3035,outer4,xgboost,main,0.015364266000688076
3036,outer4,xgboost,main,0.04205034300684929
3048,outer4,xgboost,main,0.03448895737528801
3053,outer4,xgboost,main,0.1265486180782318
3057,outer4,xgboost,main,0.1676514446735382
3088,outer4,xgboost,main,0.1981586068868637
3089,outer4,xgboost,main,0.06858539581298828
3095,outer4,xgboost,main,0.02115989476442337
3125,outer4,xgboost,main,0.03907591849565506
3126,outer4,xgboost,main,0.05634958669543266
3133,outer4,xgboost,main,0.2796211540699005
3134,outer4,xgboost,main,0.08408057689666748
3137,outer4,xgboost,main,0.10573593527078629
3147,outer4,xgboost,main,0.044564805924892426
3160,outer4,xgboost,main,0.10660182684659958
3162,outer4,xgboost,main,0.23042482137680054
3165,outer4,xgboost,main,0.23270758986473083
3170,outer4,xgboost,main,0.0857592299580574
3175,outer4,xgboost,main,0.061621371656656265
3178,outer4,xgboost,main,0.04139607772231102
3183,outer4,xgboost,main,0.061999134719371796
3185,outer4,xgboost,main,0.15858058631420135
3191,outer4,xgboost,main,0.1286640167236328
3192,outer4,xgboost,main,0.2455039918422699
3212,outer4,xgboost,main,0.05960695445537567
3214,outer4,xgboost,main,0.04945019632577896
3240,outer4,xgboost,main,0.04231974855065346
3248,outer4,xgboost,main,0.1738279014825821
3252,outer4,xgboost,main,0.027490058913826942
3254,outer4,xgboost,main,0.063438281416893
3271,outer4,xgboost,main,0.05629182234406471
3303,outer4,xgboost,main,0.12739865481853485
3305,outer4,xgboost,main,0.023047756403684616
3310,outer4,xgboost,main,0.1206536516547203
3314,outer4,xgboost,main,0.015394173562526703
3315,outer4,xgboost,main,0.1863759309053421
3316,outer4,xgboost,main,0.036699578166007996
3322,outer4,xgboost,main,0.04772990196943283
3325,outer4,xgboost,main,0.22282487154006958
3328,outer4,xgboost,main,0.08682574331760406
3330,outer4,xgboost,main,0.41807517409324646
3339,outer4,xgboost,main,0.031084075570106506
3340,outer4,xgboost,main,0.055730100721120834
3341,outer4,xgboost,main,0.11907476931810379
3345,outer4,xgboost,main,0.06445031613111496
3346,outer4,xgboost,main,0.04157324135303497
3349,outer4,xgboost,main,0.10352117568254471
3353,outer4,xgboost,main,0.11882416903972626
3365,outer4,xgboost,main,0.03885943070054054
3368,outer4,xgboost,main,0.05655142664909363
3371,outer4,xgboost,main,0.06124157831072807
3373,outer4,xgboost,main,0.38463518023490906
3378,outer4,xgboost,main,0.043431900441646576
3379,outer4,xgboost,main,0.031321436166763306
3385,outer4,xgboost,main,0.13026012480258942
3386,outer4,xgboost,main,0.16856041550636292
3387,outer4,xgboost,main,0.048031363636255264
3388,outer4,xgboost,main,0.033346906304359436
3403,outer4,xgboost,main,0.515389084815979
3419,outer4,xgboost,main,0.1649627536535263
3420,outer4,xgboost,main,0.03178393468260765
3436,outer4,xgboost,main,0.03214384615421295
3439,outer4,xgboost,main,0.0484897680580616
3444,outer4,xgboost,main,0.4144270718097687
3451,outer4,xgboost,main,0.38131609559059143
3453,outer4,xgboost,main,0.05165537819266319
3462,outer4,xgboost,main,0.044301923364400864
3473,outer4,xgboost,main,0.05238407477736473
3484,outer4,xgboost,main,0.03398573398590088
3487,outer4,xgboost,main,0.025259079411625862
3488,outer4,xgboost,main,0.0104627450928092
3489,outer4,xgboost,main,0.03205631300806999
3490,outer4,xgboost,main,0.3195877969264984
3494,outer4,xgboost,main,0.03781329467892647
3497,outer4,xgboost,main,0.22807496786117554
3500,outer4,xgboost,main,0.09423568099737167
3501,outer4,xgboost,main,0.06708183884620667
3502,outer4,xgboost,main,0.14554418623447418
3510,outer4,xgboost,main,0.1015801951289177
3515,outer4,xgboost,main,0.06953941285610199
3520,outer4,xgboost,main,0.04285125806927681
3525,outer4,xgboost,main,0.033582694828510284
3533,outer4,xgboost,main,0.11361567676067352
3541,outer4,xgboost,main,0.08710843324661255
3544,outer4,xgboost,main,0.013044435530900955
3558,outer4,xgboost,main,0.08969606459140778
3559,outer4,xgboost,main,0.11135657131671906
3560,outer4,xgboost,main,0.026055917143821716
3563,outer4,xgboost,main,0.020167337730526924
3568,outer4,xgboost,main,0.23723813891410828
3575,outer4,xgboost,main,0.014295445755124092
3578,outer4,xgboost,main,0.06550133228302002
3581,outer4,xgboost,main,0.10264825820922852
3589,outer4,xgboost,main,0.04210441932082176
3591,outer4,xgboost,main,0.032484270632267
3596,outer4,xgboost,main,0.12118707597255707
3600,outer4,xgboost,main,0.1279950886964798
3615,outer4,xgboost,main,0.11318889260292053
3623,outer4,xgboost,main,0.35185274481773376
3627,outer4,xgboost,main,0.061925407499074936
3631,outer4,xgboost,main,0.07345831394195557
3642,outer4,xgboost,main,0.20463944971561432
3643,outer4,xgboost,main,0.1915196180343628
3645,outer4,xgboost,main,0.03893227502703667
3649,outer4,xgboost,main,0.2010120451450348
3666,outer4,xgboost,main,0.045877691358327866
3668,outer4,xgboost,main,0.03670702129602432
3671,outer4,xgboost,main,0.0993475690484047
3672,outer4,xgboost,main,0.05132128670811653
3673,outer4,xgboost,main,0.11132165789604187
3674,outer4,xgboost,main,0.23014594614505768
3681,outer4,xgboost,main,0.07358253747224808
3692,outer4,xgboost,main,0.0343375988304615
3693,outer4,xgboost,main,0.040403321385383606
3702,outer4,xgboost,main,0.08927036076784134
3704,outer4,xgboost,main,0.13751590251922607
3708,outer4,xgboost,main,0.13387998938560486
3709,outer4,xgboost,main,0.02629135549068451
3716,outer4,xgboost,main,0.07128675282001495
3718,outer4,xgboost,main,0.03969893977046013
3722,outer4,xgboost,main,0.05666729807853699
3727,outer4,xgboost,main,0.024125583469867706
3733,outer4,xgboost,main,0.054198067635297775
3737,outer4,xgboost,main,0.05197632685303688
3744,outer4,xgboost,main,0.03424966335296631
3745,outer4,xgboost,main,0.030518703162670135
3746,outer4,xgboost,main,0.07722032070159912
3757,outer4,xgboost,main,0.042347270995378494
3769,outer4,xgboost,main,0.037780217826366425
3782,outer4,xgboost,main,0.02069150283932686
3807,outer4,xgboost,main,0.14617396891117096
3818,outer4,xgboost,main,0.2640051543712616
3819,outer4,xgboost,main,0.07586543262004852
3821,outer4,xgboost,main,0.018067440018057823
3823,outer4,xgboost,main,0.10895589739084244
3833,outer4,xgboost,main,0.12004315853118896
3838,outer4,xgboost,main,0.18903927505016327
3843,outer4,xgboost,main,0.08732318878173828
3848,outer4,xgboost,main,0.0527835413813591
3849,outer4,xgboost,main,0.16781991720199585
3850,outer4,xgboost,main,0.14096426963806152
3854,outer4,xgboost,main,0.056383486837148666
3860,outer4,xgboost,main,0.10678575932979584
3861,outer4,xgboost,main,0.27778947353363037
3866,outer4,xgboost,main,0.06141095608472824
3867,outer4,xgboost,main,0.03289162367582321
3869,outer4,xgboost,main,0.6302721500396729
3870,outer4,xgboost,main,0.17447152733802795
3871,outer4,xgboost,main,0.11636326462030411
3873,outer4,xgboost,main,0.4573991000652313
3876,outer4,xgboost,main,0.6731368899345398
3879,outer4,xgboost,main,0.011600597761571407
3882,outer4,xgboost,main,0.07528216391801834
3885,outer4,xgboost,main,0.045606713742017746
3887,outer4,xgboost,main,0.15428303182125092
3893,outer4,xgboost,main,0.3469638526439667
3896,outer4,xgboost,main,0.08497831970453262
3899,outer4,xgboost,main,0.07276968657970428
3900,outer4,xgboost,main,0.06733950227499008
3906,outer4,xgboost,main,0.13338467478752136
3910,outer4,xgboost,main,0.1262117624282837
3912,outer4,xgboost,main,0.08958850800991058
3914,outer4,xgboost,main,0.039825763553380966
3918,outer4,xgboost,main,0.034808266907930374
3920,outer4,xgboost,main,0.23638059198856354
3922,outer4,xgboost,main,0.013997457921504974
3928,outer4,xgboost,main,0.08277644962072372
3930,outer4,xgboost,main,0.020355820655822754
3937,outer4,xgboost,main,0.09034112840890884
3939,outer4,xgboost,main,0.15652360022068024
3940,outer4,xgboost,main,0.14041344821453094
3949,outer4,xgboost,main,0.04959343746304512
3959,outer4,xgboost,main,0.10130804032087326
3960,outer4,xgboost,main,0.03703591600060463
3963,outer4,xgboost,main,0.06880585849285126
3971,outer4,xgboost,main,0.05993279442191124
3974,outer4,xgboost,main,0.11919473856687546
3978,outer4,xgboost,main,0.12649761140346527
3985,outer4,xgboost,main,0.09501280635595322
3989,outer4,xgboost,main,0.08552868664264679
3997,outer4,xgboost,main,0.044185467064380646
4004,outer4,xgboost,main,0.04772253334522247
4010,outer4,xgboost,main,0.02921668253839016
4012,outer4,xgboost,main,0.2083929479122162
4017,outer4,xgboost,main,0.03873226419091225
4022,outer4,xgboost,main,0.18545202910900116
4032,outer4,xgboost,main,0.12329702824354172
4034,outer4,xgboost,main,0.04832072928547859
4036,outer4,xgboost,main,0.04085303843021393
4047,outer4,xgboost,main,0.14409978687763214
4049,outer4,xgboost,main,0.14449048042297363
4052,outer4,xgboost,main,0.04249640926718712
4054,outer4,xgboost,main,0.024210939183831215
4066,outer4,xgboost,main,0.034829962998628616
4069,outer4,xgboost,main,0.026154592633247375
4070,outer4,xgboost,main,0.06052052602171898
4071,outer4,xgboost,main,0.24203985929489136
4072,outer4,xgboost,main,0.04147908464074135
4074,outer4,xgboost,main,0.027009854093194008
4080,outer4,xgboost,main,0.06452275812625885
4081,outer4,xgboost,main,0.16653642058372498
4084,outer4,xgboost,main,0.051838211715221405
4089,outer4,xgboost,main,0.0358351469039917
4095,outer4,xgboost,main,0.24069291353225708
4104,outer4,xgboost,main,0.11536101251840591
4106,outer4,xgboost,main,0.01086991373449564
4108,outer4,xgboost,main,0.04440605267882347
4113,outer4,xgboost,main,0.17845357954502106
4114,outer4,xgboost,main,0.08394864201545715
4115,outer4,xgboost,main,0.12742677330970764
4128,outer4,xgboost,main,0.05349224805831909
4129,outer4,xgboost,main,0.08109018206596375
4135,outer4,xgboost,main,0.17698164284229279
4138,outer4,xgboost,main,0.1880691945552826
4139,outer4,xgboost,main,0.16972145438194275
4146,outer4,xgboost,main,0.2527885437011719
4151,outer4,xgboost,main,0.024113764986395836
4154,outer4,xgboost,main,0.1657809019088745
4164,outer4,xgboost,main,0.02188236452639103
4165,outer4,xgboost,main,0.05109553411602974
4179,outer4,xgboost,main,0.16360421478748322
4182,outer4,xgboost,main,0.3244647681713104
4195,outer4,xgboost,main,0.022281579673290253
4230,outer4,xgboost,main,0.14740802347660065
4232,outer4,xgboost,main,0.09747042506933212
4235,outer4,xgboost,main,0.03017573431134224
4236,outer4,xgboost,main,0.1008729338645935
4238,outer4,xgboost,main,0.07336883991956711
4250,outer4,xgboost,main,0.08711819350719452
4251,outer4,xgboost,main,0.3660627007484436
4254,outer4,xgboost,main,0.09773030132055283
4257,outer4,xgboost,main,0.026714514940977097
4260,outer4,xgboost,main,0.024499334394931793
4265,outer4,xgboost,main,0.15116217732429504
4273,outer4,xgboost,main,0.15836775302886963
4286,outer4,xgboost,main,0.08349990099668503
4287,outer4,xgboost,main,0.018030311912298203
4293,outer4,xgboost,main,0.10889730602502823
4296,outer4,xgboost,main,0.04510391131043434
4303,outer4,xgboost,main,0.07144976407289505
4306,outer4,xgboost,main,0.15083865821361542
4310,outer4,xgboost,main,0.02295173518359661
4315,outer4,xgboost,main,0.13334059715270996
4324,outer4,xgboost,main,0.09513305127620697
4328,outer4,xgboost,main,0.03041965514421463
4331,outer4,xgboost,main,0.04063355177640915
4333,outer4,xgboost,main,0.0349624827504158
4334,outer4,xgboost,main,0.31596270203590393
4343,outer4,xgboost,main,0.08459436893463135
4348,outer4,xgboost,main,0.09292902797460556
4349,outer4,xgboost,main,0.06267319619655609
1,outer0,xgboost,no_consequence,0.05797262862324715
6,outer0,xgboost,no_consequence,0.05993712320923805
10,outer0,xgboost,no_consequence,0.08276330679655075
18,outer0,xgboost,no_consequence,0.0663553774356842
24,outer0,xgboost,no_consequence,0.04497695714235306
28,outer0,xgboost,no_consequence,0.06762312352657318
30,outer0,xgboost,no_consequence,0.08456622064113617
33,outer0,xgboost,no_consequence,0.03670694679021835
41,outer0,xgboost,no_consequence,0.03407704830169678
49,outer0,xgboost,no_consequence,0.09346596151590347
51,outer0,xgboost,no_consequence,0.10791119188070297
53,outer0,xgboost,no_consequence,0.09437151253223419
57,outer0,xgboost,no_consequence,0.1043226569890976
83,outer0,xgboost,no_consequence,0.021833058446645737
86,outer0,xgboost,no_consequence,0.057424016296863556
88,outer0,xgboost,no_consequence,0.11983876675367355
89,outer0,xgboost,no_consequence,0.14598025381565094
92,outer0,xgboost,no_consequence,0.021024711430072784
96,outer0,xgboost,no_consequence,0.1644459217786789
100,outer0,xgboost,no_consequence,0.15398956835269928
108,outer0,xgboost,no_consequence,0.054837051779031754
119,outer0,xgboost,no_consequence,0.038657296448946
129,outer0,xgboost,no_consequence,0.04391329735517502
135,outer0,xgboost,no_consequence,0.28061529994010925
139,outer0,xgboost,no_consequence,0.06928401440382004
140,outer0,xgboost,no_consequence,0.2967069447040558
143,outer0,xgboost,no_consequence,0.12149156630039215
144,outer0,xgboost,no_consequence,0.030032407492399216
145,outer0,xgboost,no_consequence,0.09835898131132126
150,outer0,xgboost,no_consequence,0.017139052972197533
152,outer0,xgboost,no_consequence,0.04489506036043167
156,outer0,xgboost,no_consequence,0.028105543926358223
162,outer0,xgboost,no_consequence,0.026708880439400673
163,outer0,xgboost,no_consequence,0.026769740507006645
168,outer0,xgboost,no_consequence,0.3461925983428955
170,outer0,xgboost,no_consequence,0.06395113468170166
173,outer0,xgboost,no_consequence,0.061759382486343384
178,outer0,xgboost,no_consequence,0.08656178414821625
180,outer0,xgboost,no_consequence,0.0775584802031517
189,outer0,xgboost,no_consequence,0.1105344295501709
191,outer0,xgboost,no_consequence,0.047596149146556854
193,outer0,xgboost,no_consequence,0.19212067127227783
203,outer0,xgboost,no_consequence,0.08786505460739136
206,outer0,xgboost,no_consequence,0.22970034182071686
217,outer0,xgboost,no_consequence,0.04785928130149841
220,outer0,xgboost,no_consequence,0.03969695791602135
230,outer0,xgboost,no_consequence,0.03516589477658272
231,outer0,xgboost,no_consequence,0.5134915709495544
232,outer0,xgboost,no_consequence,0.08347448706626892
244,outer0,xgboost,no_consequence,0.07528743892908096
246,outer0,xgboost,no_consequence,0.021559039130806923
257,outer0,xgboost,no_consequence,0.0776541605591774
262,outer0,xgboost,no_consequence,0.11921627074480057
270,outer0,xgboost,no_consequence,0.05447307229042053
272,outer0,xgboost,no_consequence,0.0601671002805233
275,outer0,xgboost,no_consequence,0.053777121007442474
279,outer0,xgboost,no_consequence,0.05044948682188988
282,outer0,xgboost,no_consequence,0.10182338207960129
284,outer0,xgboost,no_consequence,0.0167608130723238
286,outer0,xgboost,no_consequence,0.1066838875412941
288,outer0,xgboost,no_consequence,0.027990709990262985
291,outer0,xgboost,no_consequence,0.02718212641775608
292,outer0,xgboost,no_consequence,0.06093091145157814
293,outer0,xgboost,no_consequence,0.08674685657024384
308,outer0,xgboost,no_consequence,0.03707953542470932
313,outer0,xgboost,no_consequence,0.04405815526843071
322,outer0,xgboost,no_consequence,0.3661322295665741
326,outer0,xgboost,no_consequence,0.041838355362415314
327,outer0,xgboost,no_consequence,0.043037399649620056
328,outer0,xgboost,no_consequence,0.02755718119442463
330,outer0,xgboost,no_consequence,0.06019113212823868
335,outer0,xgboost,no_consequence,0.06910872459411621
341,outer0,xgboost,no_consequence,0.036162979900836945
342,outer0,xgboost,no_consequence,0.11561635136604309
343,outer0,xgboost,no_consequence,0.019587799906730652
344,outer0,xgboost,no_consequence,0.046836089342832565
345,outer0,xgboost,no_consequence,0.03957010805606842
348,outer0,xgboost,no_consequence,0.04733734950423241
367,outer0,xgboost,no_consequence,0.039422407746315
372,outer0,xgboost,no_consequence,0.024030571803450584
375,outer0,xgboost,no_consequence,0.05252095311880112
376,outer0,xgboost,no_consequence,0.07089681923389435
378,outer0,xgboost,no_consequence,0.11087632179260254
384,outer0,xgboost,no_consequence,0.05452009662985802
386,outer0,xgboost,no_consequence,0.060367416590452194
392,outer0,xgboost,no_consequence,0.059822529554367065
393,outer0,xgboost,no_consequence,0.03195229172706604
399,outer0,xgboost,no_consequence,0.043175581842660904
401,outer0,xgboost,no_consequence,0.03401906043291092
406,outer0,xgboost,no_consequence,0.10585949569940567
410,outer0,xgboost,no_consequence,0.19396662712097168
416,outer0,xgboost,no_consequence,0.029062118381261826
419,outer0,xgboost,no_consequence,0.03752509504556656
421,outer0,xgboost,no_consequence,0.04937933012843132
423,outer0,xgboost,no_consequence,0.14200271666049957
428,outer0,xgboost,no_consequence,0.048881638795137405
431,outer0,xgboost,no_consequence,0.12585347890853882
432,outer0,xgboost,no_consequence,0.03805852308869362
433,outer0,xgboost,no_consequence,0.06957823783159256
442,outer0,xgboost,no_consequence,0.034454137086868286
458,outer0,xgboost,no_consequence,0.04499175027012825
467,outer0,xgboost,no_consequence,0.025182563811540604
468,outer0,xgboost,no_consequence,0.04217743128538132
472,outer0,xgboost,no_consequence,0.037921614944934845
474,outer0,xgboost,no_consequence,0.1945248693227768
480,outer0,xgboost,no_consequence,0.03518841788172722
482,outer0,xgboost,no_consequence,0.05662001669406891
483,outer0,xgboost,no_consequence,0.08701854944229126
488,outer0,xgboost,no_consequence,0.1924045830965042
499,outer0,xgboost,no_consequence,0.05848303437232971
502,outer0,xgboost,no_consequence,0.046031273901462555
504,outer0,xgboost,no_consequence,0.03667028248310089
505,outer0,xgboost,no_consequence,0.026135524734854698
519,outer0,xgboost,no_consequence,0.07594987004995346
522,outer0,xgboost,no_consequence,0.031616728752851486
525,outer0,xgboost,no_consequence,0.147731751203537
526,outer0,xgboost,no_consequence,0.1655682623386383
528,outer0,xgboost,no_consequence,0.06662490218877792
534,outer0,xgboost,no_consequence,0.0333586111664772
538,outer0,xgboost,no_consequence,0.08732616901397705
539,outer0,xgboost,no_consequence,0.09990750998258591
543,outer0,xgboost,no_consequence,0.06633272022008896
549,outer0,xgboost,no_consequence,0.0708252564072609
550,outer0,xgboost,no_consequence,0.05203348770737648
553,outer0,xgboost,no_consequence,0.14120745658874512
554,outer0,xgboost,no_consequence,0.0783325582742691
561,outer0,xgboost,no_consequence,0.04395696893334389
563,outer0,xgboost,no_consequence,0.06537780910730362
569,outer0,xgboost,no_consequence,0.03635941818356514
572,outer0,xgboost,no_consequence,0.04733622074127197
575,outer0,xgboost,no_consequence,0.07071041315793991
578,outer0,xgboost,no_consequence,0.031124228611588478
579,outer0,xgboost,no_consequence,0.11215314269065857
580,outer0,xgboost,no_consequence,0.03540511056780815
590,outer0,xgboost,no_consequence,0.32770368456840515
591,outer0,xgboost,no_consequence,0.028070416301488876
595,outer0,xgboost,no_consequence,0.06507900357246399
598,outer0,xgboost,no_consequence,0.04227490723133087
609,outer0,xgboost,no_consequence,0.10880868136882782
619,outer0,xgboost,no_consequence,0.09413643926382065
620,outer0,xgboost,no_consequence,0.03599879890680313
621,outer0,xgboost,no_consequence,0.15612345933914185
624,outer0,xgboost,no_consequence,0.31971752643585205
629,outer0,xgboost,no_consequence,0.07974822074174881
645,outer0,xgboost,no_consequence,0.18049509823322296
646,outer0,xgboost,no_consequence,0.04537411779165268
653,outer0,xgboost,no_consequence,0.08132745325565338
655,outer0,xgboost,no_consequence,0.06022943928837776
660,outer0,xgboost,no_consequence,0.20922106504440308
663,outer0,xgboost,no_consequence,0.024721097201108932
669,outer0,xgboost,no_consequence,0.03718746826052666
676,outer0,xgboost,no_consequence,0.05808325111865997
687,outer0,xgboost,no_consequence,0.11064021289348602
696,outer0,xgboost,no_consequence,0.08056233823299408
704,outer0,xgboost,no_consequence,0.11456834524869919
719,outer0,xgboost,no_consequence,0.10392192006111145
722,outer0,xgboost,no_consequence,0.09007585793733597
735,outer0,xgboost,no_consequence,0.05874228477478027
742,outer0,xgboost,no_consequence,0.07436557114124298
749,outer0,xgboost,no_consequence,0.1281334012746811
753,outer0,xgboost,no_consequence,0.0809045284986496
755,outer0,xgboost,no_consequence,0.03525347262620926
761,outer0,xgboost,no_consequence,0.034757599234580994
772,outer0,xgboost,no_consequence,0.03148391470313072
774,outer0,xgboost,no_consequence,0.04300355538725853
775,outer0,xgboost,no_consequence,0.050553098320961
782,outer0,xgboost,no_consequence,0.20894432067871094
786,outer0,xgboost,no_consequence,0.08891426771879196
788,outer0,xgboost,no_consequence,0.04969162493944168
792,outer0,xgboost,no_consequence,0.03758074715733528
799,outer0,xgboost,no_consequence,0.03771386295557022
803,outer0,xgboost,no_consequence,0.04340985417366028
812,outer0,xgboost,no_consequence,0.060760341584682465
827,outer0,xgboost,no_consequence,0.05104648321866989
828,outer0,xgboost,no_consequence,0.08547571301460266
829,outer0,xgboost,no_consequence,0.08892083168029785
831,outer0,xgboost,no_consequence,0.25688543915748596
838,outer0,xgboost,no_consequence,0.1588636040687561
841,outer0,xgboost,no_consequence,0.024088390171527863
846,outer0,xgboost,no_consequence,0.03176841139793396
849,outer0,xgboost,no_consequence,0.041175276041030884
850,outer0,xgboost,no_consequence,0.04171200469136238
852,outer0,xgboost,no_consequence,0.24350938200950623
853,outer0,xgboost,no_consequence,0.17849814891815186
855,outer0,xgboost,no_consequence,0.06682862341403961
859,outer0,xgboost,no_consequence,0.2618805170059204
874,outer0,xgboost,no_consequence,0.06939354538917542
881,outer0,xgboost,no_consequence,0.08662191778421402
886,outer0,xgboost,no_consequence,0.06774254143238068
889,outer0,xgboost,no_consequence,0.06341923028230667
894,outer0,xgboost,no_consequence,0.031223438680171967
902,outer0,xgboost,no_consequence,0.05030157044529915
907,outer0,xgboost,no_consequence,0.4324840307235718
908,outer0,xgboost,no_consequence,0.07255095988512039
915,outer0,xgboost,no_consequence,0.053773216903209686
916,outer0,xgboost,no_consequence,0.18185582756996155
918,outer0,xgboost,no_consequence,0.11257828772068024
920,outer0,xgboost,no_consequence,0.08261353522539139
921,outer0,xgboost,no_consequence,0.0847368836402893
934,outer0,xgboost,no_consequence,0.25824064016342163
938,outer0,xgboost,no_consequence,0.18596452474594116
940,outer0,xgboost,no_consequence,0.20120294392108917
944,outer0,xgboost,no_consequence,0.04964200779795647
946,outer0,xgboost,no_consequence,0.07877063751220703
951,outer0,xgboost,no_consequence,0.1188504621386528
953,outer0,xgboost,no_consequence,0.04228752851486206
955,outer0,xgboost,no_consequence,0.04368479549884796
964,outer0,xgboost,no_consequence,0.04322747141122818
966,outer0,xgboost,no_consequence,0.10044362396001816
967,outer0,xgboost,no_consequence,0.04277723282575607
973,outer0,xgboost,no_consequence,0.0833885669708252
974,outer0,xgboost,no_consequence,0.05837602540850639
981,outer0,xgboost,no_consequence,0.03864879161119461
985,outer0,xgboost,no_consequence,0.028466705232858658
989,outer0,xgboost,no_consequence,0.029174327850341797
992,outer0,xgboost,no_consequence,0.030603451654314995
993,outer0,xgboost,no_consequence,0.10140437632799149
999,outer0,xgboost,no_consequence,0.054175965487957
1001,outer0,xgboost,no_consequence,0.04459149390459061
1010,outer0,xgboost,no_consequence,0.08808601647615433
1018,outer0,xgboost,no_consequence,0.13887566328048706
1021,outer0,xgboost,no_consequence,0.4485880434513092
1023,outer0,xgboost,no_consequence,0.05771889165043831
1025,outer0,xgboost,no_consequence,0.04444585740566254
1035,outer0,xgboost,no_consequence,0.0911230817437172
1044,outer0,xgboost,no_consequence,0.09657445549964905
1045,outer0,xgboost,no_consequence,0.12853004038333893
1048,outer0,xgboost,no_consequence,0.2212306559085846
1053,outer0,xgboost,no_consequence,0.06394550949335098
1056,outer0,xgboost,no_consequence,0.046047504991292953
1059,outer0,xgboost,no_consequence,0.029165057465434074
1070,outer0,xgboost,no_consequence,0.12236286699771881
1074,outer0,xgboost,no_consequence,0.07593104988336563
1075,outer0,xgboost,no_consequence,0.25558704137802124
1081,outer0,xgboost,no_consequence,0.05012337118387222
1088,outer0,xgboost,no_consequence,0.05876066908240318
1090,outer0,xgboost,no_consequence,0.05289027467370033
1094,outer0,xgboost,no_consequence,0.03276456519961357
1096,outer0,xgboost,no_consequence,0.13192778825759888
1099,outer0,xgboost,no_consequence,0.029644250869750977
1106,outer0,xgboost,no_consequence,0.24765296280384064
1109,outer0,xgboost,no_consequence,0.042505353689193726
1116,outer0,xgboost,no_consequence,0.04423245042562485
1119,outer0,xgboost,no_consequence,0.04135182499885559
1124,outer0,xgboost,no_consequence,0.029299858957529068
1125,outer0,xgboost,no_consequence,0.2017746865749359
1127,outer0,xgboost,no_consequence,0.18883557617664337
1128,outer0,xgboost,no_consequence,0.03182760253548622
1135,outer0,xgboost,no_consequence,0.06082295998930931
1138,outer0,xgboost,no_consequence,0.033463891595602036
1151,outer0,xgboost,no_consequence,0.0838317722082138
1157,outer0,xgboost,no_consequence,0.12184519320726395
1159,outer0,xgboost,no_consequence,0.061116527765989304
1160,outer0,xgboost,no_consequence,0.03898167982697487
1166,outer0,xgboost,no_consequence,0.05966348573565483
1171,outer0,xgboost,no_consequence,0.11726624518632889
1174,outer0,xgboost,no_consequence,0.12926483154296875
1176,outer0,xgboost,no_consequence,0.17264814674854279
1186,outer0,xgboost,no_consequence,0.07153511047363281
1187,outer0,xgboost,no_consequence,0.05367374047636986
1193,outer0,xgboost,no_consequence,0.02856241539120674
1199,outer0,xgboost,no_consequence,0.2808961272239685
1200,outer0,xgboost,no_consequence,0.32938021421432495
1206,outer0,xgboost,no_consequence,0.12258760631084442
1210,outer0,xgboost,no_consequence,0.036400098353624344
1217,outer0,xgboost,no_consequence,0.08392590284347534
1254,outer0,xgboost,no_consequence,0.034259457141160965
1256,outer0,xgboost,no_consequence,0.16364948451519012
1261,outer0,xgboost,no_consequence,0.1287534534931183
1270,outer0,xgboost,no_consequence,0.030701512470841408
1276,outer0,xgboost,no_consequence,0.05171818286180496
1283,outer0,xgboost,no_consequence,0.10659725964069366
1285,outer0,xgboost,no_consequence,0.11801162362098694
1289,outer0,xgboost,no_consequence,0.07721716910600662
1299,outer0,xgboost,no_consequence,0.06349622458219528
1301,outer0,xgboost,no_consequence,0.08424652367830276
1302,outer0,xgboost,no_consequence,0.10809902846813202
1303,outer0,xgboost,no_consequence,0.0689021423459053
1304,outer0,xgboost,no_consequence,0.045824430882930756
1310,outer0,xgboost,no_consequence,0.32962676882743835
1318,outer0,xgboost,no_consequence,0.15038377046585083
1324,outer0,xgboost,no_consequence,0.039196938276290894
1325,outer0,xgboost,no_consequence,0.08212754875421524
1332,outer0,xgboost,no_consequence,0.025592437013983727
1336,outer0,xgboost,no_consequence,0.05419348552823067
1337,outer0,xgboost,no_consequence,0.06693192571401596
1339,outer0,xgboost,no_consequence,0.0350620336830616
1341,outer0,xgboost,no_consequence,0.051177795976400375
1342,outer0,xgboost,no_consequence,0.023703480139374733
1349,outer0,xgboost,no_consequence,0.01755422167479992
1368,outer0,xgboost,no_consequence,0.04077260568737984
1372,outer0,xgboost,no_consequence,0.03810720518231392
1374,outer0,xgboost,no_consequence,0.05883609876036644
1382,outer0,xgboost,no_consequence,0.07145967334508896
1384,outer0,xgboost,no_consequence,0.022377900779247284
1385,outer0,xgboost,no_consequence,0.056470438838005066
1387,outer0,xgboost,no_consequence,0.030760349705815315
1392,outer0,xgboost,no_consequence,0.08839023113250732
1400,outer0,xgboost,no_consequence,0.05007501319050789
1402,outer0,xgboost,no_consequence,0.28053364157676697
1405,outer0,xgboost,no_consequence,0.03513448312878609
1408,outer0,xgboost,no_consequence,0.036741118878126144
1413,outer0,xgboost,no_consequence,0.04847555607557297
1418,outer0,xgboost,no_consequence,0.045674361288547516
1422,outer0,xgboost,no_consequence,0.08035020530223846
1426,outer0,xgboost,no_consequence,0.05028733238577843
1428,outer0,xgboost,no_consequence,0.16529293358325958
1430,outer0,xgboost,no_consequence,0.12167557328939438
1434,outer0,xgboost,no_consequence,0.15957491099834442
1441,outer0,xgboost,no_consequence,0.05718202143907547
1449,outer0,xgboost,no_consequence,0.1045052781701088
1451,outer0,xgboost,no_consequence,0.040176838636398315
1460,outer0,xgboost,no_consequence,0.2459506094455719
1466,outer0,xgboost,no_consequence,0.08933182805776596
1473,outer0,xgboost,no_consequence,0.10189571231603622
1474,outer0,xgboost,no_consequence,0.039423003792762756
1496,outer0,xgboost,no_consequence,0.07862342894077301
1504,outer0,xgboost,no_consequence,0.03523190692067146
1510,outer0,xgboost,no_consequence,0.08413039892911911
1515,outer0,xgboost,no_consequence,0.06835619360208511
1516,outer0,xgboost,no_consequence,0.059238798916339874
1522,outer0,xgboost,no_consequence,0.13495783507823944
1525,outer0,xgboost,no_consequence,0.14375482499599457
1529,outer0,xgboost,no_consequence,0.03726024925708771
1530,outer0,xgboost,no_consequence,0.08173521608114243
1534,outer0,xgboost,no_consequence,0.04633944854140282
1537,outer0,xgboost,no_consequence,0.10823214054107666
1553,outer0,xgboost,no_consequence,0.16489306092262268
1557,outer0,xgboost,no_consequence,0.09421847015619278
1565,outer0,xgboost,no_consequence,0.06572282314300537
1577,outer0,xgboost,no_consequence,0.03141552582383156
1579,outer0,xgboost,no_consequence,0.16497710347175598
1592,outer0,xgboost,no_consequence,0.09610676765441895
1598,outer0,xgboost,no_consequence,0.05859801173210144
1604,outer0,xgboost,no_consequence,0.032595194876194
1607,outer0,xgboost,no_consequence,0.06431714445352554
1628,outer0,xgboost,no_consequence,0.03982841596007347
1629,outer0,xgboost,no_consequence,0.11249910295009613
1630,outer0,xgboost,no_consequence,0.03910917416214943
1635,outer0,xgboost,no_consequence,0.026182450354099274
1643,outer0,xgboost,no_consequence,0.2728000283241272
1654,outer0,xgboost,no_consequence,0.25546613335609436
1656,outer0,xgboost,no_consequence,0.10131976753473282
1658,outer0,xgboost,no_consequence,0.02483176812529564
1663,outer0,xgboost,no_consequence,0.03848876431584358
1678,outer0,xgboost,no_consequence,0.048321593552827835
1679,outer0,xgboost,no_consequence,0.032507117837667465
1690,outer0,xgboost,no_consequence,0.25140631198883057
1692,outer0,xgboost,no_consequence,0.035015445202589035
1693,outer0,xgboost,no_consequence,0.0837278962135315
1706,outer0,xgboost,no_consequence,0.04315828159451485
1708,outer0,xgboost,no_consequence,0.11983731389045715
1710,outer0,xgboost,no_consequence,0.10559001564979553
1717,outer0,xgboost,no_consequence,0.08071023970842361
1732,outer0,xgboost,no_consequence,0.2686041593551636
1733,outer0,xgboost,no_consequence,0.033933475613594055
1735,outer0,xgboost,no_consequence,0.12287592887878418
1738,outer0,xgboost,no_consequence,0.09541891515254974
1739,outer0,xgboost,no_consequence,0.035167157649993896
1745,outer0,xgboost,no_consequence,0.03787443786859512
1748,outer0,xgboost,no_consequence,0.07073703408241272
1766,outer0,xgboost,no_consequence,0.06973326951265335
1767,outer0,xgboost,no_consequence,0.22921282052993774
1770,outer0,xgboost,no_consequence,0.13347388803958893
1772,outer0,xgboost,no_consequence,0.056860025972127914
1782,outer0,xgboost,no_consequence,0.06874362379312515
1783,outer0,xgboost,no_consequence,0.05824243277311325
1785,outer0,xgboost,no_consequence,0.031107334420084953
1786,outer0,xgboost,no_consequence,0.09454996883869171
1790,outer0,xgboost,no_consequence,0.08695486932992935
1803,outer0,xgboost,no_consequence,0.03738965839147568
1805,outer0,xgboost,no_consequence,0.1826225221157074
1813,outer0,xgboost,no_consequence,0.05466306954622269
1835,outer0,xgboost,no_consequence,0.05058201029896736
1842,outer0,xgboost,no_consequence,0.10297951102256775
1849,outer0,xgboost,no_consequence,0.10213498771190643
1857,outer0,xgboost,no_consequence,0.027560971677303314
1860,outer0,xgboost,no_consequence,0.062058959156274796
1864,outer0,xgboost,no_consequence,0.12243037670850754
1866,outer0,xgboost,no_consequence,0.06895392388105392
1886,outer0,xgboost,no_consequence,0.05509847030043602
1888,outer0,xgboost,no_consequence,0.14526546001434326
1889,outer0,xgboost,no_consequence,0.07835777848958969
1891,outer0,xgboost,no_consequence,0.085029736161232
1892,outer0,xgboost,no_consequence,0.06501148641109467
1899,outer0,xgboost,no_consequence,0.0693182572722435
1900,outer0,xgboost,no_consequence,0.03319505602121353
1906,outer0,xgboost,no_consequence,0.06366319954395294
1909,outer0,xgboost,no_consequence,0.12591110169887543
1912,outer0,xgboost,no_consequence,0.09829059988260269
1916,outer0,xgboost,no_consequence,0.05352732539176941
1919,outer0,xgboost,no_consequence,0.04675785079598427
1927,outer0,xgboost,no_consequence,0.040509939193725586
1938,outer0,xgboost,no_consequence,0.069325752556324
1944,outer0,xgboost,no_consequence,0.2378297746181488
1968,outer0,xgboost,no_consequence,0.06169220432639122
1971,outer0,xgboost,no_consequence,0.0693177729845047
1983,outer0,xgboost,no_consequence,0.06640905886888504
1986,outer0,xgboost,no_consequence,0.22483354806900024
1997,outer0,xgboost,no_consequence,0.048435330390930176
2007,outer0,xgboost,no_consequence,0.04092103987932205
2010,outer0,xgboost,no_consequence,0.03945394605398178
2015,outer0,xgboost,no_consequence,0.04164867848157883
2024,outer0,xgboost,no_consequence,0.07062248885631561
2029,outer0,xgboost,no_consequence,0.07631033658981323
2032,outer0,xgboost,no_consequence,0.0593782402575016
2040,outer0,xgboost,no_consequence,0.058267343789339066
2044,outer0,xgboost,no_consequence,0.05124574154615402
2045,outer0,xgboost,no_consequence,0.05617450922727585
2050,outer0,xgboost,no_consequence,0.040675170719623566
2051,outer0,xgboost,no_consequence,0.03190863877534866
2066,outer0,xgboost,no_consequence,0.03370477259159088
2067,outer0,xgboost,no_consequence,0.055304933339357376
2072,outer0,xgboost,no_consequence,0.053594935685396194
2082,outer0,xgboost,no_consequence,0.03809526935219765
2086,outer0,xgboost,no_consequence,0.5523346662521362
2096,outer0,xgboost,no_consequence,0.04489181935787201
2101,outer0,xgboost,no_consequence,0.06736593693494797
2106,outer0,xgboost,no_consequence,0.13992296159267426
2114,outer0,xgboost,no_consequence,0.05145848169922829
2122,outer0,xgboost,no_consequence,0.36098217964172363
2124,outer0,xgboost,no_consequence,0.04168450087308884
2134,outer0,xgboost,no_consequence,0.07575894147157669
2136,outer0,xgboost,no_consequence,0.06921011954545975
2140,outer0,xgboost,no_consequence,0.08275454491376877
2144,outer0,xgboost,no_consequence,0.05075053125619888
2152,outer0,xgboost,no_consequence,0.07311733067035675
2161,outer0,xgboost,no_consequence,0.23259180784225464
2162,outer0,xgboost,no_consequence,0.025994757190346718
2165,outer0,xgboost,no_consequence,0.0500984825193882
2171,outer0,xgboost,no_consequence,0.1342911422252655
2175,outer0,xgboost,no_consequence,0.04218506067991257
2184,outer0,xgboost,no_consequence,0.06500328332185745
2185,outer0,xgboost,no_consequence,0.04527948051691055
2186,outer0,xgboost,no_consequence,0.014841900207102299
2195,outer0,xgboost,no_consequence,0.1454583704471588
2200,outer0,xgboost,no_consequence,0.054409630596637726
2202,outer0,xgboost,no_consequence,0.033868975937366486
2221,outer0,xgboost,no_consequence,0.028636623173952103
2225,outer0,xgboost,no_consequence,0.05409390106797218
2230,outer0,xgboost,no_consequence,0.08502274751663208
2234,outer0,xgboost,no_consequence,0.13170753419399261
2237,outer0,xgboost,no_consequence,0.03894606605172157
2244,outer0,xgboost,no_consequence,0.12519614398479462
2249,outer0,xgboost,no_consequence,0.13996317982673645
2251,outer0,xgboost,no_consequence,0.11169778555631638
2257,outer0,xgboost,no_consequence,0.07967410236597061
2259,outer0,xgboost,no_consequence,0.05708940327167511
2268,outer0,xgboost,no_consequence,0.05720977485179901
2269,outer0,xgboost,no_consequence,0.03458701819181442
2270,outer0,xgboost,no_consequence,0.15165984630584717
2273,outer0,xgboost,no_consequence,0.022639401257038116
2278,outer0,xgboost,no_consequence,0.07301152497529984
2281,outer0,xgboost,no_consequence,0.03477765619754791
2284,outer0,xgboost,no_consequence,0.14497391879558563
2287,outer0,xgboost,no_consequence,0.5202394723892212
2289,outer0,xgboost,no_consequence,0.07067310065031052
2291,outer0,xgboost,no_consequence,0.047473546117544174
2302,outer0,xgboost,no_consequence,0.0780898705124855
2306,outer0,xgboost,no_consequence,0.06445091217756271
2308,outer0,xgboost,no_consequence,0.07018540054559708
2312,outer0,xgboost,no_consequence,0.0610058419406414
2314,outer0,xgboost,no_consequence,0.032786108553409576
2316,outer0,xgboost,no_consequence,0.15399502217769623
2327,outer0,xgboost,no_consequence,0.032639943063259125
2332,outer0,xgboost,no_consequence,0.033176932483911514
2336,outer0,xgboost,no_consequence,0.04130502790212631
2337,outer0,xgboost,no_consequence,0.05324159190058708
2356,outer0,xgboost,no_consequence,0.16952817142009735
2357,outer0,xgboost,no_consequence,0.04944787919521332
2360,outer0,xgboost,no_consequence,0.13007602095603943
2361,outer0,xgboost,no_consequence,0.036897651851177216
2371,outer0,xgboost,no_consequence,0.03799821808934212
2372,outer0,xgboost,no_consequence,0.09057604521512985
2378,outer0,xgboost,no_consequence,0.029674533754587173
2382,outer0,xgboost,no_consequence,0.13905324041843414
2383,outer0,xgboost,no_consequence,0.04555288329720497
2395,outer0,xgboost,no_consequence,0.2536366879940033
2403,outer0,xgboost,no_consequence,0.04864716902375221
2405,outer0,xgboost,no_consequence,0.03601713851094246
2417,outer0,xgboost,no_consequence,0.1333678513765335
2432,outer0,xgboost,no_consequence,0.015290179289877415
2434,outer0,xgboost,no_consequence,0.15249666571617126
2444,outer0,xgboost,no_consequence,0.07022413611412048
2447,outer0,xgboost,no_consequence,0.11099502444267273
2451,outer0,xgboost,no_consequence,0.04484725743532181
2456,outer0,xgboost,no_consequence,0.3205367922782898
2458,outer0,xgboost,no_consequence,0.03947467356920242
2461,outer0,xgboost,no_consequence,0.0400933139026165
2462,outer0,xgboost,no_consequence,0.031240670010447502
2463,outer0,xgboost,no_consequence,0.06692451238632202
2473,outer0,xgboost,no_consequence,0.09241329878568649
2476,outer0,xgboost,no_consequence,0.10017959028482437
2479,outer0,xgboost,no_consequence,0.06527192890644073
2482,outer0,xgboost,no_consequence,0.05512811988592148
2513,outer0,xgboost,no_consequence,0.03461979702115059
2518,outer0,xgboost,no_consequence,0.03826834261417389
2527,outer0,xgboost,no_consequence,0.04342880845069885
2531,outer0,xgboost,no_consequence,0.05578122287988663
2542,outer0,xgboost,no_consequence,0.06151420250535011
2545,outer0,xgboost,no_consequence,0.06353895366191864
2546,outer0,xgboost,no_consequence,0.03229046240448952
2547,outer0,xgboost,no_consequence,0.07627560943365097
2559,outer0,xgboost,no_consequence,0.03207617998123169
2572,outer0,xgboost,no_consequence,0.03504215553402901
2580,outer0,xgboost,no_consequence,0.04450100660324097
2588,outer0,xgboost,no_consequence,0.06504365056753159
2590,outer0,xgboost,no_consequence,0.0423506535589695
2591,outer0,xgboost,no_consequence,0.04319433867931366
2592,outer0,xgboost,no_consequence,0.09980716556310654
2594,outer0,xgboost,no_consequence,0.04918258637189865
2595,outer0,xgboost,no_consequence,0.16148808598518372
2601,outer0,xgboost,no_consequence,0.08919326215982437
2603,outer0,xgboost,no_consequence,0.16913606226444244
2606,outer0,xgboost,no_consequence,0.11937405914068222
2607,outer0,xgboost,no_consequence,0.03285074606537819
2609,outer0,xgboost,no_consequence,0.09495341032743454
2611,outer0,xgboost,no_consequence,0.051929645240306854
2622,outer0,xgboost,no_consequence,0.15835517644882202
2624,outer0,xgboost,no_consequence,0.06700369715690613
2625,outer0,xgboost,no_consequence,0.031096795573830605
2626,outer0,xgboost,no_consequence,0.34156084060668945
2630,outer0,xgboost,no_consequence,0.11467251181602478
2634,outer0,xgboost,no_consequence,0.06521863490343094
2635,outer0,xgboost,no_consequence,0.041007380932569504
2643,outer0,xgboost,no_consequence,0.14083242416381836
2645,outer0,xgboost,no_consequence,0.10051842033863068
2649,outer0,xgboost,no_consequence,0.06521652638912201
2654,outer0,xgboost,no_consequence,0.062038354575634
2655,outer0,xgboost,no_consequence,0.14065676927566528
2656,outer0,xgboost,no_consequence,0.03401539474725723
2657,outer0,xgboost,no_consequence,0.07557772845029831
2661,outer0,xgboost,no_consequence,0.04415207728743553
2678,outer0,xgboost,no_consequence,0.04039555788040161
2679,outer0,xgboost,no_consequence,0.05701131746172905
2687,outer0,xgboost,no_consequence,0.06088003143668175
2689,outer0,xgboost,no_consequence,0.034723907709121704
2690,outer0,xgboost,no_consequence,0.10502889007329941
2707,outer0,xgboost,no_consequence,0.05662159621715546
2716,outer0,xgboost,no_consequence,0.1183171346783638
2717,outer0,xgboost,no_consequence,0.046867191791534424
2719,outer0,xgboost,no_consequence,0.04564284160733223
2726,outer0,xgboost,no_consequence,0.03198367729783058
2727,outer0,xgboost,no_consequence,0.07126311957836151
2730,outer0,xgboost,no_consequence,0.029562078416347504
2735,outer0,xgboost,no_consequence,0.03933842107653618
2737,outer0,xgboost,no_consequence,0.020418260246515274
2741,outer0,xgboost,no_consequence,0.058509115129709244
2742,outer0,xgboost,no_consequence,0.10077781230211258
2743,outer0,xgboost,no_consequence,0.04588126018643379
2749,outer0,xgboost,no_consequence,0.213274285197258
2760,outer0,xgboost,no_consequence,0.10703392326831818
2765,outer0,xgboost,no_consequence,0.03448469191789627
2767,outer0,xgboost,no_consequence,0.06831923127174377
2768,outer0,xgboost,no_consequence,0.08839830011129379
2771,outer0,xgboost,no_consequence,0.08713435381650925
2787,outer0,xgboost,no_consequence,0.11660204827785492
2789,outer0,xgboost,no_consequence,0.253216952085495
2792,outer0,xgboost,no_consequence,0.06696794927120209
2793,outer0,xgboost,no_consequence,0.2557980418205261
2800,outer0,xgboost,no_consequence,0.04538867995142937
2801,outer0,xgboost,no_consequence,0.030254174023866653
2809,outer0,xgboost,no_consequence,0.0710001289844513
2810,outer0,xgboost,no_consequence,0.0831693783402443
2812,outer0,xgboost,no_consequence,0.027023697271943092
2818,outer0,xgboost,no_consequence,0.06320992112159729
2824,outer0,xgboost,no_consequence,0.04962030425667763
2829,outer0,xgboost,no_consequence,0.06616996973752975
2834,outer0,xgboost,no_consequence,0.033457450568675995
2836,outer0,xgboost,no_consequence,0.2175261676311493
2840,outer0,xgboost,no_consequence,0.12467359751462936
2848,outer0,xgboost,no_consequence,0.03562579303979874
2850,outer0,xgboost,no_consequence,0.04688023775815964
2853,outer0,xgboost,no_consequence,0.038721054792404175
2856,outer0,xgboost,no_consequence,0.30465713143348694
2863,outer0,xgboost,no_consequence,0.04813005402684212
2868,outer0,xgboost,no_consequence,0.05177436023950577
2869,outer0,xgboost,no_consequence,0.029211653396487236
2876,outer0,xgboost,no_consequence,0.05657705292105675
2887,outer0,xgboost,no_consequence,0.3370436728000641
2898,outer0,xgboost,no_consequence,0.030853698030114174
2900,outer0,xgboost,no_consequence,0.0489477664232254
2915,outer0,xgboost,no_consequence,0.02940017357468605
2927,outer0,xgboost,no_consequence,0.05651138722896576
2930,outer0,xgboost,no_consequence,0.08193544298410416
2938,outer0,xgboost,no_consequence,0.03816917911171913
2940,outer0,xgboost,no_consequence,0.06912943720817566
2941,outer0,xgboost,no_consequence,0.10145878046751022
2944,outer0,xgboost,no_consequence,0.0656014159321785
2947,outer0,xgboost,no_consequence,0.06759163737297058
2953,outer0,xgboost,no_consequence,0.03445019572973251
2954,outer0,xgboost,no_consequence,0.3857179582118988
2955,outer0,xgboost,no_consequence,0.040144387632608414
2968,outer0,xgboost,no_consequence,0.028470898047089577
2978,outer0,xgboost,no_consequence,0.03772857040166855
2982,outer0,xgboost,no_consequence,0.041380625218153
3001,outer0,xgboost,no_consequence,0.10099786520004272
3009,outer0,xgboost,no_consequence,0.0332222506403923
3012,outer0,xgboost,no_consequence,0.023344876244664192
3021,outer0,xgboost,no_consequence,0.06112394481897354
3023,outer0,xgboost,no_consequence,0.07408522069454193
3025,outer0,xgboost,no_consequence,0.07002364844083786
3038,outer0,xgboost,no_consequence,0.03546544536948204
3041,outer0,xgboost,no_consequence,0.051161497831344604
3055,outer0,xgboost,no_consequence,0.10927949845790863
3064,outer0,xgboost,no_consequence,0.05365907773375511
3067,outer0,xgboost,no_consequence,0.18721824884414673
3073,outer0,xgboost,no_consequence,0.06687743961811066
3078,outer0,xgboost,no_consequence,0.2812509834766388
3079,outer0,xgboost,no_consequence,0.10954650491476059
3082,outer0,xgboost,no_consequence,0.031315576285123825
3084,outer0,xgboost,no_consequence,0.04586050286889076
3085,outer0,xgboost,no_consequence,0.06526606529951096
3086,outer0,xgboost,no_consequence,0.06792944669723511
3087,outer0,xgboost,no_consequence,0.07825262099504471
3098,outer0,xgboost,no_consequence,0.034976791590452194
3106,outer0,xgboost,no_consequence,0.04740786552429199
3107,outer0,xgboost,no_consequence,0.18502312898635864
3109,outer0,xgboost,no_consequence,0.10026556998491287
3110,outer0,xgboost,no_consequence,0.0852978378534317
3112,outer0,xgboost,no_consequence,0.031132714822888374
3113,outer0,xgboost,no_consequence,0.05669194832444191
3117,outer0,xgboost,no_consequence,0.2933422029018402
3119,outer0,xgboost,no_consequence,0.09099187701940536
3122,outer0,xgboost,no_consequence,0.13089358806610107
3138,outer0,xgboost,no_consequence,0.05844062194228172
3151,outer0,xgboost,no_consequence,0.026283206418156624
3154,outer0,xgboost,no_consequence,0.018197638913989067
3156,outer0,xgboost,no_consequence,0.2737014591693878
3161,outer0,xgboost,no_consequence,0.0710265263915062
3164,outer0,xgboost,no_consequence,0.40493243932724
3168,outer0,xgboost,no_consequence,0.0489698126912117
3172,outer0,xgboost,no_consequence,0.04179005324840546
3181,outer0,xgboost,no_consequence,0.079766646027565
3202,outer0,xgboost,no_consequence,0.19159488379955292
3204,outer0,xgboost,no_consequence,0.029759006574749947
3205,outer0,xgboost,no_consequence,0.04631708562374115
3206,outer0,xgboost,no_consequence,0.029578134417533875
3207,outer0,xgboost,no_consequence,0.11684621125459671
3208,outer0,xgboost,no_consequence,0.15266357362270355
3209,outer0,xgboost,no_consequence,0.08128045499324799
3210,outer0,xgboost,no_consequence,0.3111729621887207
3215,outer0,xgboost,no_consequence,0.07336509972810745
3220,outer0,xgboost,no_consequence,0.061707962304353714
3221,outer0,xgboost,no_consequence,0.12366198748350143
3223,outer0,xgboost,no_consequence,0.02784552611410618
3230,outer0,xgboost,no_consequence,0.1366453915834427
3241,outer0,xgboost,no_consequence,0.039538681507110596
3249,outer0,xgboost,no_consequence,0.05183400586247444
3253,outer0,xgboost,no_consequence,0.07757842540740967
3255,outer0,xgboost,no_consequence,0.08950626850128174
3256,outer0,xgboost,no_consequence,0.027803510427474976
3257,outer0,xgboost,no_consequence,0.055389512330293655
3260,outer0,xgboost,no_consequence,0.039040349423885345
3262,outer0,xgboost,no_consequence,0.029611870646476746
3267,outer0,xgboost,no_consequence,0.18799658119678497
3269,outer0,xgboost,no_consequence,0.03515679016709328
3272,outer0,xgboost,no_consequence,0.13266658782958984
3274,outer0,xgboost,no_consequence,0.04693417251110077
3278,outer0,xgboost,no_consequence,0.09386409819126129
3283,outer0,xgboost,no_consequence,0.04286700114607811
3288,outer0,xgboost,no_consequence,0.04709205776453018
3289,outer0,xgboost,no_consequence,0.0784587636590004
3292,outer0,xgboost,no_consequence,0.05331971496343613
3293,outer0,xgboost,no_consequence,0.025520967319607735
3296,outer0,xgboost,no_consequence,0.06037435308098793
3307,outer0,xgboost,no_consequence,0.03896164149045944
3309,outer0,xgboost,no_consequence,0.02044290117919445
3319,outer0,xgboost,no_consequence,0.29927369952201843
3320,outer0,xgboost,no_consequence,0.12091154605150223
3321,outer0,xgboost,no_consequence,0.10475406795740128
3324,outer0,xgboost,no_consequence,0.08434319496154785
3327,outer0,xgboost,no_consequence,0.17360208928585052
3331,outer0,xgboost,no_consequence,0.0570853166282177
3332,outer0,xgboost,no_consequence,0.024376075714826584
3334,outer0,xgboost,no_consequence,0.09856857359409332
3342,outer0,xgboost,no_consequence,0.10087239742279053
3344,outer0,xgboost,no_consequence,0.27319854497909546
3350,outer0,xgboost,no_consequence,0.20654921233654022
3352,outer0,xgboost,no_consequence,0.0977642685174942
3362,outer0,xgboost,no_consequence,0.02336065098643303
3364,outer0,xgboost,no_consequence,0.07684836536645889
3366,outer0,xgboost,no_consequence,0.04730645567178726
3367,outer0,xgboost,no_consequence,0.03492171689867973
3372,outer0,xgboost,no_consequence,0.0265846848487854
3376,outer0,xgboost,no_consequence,0.1265486776828766
3381,outer0,xgboost,no_consequence,0.11370868235826492
3383,outer0,xgboost,no_consequence,0.03356066346168518
3390,outer0,xgboost,no_consequence,0.09988880902528763
3395,outer0,xgboost,no_consequence,0.015954285860061646
3396,outer0,xgboost,no_consequence,0.20639142394065857
3399,outer0,xgboost,no_consequence,0.04941493272781372
3413,outer0,xgboost,no_consequence,0.41745948791503906
3414,outer0,xgboost,no_consequence,0.16684456169605255
3417,outer0,xgboost,no_consequence,0.1251818835735321
3425,outer0,xgboost,no_consequence,0.07209697365760803
3426,outer0,xgboost,no_consequence,0.06794336438179016
3428,outer0,xgboost,no_consequence,0.042367082089185715
3435,outer0,xgboost,no_consequence,0.09032026678323746
3455,outer0,xgboost,no_consequence,0.09579840302467346
3464,outer0,xgboost,no_consequence,0.1444922238588333
3472,outer0,xgboost,no_consequence,0.07594982534646988
3477,outer0,xgboost,no_consequence,0.09985604137182236
3478,outer0,xgboost,no_consequence,0.04194672033190727
3491,outer0,xgboost,no_consequence,0.04422615468502045
3492,outer0,xgboost,no_consequence,0.1128377839922905
3493,outer0,xgboost,no_consequence,0.08100476861000061
3495,outer0,xgboost,no_consequence,0.08199957758188248
3496,outer0,xgboost,no_consequence,0.044956739991903305
3506,outer0,xgboost,no_consequence,0.08388020098209381
3507,outer0,xgboost,no_consequence,0.07745932042598724
3509,outer0,xgboost,no_consequence,0.09844686836004257
3537,outer0,xgboost,no_consequence,0.02603556402027607
3539,outer0,xgboost,no_consequence,0.08743775635957718
3540,outer0,xgboost,no_consequence,0.12649822235107422
3542,outer0,xgboost,no_consequence,0.19094474613666534
3562,outer0,xgboost,no_consequence,0.026007438078522682
3567,outer0,xgboost,no_consequence,0.05600911006331444
3570,outer0,xgboost,no_consequence,0.04133215174078941
3571,outer0,xgboost,no_consequence,0.1879356950521469
3574,outer0,xgboost,no_consequence,0.07577051222324371
3579,outer0,xgboost,no_consequence,0.05350590497255325
3583,outer0,xgboost,no_consequence,0.10004618018865585
3594,outer0,xgboost,no_consequence,0.1300259530544281
3599,outer0,xgboost,no_consequence,0.07251434773206711
3609,outer0,xgboost,no_consequence,0.03524046763777733
3612,outer0,xgboost,no_consequence,0.125385582447052
3613,outer0,xgboost,no_consequence,0.20208640396595
3619,outer0,xgboost,no_consequence,0.04075579345226288
3620,outer0,xgboost,no_consequence,0.09704568982124329
3621,outer0,xgboost,no_consequence,0.0892263725399971
3628,outer0,xgboost,no_consequence,0.08400024473667145
3633,outer0,xgboost,no_consequence,0.0695863738656044
3636,outer0,xgboost,no_consequence,0.08752173185348511
3638,outer0,xgboost,no_consequence,0.22130179405212402
3655,outer0,xgboost,no_consequence,0.12625648081302643
3656,outer0,xgboost,no_consequence,0.07559468597173691
3659,outer0,xgboost,no_consequence,0.03685447573661804
3662,outer0,xgboost,no_consequence,0.020676951855421066
3670,outer0,xgboost,no_consequence,0.38961803913116455
3677,outer0,xgboost,no_consequence,0.37642720341682434
3680,outer0,xgboost,no_consequence,0.046822767704725266
3684,outer0,xgboost,no_consequence,0.043657414615154266
3707,outer0,xgboost,no_consequence,0.030213413760066032
3712,outer0,xgboost,no_consequence,0.10184870660305023
3714,outer0,xgboost,no_consequence,0.07651790976524353
3719,outer0,xgboost,no_consequence,0.04157625138759613
3720,outer0,xgboost,no_consequence,0.09308106452226639
3725,outer0,xgboost,no_consequence,0.028232164680957794
3726,outer0,xgboost,no_consequence,0.02582736685872078
3734,outer0,xgboost,no_consequence,0.17957384884357452
3735,outer0,xgboost,no_consequence,0.04503339156508446
3742,outer0,xgboost,no_consequence,0.04643988981842995
3743,outer0,xgboost,no_consequence,0.15562771260738373
3748,outer0,xgboost,no_consequence,0.23478291928768158
3749,outer0,xgboost,no_consequence,0.030146706849336624
3750,outer0,xgboost,no_consequence,0.054249927401542664
3751,outer0,xgboost,no_consequence,0.03378794342279434
3756,outer0,xgboost,no_consequence,0.07831811159849167
3760,outer0,xgboost,no_consequence,0.06324288249015808
3763,outer0,xgboost,no_consequence,0.02169250138103962
3775,outer0,xgboost,no_consequence,0.03526858240365982
3783,outer0,xgboost,no_consequence,0.043942179530858994
3785,outer0,xgboost,no_consequence,0.03559917211532593
3786,outer0,xgboost,no_consequence,0.2077241986989975
3790,outer0,xgboost,no_consequence,0.031492993235588074
3799,outer0,xgboost,no_consequence,0.13670076429843903
3803,outer0,xgboost,no_consequence,0.10283582657575607
3804,outer0,xgboost,no_consequence,0.030845703557133675
3805,outer0,xgboost,no_consequence,0.059229034930467606
3809,outer0,xgboost,no_consequence,0.08395620435476303
3815,outer0,xgboost,no_consequence,0.12862040102481842
3822,outer0,xgboost,no_consequence,0.05357189103960991
3824,outer0,xgboost,no_consequence,0.04596550762653351
3829,outer0,xgboost,no_consequence,0.21518100798130035
3834,outer0,xgboost,no_consequence,0.08457069098949432
3841,outer0,xgboost,no_consequence,0.08970461785793304
3842,outer0,xgboost,no_consequence,0.03031167760491371
3847,outer0,xgboost,no_consequence,0.034931816160678864
3855,outer0,xgboost,no_consequence,0.043674007058143616
3858,outer0,xgboost,no_consequence,0.04800426959991455
3862,outer0,xgboost,no_consequence,0.07686661928892136
3863,outer0,xgboost,no_consequence,0.0580897182226181
3864,outer0,xgboost,no_consequence,0.07401567697525024
3880,outer0,xgboost,no_consequence,0.03606279194355011
3883,outer0,xgboost,no_consequence,0.11311106383800507
3884,outer0,xgboost,no_consequence,0.41610249876976013
3894,outer0,xgboost,no_consequence,0.16213145852088928
3907,outer0,xgboost,no_consequence,0.13906727731227875
3908,outer0,xgboost,no_consequence,0.1960355043411255
3913,outer0,xgboost,no_consequence,0.07590822130441666
3925,outer0,xgboost,no_consequence,0.11660922318696976
3936,outer0,xgboost,no_consequence,0.08939354121685028
3941,outer0,xgboost,no_consequence,0.033024974167346954
3942,outer0,xgboost,no_consequence,0.06603767722845078
3946,outer0,xgboost,no_consequence,0.09396319836378098
3947,outer0,xgboost,no_consequence,0.04333954676985741
3952,outer0,xgboost,no_consequence,0.24523916840553284
3965,outer0,xgboost,no_consequence,0.08093061298131943
3972,outer0,xgboost,no_consequence,0.0451887883245945
3976,outer0,xgboost,no_consequence,0.08036485314369202
3984,outer0,xgboost,no_consequence,0.0348888598382473
3988,outer0,xgboost,no_consequence,0.05004299432039261
3993,outer0,xgboost,no_consequence,0.040570758283138275
3998,outer0,xgboost,no_consequence,0.05036664381623268
3999,outer0,xgboost,no_consequence,0.08268167823553085
4008,outer0,xgboost,no_consequence,0.07110968232154846
4013,outer0,xgboost,no_consequence,0.08903978765010834
4018,outer0,xgboost,no_consequence,0.036318033933639526
4019,outer0,xgboost,no_consequence,0.032975345849990845
4026,outer0,xgboost,no_consequence,0.15506815910339355
4029,outer0,xgboost,no_consequence,0.023472197353839874
4030,outer0,xgboost,no_consequence,0.09886199235916138
4031,outer0,xgboost,no_consequence,0.0376480408012867
4033,outer0,xgboost,no_consequence,0.07892469316720963
4035,outer0,xgboost,no_consequence,0.164801687002182
4042,outer0,xgboost,no_consequence,0.09383662045001984
4060,outer0,xgboost,no_consequence,0.030998041853308678
4061,outer0,xgboost,no_consequence,0.12177539616823196
4064,outer0,xgboost,no_consequence,0.133971706032753
4065,outer0,xgboost,no_consequence,0.06712619960308075
4075,outer0,xgboost,no_consequence,0.0786476880311966
4082,outer0,xgboost,no_consequence,0.10830505937337875
4086,outer0,xgboost,no_consequence,0.30071598291397095
4087,outer0,xgboost,no_consequence,0.033122021704912186
4090,outer0,xgboost,no_consequence,0.05675804242491722
4091,outer0,xgboost,no_consequence,0.03424982726573944
4094,outer0,xgboost,no_consequence,0.026014992967247963
4134,outer0,xgboost,no_consequence,0.11565656960010529
4143,outer0,xgboost,no_consequence,0.1081344336271286
4145,outer0,xgboost,no_consequence,0.10635358095169067
4149,outer0,xgboost,no_consequence,0.07071522623300552
4157,outer0,xgboost,no_consequence,0.04480188339948654
4159,outer0,xgboost,no_consequence,0.25259020924568176
4162,outer0,xgboost,no_consequence,0.06191018968820572
4169,outer0,xgboost,no_consequence,0.16408726572990417
4181,outer0,xgboost,no_consequence,0.04030828922986984
4185,outer0,xgboost,no_consequence,0.050510503351688385
4187,outer0,xgboost,no_consequence,0.07832396775484085
4189,outer0,xgboost,no_consequence,0.06934261322021484
4198,outer0,xgboost,no_consequence,0.07698167115449905
4200,outer0,xgboost,no_consequence,0.25985434651374817
4202,outer0,xgboost,no_consequence,0.05575006455183029
4213,outer0,xgboost,no_consequence,0.12016449123620987
4217,outer0,xgboost,no_consequence,0.05095905810594559
4218,outer0,xgboost,no_consequence,0.09290198236703873
4221,outer0,xgboost,no_consequence,0.04202374070882797
4226,outer0,xgboost,no_consequence,0.0859115719795227
4228,outer0,xgboost,no_consequence,0.1850987821817398
4237,outer0,xgboost,no_consequence,0.02915496751666069
4243,outer0,xgboost,no_consequence,0.04395677149295807
4244,outer0,xgboost,no_consequence,0.12735599279403687
4248,outer0,xgboost,no_consequence,0.050837643444538116
4262,outer0,xgboost,no_consequence,0.07393186539411545
4263,outer0,xgboost,no_consequence,0.07864729315042496
4276,outer0,xgboost,no_consequence,0.18041469156742096
4279,outer0,xgboost,no_consequence,0.0648777186870575
4285,outer0,xgboost,no_consequence,0.036261651664972305
4288,outer0,xgboost,no_consequence,0.22123247385025024
4295,outer0,xgboost,no_consequence,0.04541321098804474
4299,outer0,xgboost,no_consequence,0.047729283571243286
4305,outer0,xgboost,no_consequence,0.0889589935541153
4309,outer0,xgboost,no_consequence,0.11324267834424973
4312,outer0,xgboost,no_consequence,0.03896374627947807
4314,outer0,xgboost,no_consequence,0.3562478721141815
4317,outer0,xgboost,no_consequence,0.044058073312044144
4327,outer0,xgboost,no_consequence,0.05442539602518082
4330,outer0,xgboost,no_consequence,0.30586811900138855
4337,outer0,xgboost,no_consequence,0.04038836434483528
4339,outer0,xgboost,no_consequence,0.035623699426651
7,outer1,xgboost,no_consequence,0.03169155865907669
17,outer1,xgboost,no_consequence,0.10065446048974991
45,outer1,xgboost,no_consequence,0.050274550914764404
54,outer1,xgboost,no_consequence,0.03697774186730385
61,outer1,xgboost,no_consequence,0.13093161582946777
62,outer1,xgboost,no_consequence,0.2124447375535965
65,outer1,xgboost,no_consequence,0.1821022778749466
74,outer1,xgboost,no_consequence,0.05839705467224121
76,outer1,xgboost,no_consequence,0.06003889814019203
80,outer1,xgboost,no_consequence,0.5732583999633789
81,outer1,xgboost,no_consequence,0.171952486038208
84,outer1,xgboost,no_consequence,0.08952663838863373
85,outer1,xgboost,no_consequence,0.027556147426366806
101,outer1,xgboost,no_consequence,0.1710013747215271
112,outer1,xgboost,no_consequence,0.03542913869023323
116,outer1,xgboost,no_consequence,0.02337988093495369
117,outer1,xgboost,no_consequence,0.2350630909204483
126,outer1,xgboost,no_consequence,0.09495022147893906
131,outer1,xgboost,no_consequence,0.06742753833532333
141,outer1,xgboost,no_consequence,0.3529556095600128
157,outer1,xgboost,no_consequence,0.10651026666164398
159,outer1,xgboost,no_consequence,0.06862249225378036
161,outer1,xgboost,no_consequence,0.2869003713130951
165,outer1,xgboost,no_consequence,0.09015771001577377
166,outer1,xgboost,no_consequence,0.0202987901866436
176,outer1,xgboost,no_consequence,0.20152993500232697
179,outer1,xgboost,no_consequence,0.0190439336001873
182,outer1,xgboost,no_consequence,0.04676293581724167
183,outer1,xgboost,no_consequence,0.061045777052640915
184,outer1,xgboost,no_consequence,0.030808385461568832
190,outer1,xgboost,no_consequence,0.1329541653394699
198,outer1,xgboost,no_consequence,0.6242963671684265
200,outer1,xgboost,no_consequence,0.15210987627506256
208,outer1,xgboost,no_consequence,0.07944834232330322
214,outer1,xgboost,no_consequence,0.01877514272928238
215,outer1,xgboost,no_consequence,0.07396116852760315
236,outer1,xgboost,no_consequence,0.02317671850323677
241,outer1,xgboost,no_consequence,0.03274436295032501
245,outer1,xgboost,no_consequence,0.13919587433338165
247,outer1,xgboost,no_consequence,0.031025521457195282
251,outer1,xgboost,no_consequence,0.14757412672042847
253,outer1,xgboost,no_consequence,0.16725577414035797
263,outer1,xgboost,no_consequence,0.21827366948127747
264,outer1,xgboost,no_consequence,0.07089637964963913
266,outer1,xgboost,no_consequence,0.1331935077905655
274,outer1,xgboost,no_consequence,0.08230474591255188
277,outer1,xgboost,no_consequence,0.15703487396240234
280,outer1,xgboost,no_consequence,0.0972823053598404
283,outer1,xgboost,no_consequence,0.05202261731028557
285,outer1,xgboost,no_consequence,0.14091527462005615
298,outer1,xgboost,no_consequence,0.1708153486251831
302,outer1,xgboost,no_consequence,0.0523858480155468
307,outer1,xgboost,no_consequence,0.06278645992279053
310,outer1,xgboost,no_consequence,0.06985567510128021
317,outer1,xgboost,no_consequence,0.0544169545173645
321,outer1,xgboost,no_consequence,0.26616817712783813
323,outer1,xgboost,no_consequence,0.0736735537648201
331,outer1,xgboost,no_consequence,0.11987917870283127
333,outer1,xgboost,no_consequence,0.08167889714241028
337,outer1,xgboost,no_consequence,0.13589951395988464
363,outer1,xgboost,no_consequence,0.1774781495332718
374,outer1,xgboost,no_consequence,0.12313177436590195
394,outer1,xgboost,no_consequence,0.1164981946349144
415,outer1,xgboost,no_consequence,0.12354676425457001
417,outer1,xgboost,no_consequence,0.1757710874080658
429,outer1,xgboost,no_consequence,0.042375367134809494
430,outer1,xgboost,no_consequence,0.423430472612381
440,outer1,xgboost,no_consequence,0.06564938277006149
446,outer1,xgboost,no_consequence,0.06648135930299759
447,outer1,xgboost,no_consequence,0.06279392540454865
448,outer1,xgboost,no_consequence,0.11637358367443085
457,outer1,xgboost,no_consequence,0.11689893901348114
460,outer1,xgboost,no_consequence,0.02464696206152439
461,outer1,xgboost,no_consequence,0.1889379918575287
466,outer1,xgboost,no_consequence,0.24910305440425873
471,outer1,xgboost,no_consequence,0.041811347007751465
475,outer1,xgboost,no_consequence,0.08753939718008041
477,outer1,xgboost,no_consequence,0.12137938290834427
479,outer1,xgboost,no_consequence,0.026682496070861816
487,outer1,xgboost,no_consequence,0.013151752762496471
490,outer1,xgboost,no_consequence,0.41336265206336975
492,outer1,xgboost,no_consequence,0.08286066353321075
493,outer1,xgboost,no_consequence,0.10062099248170853
497,outer1,xgboost,no_consequence,0.024350561201572418
503,outer1,xgboost,no_consequence,0.3362768590450287
507,outer1,xgboost,no_consequence,0.054501235485076904
510,outer1,xgboost,no_consequence,0.314649373292923
514,outer1,xgboost,no_consequence,0.0467672124505043
516,outer1,xgboost,no_consequence,0.026644565165042877
535,outer1,xgboost,no_consequence,0.2248244434595108
537,outer1,xgboost,no_consequence,0.023764153942465782
541,outer1,xgboost,no_consequence,0.10006355494260788
551,outer1,xgboost,no_consequence,0.09495019167661667
552,outer1,xgboost,no_consequence,0.3408159017562866
555,outer1,xgboost,no_consequence,0.10804525017738342
557,outer1,xgboost,no_consequence,0.028404103592038155
562,outer1,xgboost,no_consequence,0.017524173483252525
566,outer1,xgboost,no_consequence,0.03260483965277672
570,outer1,xgboost,no_consequence,0.07515677809715271
573,outer1,xgboost,no_consequence,0.030847271904349327
574,outer1,xgboost,no_consequence,0.0298762209713459
581,outer1,xgboost,no_consequence,0.07957060635089874
584,outer1,xgboost,no_consequence,0.16772103309631348
587,outer1,xgboost,no_consequence,0.14193201065063477
593,outer1,xgboost,no_consequence,0.2513217329978943
596,outer1,xgboost,no_consequence,0.11020191758871078
603,outer1,xgboost,no_consequence,0.036749646067619324
605,outer1,xgboost,no_consequence,0.0323796384036541
606,outer1,xgboost,no_consequence,0.060213807970285416
608,outer1,xgboost,no_consequence,0.01534651592373848
610,outer1,xgboost,no_consequence,0.18568341434001923
612,outer1,xgboost,no_consequence,0.03497673571109772
615,outer1,xgboost,no_consequence,0.03136485069990158
627,outer1,xgboost,no_consequence,0.08771175146102905
628,outer1,xgboost,no_consequence,0.0388425774872303
630,outer1,xgboost,no_consequence,0.02054031379520893
631,outer1,xgboost,no_consequence,0.027225825935602188
633,outer1,xgboost,no_consequence,0.06598880141973495
634,outer1,xgboost,no_consequence,0.09489741176366806
635,outer1,xgboost,no_consequence,0.0408262275159359
640,outer1,xgboost,no_consequence,0.18402139842510223
641,outer1,xgboost,no_consequence,0.043346960097551346
643,outer1,xgboost,no_consequence,0.054821740835905075
647,outer1,xgboost,no_consequence,0.049862898886203766
650,outer1,xgboost,no_consequence,0.018179437145590782
656,outer1,xgboost,no_consequence,0.09361159056425095
657,outer1,xgboost,no_consequence,0.09605211019515991
658,outer1,xgboost,no_consequence,0.13428844511508942
661,outer1,xgboost,no_consequence,0.1559705138206482
662,outer1,xgboost,no_consequence,0.027863169088959694
670,outer1,xgboost,no_consequence,0.01899288035929203
675,outer1,xgboost,no_consequence,0.028511304408311844
681,outer1,xgboost,no_consequence,0.10292604565620422
691,outer1,xgboost,no_consequence,0.03423048183321953
694,outer1,xgboost,no_consequence,0.040411628782749176
698,outer1,xgboost,no_consequence,0.04262631759047508
709,outer1,xgboost,no_consequence,0.017961127683520317
710,outer1,xgboost,no_consequence,0.07273569703102112
712,outer1,xgboost,no_consequence,0.034119442105293274
713,outer1,xgboost,no_consequence,0.024830063804984093
714,outer1,xgboost,no_consequence,0.03207497298717499
715,outer1,xgboost,no_consequence,0.05741345137357712
718,outer1,xgboost,no_consequence,0.12486664205789566
725,outer1,xgboost,no_consequence,0.03288889303803444
731,outer1,xgboost,no_consequence,0.06645427644252777
732,outer1,xgboost,no_consequence,0.042251668870449066
737,outer1,xgboost,no_consequence,0.13909095525741577
739,outer1,xgboost,no_consequence,0.050386615097522736
740,outer1,xgboost,no_consequence,0.02624267339706421
743,outer1,xgboost,no_consequence,0.023256056010723114
745,outer1,xgboost,no_consequence,0.03846082091331482
758,outer1,xgboost,no_consequence,0.026933984830975533
759,outer1,xgboost,no_consequence,0.03319094702601433
773,outer1,xgboost,no_consequence,0.07095639407634735
780,outer1,xgboost,no_consequence,0.0957980528473854
783,outer1,xgboost,no_consequence,0.21048147976398468
787,outer1,xgboost,no_consequence,0.598723828792572
790,outer1,xgboost,no_consequence,0.2538304924964905
793,outer1,xgboost,no_consequence,0.032196879386901855
794,outer1,xgboost,no_consequence,0.03822936490178108
796,outer1,xgboost,no_consequence,0.034306589514017105
797,outer1,xgboost,no_consequence,0.05512268841266632
798,outer1,xgboost,no_consequence,0.1491975486278534
808,outer1,xgboost,no_consequence,0.031832415610551834
809,outer1,xgboost,no_consequence,0.2706765830516815
833,outer1,xgboost,no_consequence,0.05670430511236191
837,outer1,xgboost,no_consequence,0.1568254828453064
844,outer1,xgboost,no_consequence,0.02582523226737976
848,outer1,xgboost,no_consequence,0.032431915402412415
851,outer1,xgboost,no_consequence,0.043787162750959396
858,outer1,xgboost,no_consequence,0.09199424088001251
861,outer1,xgboost,no_consequence,0.03629264980554581
866,outer1,xgboost,no_consequence,0.5132761597633362
867,outer1,xgboost,no_consequence,0.03334512189030647
873,outer1,xgboost,no_consequence,0.0711650401353836
875,outer1,xgboost,no_consequence,0.045162152498960495
878,outer1,xgboost,no_consequence,0.04818921536207199
885,outer1,xgboost,no_consequence,0.05621934309601784
887,outer1,xgboost,no_consequence,0.11098887026309967
891,outer1,xgboost,no_consequence,0.0372624546289444
896,outer1,xgboost,no_consequence,0.14869415760040283
897,outer1,xgboost,no_consequence,0.08043871819972992
901,outer1,xgboost,no_consequence,0.06552328914403915
906,outer1,xgboost,no_consequence,0.08787231147289276
909,outer1,xgboost,no_consequence,0.20865091681480408
922,outer1,xgboost,no_consequence,0.4200052320957184
924,outer1,xgboost,no_consequence,0.022141119465231895
926,outer1,xgboost,no_consequence,0.15409937500953674
931,outer1,xgboost,no_consequence,0.16403581202030182
932,outer1,xgboost,no_consequence,0.03710849955677986
935,outer1,xgboost,no_consequence,0.050430621951818466
936,outer1,xgboost,no_consequence,0.04552484303712845
937,outer1,xgboost,no_consequence,0.03706048056483269
939,outer1,xgboost,no_consequence,0.10001516342163086
952,outer1,xgboost,no_consequence,0.1652328372001648
954,outer1,xgboost,no_consequence,0.03930259495973587
957,outer1,xgboost,no_consequence,0.03956395015120506
960,outer1,xgboost,no_consequence,0.05455273017287254
961,outer1,xgboost,no_consequence,0.24283239245414734
962,outer1,xgboost,no_consequence,0.03111392818391323
969,outer1,xgboost,no_consequence,0.04547937586903572
976,outer1,xgboost,no_consequence,0.16065634787082672
997,outer1,xgboost,no_consequence,0.08006417751312256
998,outer1,xgboost,no_consequence,0.05556104704737663
1002,outer1,xgboost,no_consequence,0.03071373887360096
1004,outer1,xgboost,no_consequence,0.05027500540018082
1013,outer1,xgboost,no_consequence,0.07974066585302353
1020,outer1,xgboost,no_consequence,0.038304008543491364
1022,outer1,xgboost,no_consequence,0.12953029572963715
1038,outer1,xgboost,no_consequence,0.03432586044073105
1051,outer1,xgboost,no_consequence,0.06532859057188034
1055,outer1,xgboost,no_consequence,0.02268988825380802
1062,outer1,xgboost,no_consequence,0.028532596305012703
1065,outer1,xgboost,no_consequence,0.045088205486536026
1072,outer1,xgboost,no_consequence,0.22821171581745148
1078,outer1,xgboost,no_consequence,0.16321997344493866
1084,outer1,xgboost,no_consequence,0.09828364104032516
1087,outer1,xgboost,no_consequence,0.11623861640691757
1089,outer1,xgboost,no_consequence,0.07484523952007294
1103,outer1,xgboost,no_consequence,0.0498465932905674
1107,outer1,xgboost,no_consequence,0.2521454989910126
1110,outer1,xgboost,no_consequence,0.04845895245671272
1122,outer1,xgboost,no_consequence,0.2650067210197449
1126,outer1,xgboost,no_consequence,0.18980678915977478
1129,outer1,xgboost,no_consequence,0.06204371526837349
1134,outer1,xgboost,no_consequence,0.12717387080192566
1142,outer1,xgboost,no_consequence,0.1120092123746872
1143,outer1,xgboost,no_consequence,0.07261335849761963
1146,outer1,xgboost,no_consequence,0.052442844957113266
1162,outer1,xgboost,no_consequence,0.025360124185681343
1167,outer1,xgboost,no_consequence,0.058556150645017624
1170,outer1,xgboost,no_consequence,0.08681982755661011
1173,outer1,xgboost,no_consequence,0.3037853538990021
1178,outer1,xgboost,no_consequence,0.021253710612654686
1181,outer1,xgboost,no_consequence,0.1467074304819107
1184,outer1,xgboost,no_consequence,0.09301243722438812
1188,outer1,xgboost,no_consequence,0.2321680784225464
1197,outer1,xgboost,no_consequence,0.0468737967312336
1204,outer1,xgboost,no_consequence,0.07533397525548935
1205,outer1,xgboost,no_consequence,0.023938776925206184
1208,outer1,xgboost,no_consequence,0.04881427809596062
1211,outer1,xgboost,no_consequence,0.04086262732744217
1219,outer1,xgboost,no_consequence,0.04014825448393822
1225,outer1,xgboost,no_consequence,0.030245084315538406
1227,outer1,xgboost,no_consequence,0.07616479694843292
1228,outer1,xgboost,no_consequence,0.030673936009407043
1241,outer1,xgboost,no_consequence,0.07315050810575485
1246,outer1,xgboost,no_consequence,0.011720710434019566
1247,outer1,xgboost,no_consequence,0.40330198407173157
1248,outer1,xgboost,no_consequence,0.08940905332565308
1249,outer1,xgboost,no_consequence,0.06285834312438965
1253,outer1,xgboost,no_consequence,0.0744546502828598
1258,outer1,xgboost,no_consequence,0.05000104382634163
1260,outer1,xgboost,no_consequence,0.044097285717725754
1264,outer1,xgboost,no_consequence,0.14025522768497467
1265,outer1,xgboost,no_consequence,0.16599038243293762
1267,outer1,xgboost,no_consequence,0.18904083967208862
1271,outer1,xgboost,no_consequence,0.0621802993118763
1273,outer1,xgboost,no_consequence,0.035542991012334824
1274,outer1,xgboost,no_consequence,0.054516781121492386
1275,outer1,xgboost,no_consequence,0.10359340906143188
1284,outer1,xgboost,no_consequence,0.05704430490732193
1291,outer1,xgboost,no_consequence,0.11400963366031647
1296,outer1,xgboost,no_consequence,0.0524926520884037
1298,outer1,xgboost,no_consequence,0.5223696827888489
1300,outer1,xgboost,no_consequence,0.2904549837112427
1313,outer1,xgboost,no_consequence,0.15829627215862274
1316,outer1,xgboost,no_consequence,0.058384668081998825
1320,outer1,xgboost,no_consequence,0.12351439893245697
1326,outer1,xgboost,no_consequence,0.025307446718215942
1327,outer1,xgboost,no_consequence,0.10932772606611252
1329,outer1,xgboost,no_consequence,0.11607705056667328
1334,outer1,xgboost,no_consequence,0.12660495936870575
1340,outer1,xgboost,no_consequence,0.1032276377081871
1347,outer1,xgboost,no_consequence,0.1959376484155655
1348,outer1,xgboost,no_consequence,0.19985581934452057
1352,outer1,xgboost,no_consequence,0.03185802698135376
1357,outer1,xgboost,no_consequence,0.09295923262834549
1361,outer1,xgboost,no_consequence,0.11210182309150696
1364,outer1,xgboost,no_consequence,0.03235674276947975
1370,outer1,xgboost,no_consequence,0.025641050189733505
1375,outer1,xgboost,no_consequence,0.13350382447242737
1378,outer1,xgboost,no_consequence,0.08842878043651581
1388,outer1,xgboost,no_consequence,0.07499195635318756
1391,outer1,xgboost,no_consequence,0.2220136970281601
1393,outer1,xgboost,no_consequence,0.18903760612010956
1396,outer1,xgboost,no_consequence,0.03141732141375542
1403,outer1,xgboost,no_consequence,0.03249828517436981
1404,outer1,xgboost,no_consequence,0.03371381014585495
1423,outer1,xgboost,no_consequence,0.01436656154692173
1424,outer1,xgboost,no_consequence,0.16405633091926575
1427,outer1,xgboost,no_consequence,0.11652596294879913
1435,outer1,xgboost,no_consequence,0.05748959630727768
1436,outer1,xgboost,no_consequence,0.09371159225702286
1438,outer1,xgboost,no_consequence,0.1980777233839035
1442,outer1,xgboost,no_consequence,0.2169470638036728
1445,outer1,xgboost,no_consequence,0.05467255041003227
1446,outer1,xgboost,no_consequence,0.11347727477550507
1447,outer1,xgboost,no_consequence,0.02183992601931095
1450,outer1,xgboost,no_consequence,0.11190833151340485
1453,outer1,xgboost,no_consequence,0.0875449851155281
1455,outer1,xgboost,no_consequence,0.06910175085067749
1461,outer1,xgboost,no_consequence,0.020107468590140343
1469,outer1,xgboost,no_consequence,0.03792211413383484
1471,outer1,xgboost,no_consequence,0.152014821767807
1477,outer1,xgboost,no_consequence,0.08324677497148514
1482,outer1,xgboost,no_consequence,0.050394006073474884
1494,outer1,xgboost,no_consequence,0.03622567653656006
1501,outer1,xgboost,no_consequence,0.05785612016916275
1505,outer1,xgboost,no_consequence,0.028132857754826546
1507,outer1,xgboost,no_consequence,0.05272473767399788
1514,outer1,xgboost,no_consequence,0.3529781699180603
1518,outer1,xgboost,no_consequence,0.03199830651283264
1519,outer1,xgboost,no_consequence,0.03156302496790886
1535,outer1,xgboost,no_consequence,0.031722936779260635
1536,outer1,xgboost,no_consequence,0.1755780428647995
1539,outer1,xgboost,no_consequence,0.022943785414099693
1543,outer1,xgboost,no_consequence,0.0566023588180542
1548,outer1,xgboost,no_consequence,0.08260757476091385
1552,outer1,xgboost,no_consequence,0.32204994559288025
1562,outer1,xgboost,no_consequence,0.033773522824048996
1567,outer1,xgboost,no_consequence,0.40552306175231934
1575,outer1,xgboost,no_consequence,0.05950668454170227
1582,outer1,xgboost,no_consequence,0.04624147713184357
1583,outer1,xgboost,no_consequence,0.042599014937877655
1593,outer1,xgboost,no_consequence,0.1297423094511032
1596,outer1,xgboost,no_consequence,0.08733829855918884
1597,outer1,xgboost,no_consequence,0.0681212991476059
1601,outer1,xgboost,no_consequence,0.011647042818367481
1612,outer1,xgboost,no_consequence,0.030544664710760117
1623,outer1,xgboost,no_consequence,0.029773175716400146
1626,outer1,xgboost,no_consequence,0.029606157913804054
1627,outer1,xgboost,no_consequence,0.07456911355257034
1631,outer1,xgboost,no_consequence,0.03423698619008064
1636,outer1,xgboost,no_consequence,0.17399950325489044
1637,outer1,xgboost,no_consequence,0.047493550926446915
1641,outer1,xgboost,no_consequence,0.03745298087596893
1642,outer1,xgboost,no_consequence,0.04906081035733223
1648,outer1,xgboost,no_consequence,0.2964259088039398
1649,outer1,xgboost,no_consequence,0.036439985036849976
1653,outer1,xgboost,no_consequence,0.13071930408477783
1671,outer1,xgboost,no_consequence,0.20084701478481293
1675,outer1,xgboost,no_consequence,0.11232419312000275
1677,outer1,xgboost,no_consequence,0.15671783685684204
1684,outer1,xgboost,no_consequence,0.021255122497677803
1685,outer1,xgboost,no_consequence,0.25186043977737427
1688,outer1,xgboost,no_consequence,0.08133091032505035
1701,outer1,xgboost,no_consequence,0.022321341559290886
1707,outer1,xgboost,no_consequence,0.1537150889635086
1709,outer1,xgboost,no_consequence,0.09405994415283203
1721,outer1,xgboost,no_consequence,0.18572956323623657
1736,outer1,xgboost,no_consequence,0.10889133810997009
1737,outer1,xgboost,no_consequence,0.14165839552879333
1744,outer1,xgboost,no_consequence,0.0652947723865509
1751,outer1,xgboost,no_consequence,0.08946219086647034
1755,outer1,xgboost,no_consequence,0.04763542860746384
1759,outer1,xgboost,no_consequence,0.06144963577389717
1768,outer1,xgboost,no_consequence,0.04773074388504028
1773,outer1,xgboost,no_consequence,0.08953867107629776
1776,outer1,xgboost,no_consequence,0.02368069998919964
1780,outer1,xgboost,no_consequence,0.062104448676109314
1787,outer1,xgboost,no_consequence,0.3800852596759796
1795,outer1,xgboost,no_consequence,0.18575039505958557
1799,outer1,xgboost,no_consequence,0.054908305406570435
1800,outer1,xgboost,no_consequence,0.06595566868782043
1801,outer1,xgboost,no_consequence,0.07652533799409866
1810,outer1,xgboost,no_consequence,0.06279753148555756
1812,outer1,xgboost,no_consequence,0.02255801297724247
1833,outer1,xgboost,no_consequence,0.05677681416273117
1834,outer1,xgboost,no_consequence,0.1301025003194809
1836,outer1,xgboost,no_consequence,0.018835073336958885
1838,outer1,xgboost,no_consequence,0.021293437108397484
1844,outer1,xgboost,no_consequence,0.1542375385761261
1846,outer1,xgboost,no_consequence,0.024833407253026962
1850,outer1,xgboost,no_consequence,0.04798547923564911
1854,outer1,xgboost,no_consequence,0.09167028963565826
1855,outer1,xgboost,no_consequence,0.16600064933300018
1858,outer1,xgboost,no_consequence,0.04401423782110214
1873,outer1,xgboost,no_consequence,0.05976700410246849
1883,outer1,xgboost,no_consequence,0.13306018710136414
1884,outer1,xgboost,no_consequence,0.06894203275442123
1887,outer1,xgboost,no_consequence,0.02591703087091446
1907,outer1,xgboost,no_consequence,0.3831793963909149
1913,outer1,xgboost,no_consequence,0.061361830681562424
1920,outer1,xgboost,no_consequence,0.06487009674310684
1921,outer1,xgboost,no_consequence,0.1187669187784195
1929,outer1,xgboost,no_consequence,0.11213117092847824
1930,outer1,xgboost,no_consequence,0.04238800331950188
1931,outer1,xgboost,no_consequence,0.04858104884624481
1946,outer1,xgboost,no_consequence,0.11134512722492218
1949,outer1,xgboost,no_consequence,0.03144842013716698
1950,outer1,xgboost,no_consequence,0.08072025328874588
1955,outer1,xgboost,no_consequence,0.05662829801440239
1962,outer1,xgboost,no_consequence,0.047663364559412
1963,outer1,xgboost,no_consequence,0.0274300929158926
1966,outer1,xgboost,no_consequence,0.07105785608291626
1967,outer1,xgboost,no_consequence,0.05594520643353462
1973,outer1,xgboost,no_consequence,0.030159035697579384
1974,outer1,xgboost,no_consequence,0.09238842129707336
1994,outer1,xgboost,no_consequence,0.03585149347782135
2002,outer1,xgboost,no_consequence,0.032569848001003265
2003,outer1,xgboost,no_consequence,0.04448648914694786
2005,outer1,xgboost,no_consequence,0.09530805796384811
2008,outer1,xgboost,no_consequence,0.07011796534061432
2016,outer1,xgboost,no_consequence,0.06250852346420288
2018,outer1,xgboost,no_consequence,0.054969422519207
2019,outer1,xgboost,no_consequence,0.06364357471466064
2021,outer1,xgboost,no_consequence,0.045435830950737
2023,outer1,xgboost,no_consequence,0.06345424801111221
2025,outer1,xgboost,no_consequence,0.09377630800008774
2027,outer1,xgboost,no_consequence,0.047915972769260406
2031,outer1,xgboost,no_consequence,0.047852080315351486
2033,outer1,xgboost,no_consequence,0.02772885002195835
2036,outer1,xgboost,no_consequence,0.07116097211837769
2038,outer1,xgboost,no_consequence,0.14258785545825958
2046,outer1,xgboost,no_consequence,0.0987333133816719
2047,outer1,xgboost,no_consequence,0.039729855954647064
2052,outer1,xgboost,no_consequence,0.036532871425151825
2055,outer1,xgboost,no_consequence,0.22229591012001038
2058,outer1,xgboost,no_consequence,0.04096005856990814
2063,outer1,xgboost,no_consequence,0.22421932220458984
2070,outer1,xgboost,no_consequence,0.24614061415195465
2071,outer1,xgboost,no_consequence,0.051539383828639984
2081,outer1,xgboost,no_consequence,0.16694825887680054
2083,outer1,xgboost,no_consequence,0.0254453644156456
2085,outer1,xgboost,no_consequence,0.046821478754282
2088,outer1,xgboost,no_consequence,0.03489873930811882
2090,outer1,xgboost,no_consequence,0.03826005756855011
2112,outer1,xgboost,no_consequence,0.15806403756141663
2120,outer1,xgboost,no_consequence,0.07481427490711212
2123,outer1,xgboost,no_consequence,0.1841445416212082
2130,outer1,xgboost,no_consequence,0.13856284320354462
2135,outer1,xgboost,no_consequence,0.029099369421601295
2138,outer1,xgboost,no_consequence,0.02500300668179989
2141,outer1,xgboost,no_consequence,0.04091901704668999
2147,outer1,xgboost,no_consequence,0.23512543737888336
2148,outer1,xgboost,no_consequence,0.13182638585567474
2151,outer1,xgboost,no_consequence,0.06456343084573746
2155,outer1,xgboost,no_consequence,0.031469207257032394
2167,outer1,xgboost,no_consequence,0.17807339131832123
2170,outer1,xgboost,no_consequence,0.05849672853946686
2173,outer1,xgboost,no_consequence,0.12314731627702713
2180,outer1,xgboost,no_consequence,0.011945261619985104
2181,outer1,xgboost,no_consequence,0.08654579520225525
2187,outer1,xgboost,no_consequence,0.17585422098636627
2189,outer1,xgboost,no_consequence,0.32018086314201355
2190,outer1,xgboost,no_consequence,0.0806407630443573
2192,outer1,xgboost,no_consequence,0.06692665070295334
2197,outer1,xgboost,no_consequence,0.0791252925992012
2201,outer1,xgboost,no_consequence,0.04185989499092102
2209,outer1,xgboost,no_consequence,0.08391127735376358
2210,outer1,xgboost,no_consequence,0.08423679322004318
2215,outer1,xgboost,no_consequence,0.050928086042404175
2216,outer1,xgboost,no_consequence,0.05541415512561798
2218,outer1,xgboost,no_consequence,0.07874561101198196
2228,outer1,xgboost,no_consequence,0.06060366332530975
2239,outer1,xgboost,no_consequence,0.03995697200298309
2243,outer1,xgboost,no_consequence,0.05372673645615578
2245,outer1,xgboost,no_consequence,0.013425879180431366
2253,outer1,xgboost,no_consequence,0.04413320869207382
2258,outer1,xgboost,no_consequence,0.026360217481851578
2267,outer1,xgboost,no_consequence,0.24153588712215424
2274,outer1,xgboost,no_consequence,0.046826694160699844
2277,outer1,xgboost,no_consequence,0.07774149626493454
2279,outer1,xgboost,no_consequence,0.03898684307932854
2280,outer1,xgboost,no_consequence,0.07972061634063721
2288,outer1,xgboost,no_consequence,0.06932572275400162
2311,outer1,xgboost,no_consequence,0.15325643122196198
2330,outer1,xgboost,no_consequence,0.0931873694062233
2346,outer1,xgboost,no_consequence,0.515109658241272
2348,outer1,xgboost,no_consequence,0.05730632320046425
2354,outer1,xgboost,no_consequence,0.04927266016602516
2359,outer1,xgboost,no_consequence,0.016434596851468086
2370,outer1,xgboost,no_consequence,0.3676583766937256
2373,outer1,xgboost,no_consequence,0.1126488670706749
2381,outer1,xgboost,no_consequence,0.08249498158693314
2386,outer1,xgboost,no_consequence,0.07134471833705902
2387,outer1,xgboost,no_consequence,0.08857888728380203
2391,outer1,xgboost,no_consequence,0.36690273880958557
2393,outer1,xgboost,no_consequence,0.2377827912569046
2399,outer1,xgboost,no_consequence,0.2654770314693451
2400,outer1,xgboost,no_consequence,0.06171683967113495
2407,outer1,xgboost,no_consequence,0.03286644443869591
2409,outer1,xgboost,no_consequence,0.0917595624923706
2412,outer1,xgboost,no_consequence,0.08046546578407288
2413,outer1,xgboost,no_consequence,0.42892828583717346
2419,outer1,xgboost,no_consequence,0.027650976553559303
2420,outer1,xgboost,no_consequence,0.0442235954105854
2424,outer1,xgboost,no_consequence,0.04274565353989601
2427,outer1,xgboost,no_consequence,0.056525398045778275
2438,outer1,xgboost,no_consequence,0.04203956946730614
2439,outer1,xgboost,no_consequence,0.15439864993095398
2440,outer1,xgboost,no_consequence,0.035564396530389786
2443,outer1,xgboost,no_consequence,0.03855457529425621
2448,outer1,xgboost,no_consequence,0.17589764297008514
2450,outer1,xgboost,no_consequence,0.23535601794719696
2452,outer1,xgboost,no_consequence,0.11409641057252884
2454,outer1,xgboost,no_consequence,0.09753160178661346
2459,outer1,xgboost,no_consequence,0.06424915045499802
2460,outer1,xgboost,no_consequence,0.015100295655429363
2471,outer1,xgboost,no_consequence,0.03595377504825592
2474,outer1,xgboost,no_consequence,0.06480924785137177
2480,outer1,xgboost,no_consequence,0.07581645250320435
2483,outer1,xgboost,no_consequence,0.1149996742606163
2490,outer1,xgboost,no_consequence,0.08254323154687881
2496,outer1,xgboost,no_consequence,0.03657649829983711
2507,outer1,xgboost,no_consequence,0.028064532205462456
2514,outer1,xgboost,no_consequence,0.011348904110491276
2516,outer1,xgboost,no_consequence,0.08850042521953583
2517,outer1,xgboost,no_consequence,0.07874379307031631
2519,outer1,xgboost,no_consequence,0.07381585240364075
2520,outer1,xgboost,no_consequence,0.18030743300914764
2523,outer1,xgboost,no_consequence,0.061543483287096024
2524,outer1,xgboost,no_consequence,0.06955745071172714
2526,outer1,xgboost,no_consequence,0.023370113223791122
2528,outer1,xgboost,no_consequence,0.0347939096391201
2533,outer1,xgboost,no_consequence,0.07459907233715057
2539,outer1,xgboost,no_consequence,0.2677023410797119
2540,outer1,xgboost,no_consequence,0.1751057207584381
2544,outer1,xgboost,no_consequence,0.04331154003739357
2550,outer1,xgboost,no_consequence,0.048434969037771225
2555,outer1,xgboost,no_consequence,0.037705086171627045
2556,outer1,xgboost,no_consequence,0.05886754393577576
2557,outer1,xgboost,no_consequence,0.09992052614688873
2565,outer1,xgboost,no_consequence,0.1225975975394249
2567,outer1,xgboost,no_consequence,0.04871072992682457
2575,outer1,xgboost,no_consequence,0.016142161563038826
2577,outer1,xgboost,no_consequence,0.046089205890893936
2578,outer1,xgboost,no_consequence,0.032825782895088196
2579,outer1,xgboost,no_consequence,0.1390421986579895
2587,outer1,xgboost,no_consequence,0.049989551305770874
2598,outer1,xgboost,no_consequence,0.03857126459479332
2616,outer1,xgboost,no_consequence,0.04552589729428291
2627,outer1,xgboost,no_consequence,0.02776234596967697
2628,outer1,xgboost,no_consequence,0.04121724143624306
2636,outer1,xgboost,no_consequence,0.418552041053772
2638,outer1,xgboost,no_consequence,0.16299530863761902
2640,outer1,xgboost,no_consequence,0.14690540730953217
2644,outer1,xgboost,no_consequence,0.04596567526459694
2646,outer1,xgboost,no_consequence,0.22055141627788544
2650,outer1,xgboost,no_consequence,0.0987328290939331
2651,outer1,xgboost,no_consequence,0.03870825096964836
2652,outer1,xgboost,no_consequence,0.09308155626058578
2653,outer1,xgboost,no_consequence,0.11917536705732346
2662,outer1,xgboost,no_consequence,0.4823111295700073
2663,outer1,xgboost,no_consequence,0.08216731250286102
2666,outer1,xgboost,no_consequence,0.2651447057723999
2667,outer1,xgboost,no_consequence,0.027885310351848602
2670,outer1,xgboost,no_consequence,0.16550354659557343
2671,outer1,xgboost,no_consequence,0.06262999773025513
2672,outer1,xgboost,no_consequence,0.0727265477180481
2675,outer1,xgboost,no_consequence,0.05887119844555855
2680,outer1,xgboost,no_consequence,0.0666065365076065
2701,outer1,xgboost,no_consequence,0.042071178555488586
2704,outer1,xgboost,no_consequence,0.07415197789669037
2720,outer1,xgboost,no_consequence,0.05587049573659897
2731,outer1,xgboost,no_consequence,0.18441683053970337
2744,outer1,xgboost,no_consequence,0.10860814154148102
2750,outer1,xgboost,no_consequence,0.021392229944467545
2754,outer1,xgboost,no_consequence,0.01698789745569229
2762,outer1,xgboost,no_consequence,0.24245910346508026
2764,outer1,xgboost,no_consequence,0.05343450605869293
2766,outer1,xgboost,no_consequence,0.48653078079223633
2772,outer1,xgboost,no_consequence,0.04653315246105194
2773,outer1,xgboost,no_consequence,0.10398445278406143
2777,outer1,xgboost,no_consequence,0.13110129535198212
2779,outer1,xgboost,no_consequence,0.03579851612448692
2794,outer1,xgboost,no_consequence,0.026153335347771645
2796,outer1,xgboost,no_consequence,0.07250271737575531
2804,outer1,xgboost,no_consequence,0.023538917303085327
2806,outer1,xgboost,no_consequence,0.06493187695741653
2807,outer1,xgboost,no_consequence,0.05226531997323036
2811,outer1,xgboost,no_consequence,0.1447473019361496
2814,outer1,xgboost,no_consequence,0.0965990200638771
2815,outer1,xgboost,no_consequence,0.5876386165618896
2817,outer1,xgboost,no_consequence,0.045992981642484665
2825,outer1,xgboost,no_consequence,0.07942010462284088
2826,outer1,xgboost,no_consequence,0.5373345017433167
2833,outer1,xgboost,no_consequence,0.06401073187589645
2835,outer1,xgboost,no_consequence,0.0943412333726883
2844,outer1,xgboost,no_consequence,0.0769355371594429
2847,outer1,xgboost,no_consequence,0.04781726375222206
2857,outer1,xgboost,no_consequence,0.04340715333819389
2860,outer1,xgboost,no_consequence,0.022557932883501053
2864,outer1,xgboost,no_consequence,0.04603337123990059
2866,outer1,xgboost,no_consequence,0.04185253381729126
2871,outer1,xgboost,no_consequence,0.0675836130976677
2872,outer1,xgboost,no_consequence,0.05752343684434891
2873,outer1,xgboost,no_consequence,0.292841374874115
2877,outer1,xgboost,no_consequence,0.10123029351234436
2885,outer1,xgboost,no_consequence,0.07727718353271484
2893,outer1,xgboost,no_consequence,0.017103247344493866
2895,outer1,xgboost,no_consequence,0.26373016834259033
2906,outer1,xgboost,no_consequence,0.05344374477863312
2907,outer1,xgboost,no_consequence,0.05710749700665474
2911,outer1,xgboost,no_consequence,0.15686260163784027
2913,outer1,xgboost,no_consequence,0.16863951086997986
2922,outer1,xgboost,no_consequence,0.023615071550011635
2924,outer1,xgboost,no_consequence,0.059665605425834656
2929,outer1,xgboost,no_consequence,0.24744683504104614
2931,outer1,xgboost,no_consequence,0.26616814732551575
2933,outer1,xgboost,no_consequence,0.026227762922644615
2951,outer1,xgboost,no_consequence,0.0641031265258789
2972,outer1,xgboost,no_consequence,0.052366845309734344
2974,outer1,xgboost,no_consequence,0.02186877280473709
2975,outer1,xgboost,no_consequence,0.1101265400648117
2979,outer1,xgboost,no_consequence,0.24089136719703674
2988,outer1,xgboost,no_consequence,0.05108014494180679
2990,outer1,xgboost,no_consequence,0.05937093123793602
2997,outer1,xgboost,no_consequence,0.06549995392560959
3000,outer1,xgboost,no_consequence,0.10275974869728088
3008,outer1,xgboost,no_consequence,0.03369908779859543
3013,outer1,xgboost,no_consequence,0.0542834997177124
3026,outer1,xgboost,no_consequence,0.05136413872241974
3031,outer1,xgboost,no_consequence,0.04950598254799843
3033,outer1,xgboost,no_consequence,0.28860753774642944
3046,outer1,xgboost,no_consequence,0.35343247652053833
3047,outer1,xgboost,no_consequence,0.057962387800216675
3054,outer1,xgboost,no_consequence,0.0501311719417572
3068,outer1,xgboost,no_consequence,0.1577550768852234
3072,outer1,xgboost,no_consequence,0.27731984853744507
3090,outer1,xgboost,no_consequence,0.34144505858421326
3094,outer1,xgboost,no_consequence,0.014245388098061085
3097,outer1,xgboost,no_consequence,0.053080249577760696
3099,outer1,xgboost,no_consequence,0.07317586243152618
3101,outer1,xgboost,no_consequence,0.06404876708984375
3114,outer1,xgboost,no_consequence,0.2896943986415863
3115,outer1,xgboost,no_consequence,0.09054402261972427
3118,outer1,xgboost,no_consequence,0.14286628365516663
3120,outer1,xgboost,no_consequence,0.2315276563167572
3124,outer1,xgboost,no_consequence,0.2614228427410126
3130,outer1,xgboost,no_consequence,0.2155788093805313
3144,outer1,xgboost,no_consequence,0.11921999603509903
3146,outer1,xgboost,no_consequence,0.05680982768535614
3153,outer1,xgboost,no_consequence,0.29759806394577026
3158,outer1,xgboost,no_consequence,0.03891174495220184
3159,outer1,xgboost,no_consequence,0.09738275408744812
3174,outer1,xgboost,no_consequence,0.05973203107714653
3193,outer1,xgboost,no_consequence,0.15600407123565674
3195,outer1,xgboost,no_consequence,0.2818361222743988
3196,outer1,xgboost,no_consequence,0.03126430884003639
3197,outer1,xgboost,no_consequence,0.13548006117343903
3198,outer1,xgboost,no_consequence,0.15166491270065308
3213,outer1,xgboost,no_consequence,0.05633297190070152
3217,outer1,xgboost,no_consequence,0.19904135167598724
3219,outer1,xgboost,no_consequence,0.018080104142427444
3225,outer1,xgboost,no_consequence,0.1916143000125885
3228,outer1,xgboost,no_consequence,0.10470236837863922
3229,outer1,xgboost,no_consequence,0.030834445729851723
3234,outer1,xgboost,no_consequence,0.4022839069366455
3237,outer1,xgboost,no_consequence,0.10561198741197586
3246,outer1,xgboost,no_consequence,0.3688186705112457
3250,outer1,xgboost,no_consequence,0.25907015800476074
3259,outer1,xgboost,no_consequence,0.0751584842801094
3263,outer1,xgboost,no_consequence,0.05569057539105415
3275,outer1,xgboost,no_consequence,0.0992199182510376
3285,outer1,xgboost,no_consequence,0.02595500648021698
3290,outer1,xgboost,no_consequence,0.060923583805561066
3294,outer1,xgboost,no_consequence,0.034693196415901184
3299,outer1,xgboost,no_consequence,0.07014554738998413
3302,outer1,xgboost,no_consequence,0.02753392793238163
3326,outer1,xgboost,no_consequence,0.44654035568237305
3333,outer1,xgboost,no_consequence,0.17255032062530518
3343,outer1,xgboost,no_consequence,0.02307918667793274
3351,outer1,xgboost,no_consequence,0.13431693613529205
3355,outer1,xgboost,no_consequence,0.1506730318069458
3361,outer1,xgboost,no_consequence,0.39789435267448425
3363,outer1,xgboost,no_consequence,0.04685218632221222
3375,outer1,xgboost,no_consequence,0.06269168853759766
3377,outer1,xgboost,no_consequence,0.09221625328063965
3380,outer1,xgboost,no_consequence,0.1399865746498108
3402,outer1,xgboost,no_consequence,0.09567518532276154
3406,outer1,xgboost,no_consequence,0.03874281048774719
3409,outer1,xgboost,no_consequence,0.07623058557510376
3415,outer1,xgboost,no_consequence,0.07843410968780518
3422,outer1,xgboost,no_consequence,0.06207633763551712
3423,outer1,xgboost,no_consequence,0.11243297159671783
3424,outer1,xgboost,no_consequence,0.07705039530992508
3429,outer1,xgboost,no_consequence,0.039165668189525604
3432,outer1,xgboost,no_consequence,0.07212915271520615
3433,outer1,xgboost,no_consequence,0.036388520151376724
3437,outer1,xgboost,no_consequence,0.024373825639486313
3440,outer1,xgboost,no_consequence,0.07343672215938568
3441,outer1,xgboost,no_consequence,0.19213543832302094
3443,outer1,xgboost,no_consequence,0.037982020527124405
3446,outer1,xgboost,no_consequence,0.05697060003876686
3448,outer1,xgboost,no_consequence,0.3612997233867645
3449,outer1,xgboost,no_consequence,0.08807568997144699
3450,outer1,xgboost,no_consequence,0.032691773027181625
3456,outer1,xgboost,no_consequence,0.02075664885342121
3457,outer1,xgboost,no_consequence,0.04137066379189491
3465,outer1,xgboost,no_consequence,0.08977938443422318
3466,outer1,xgboost,no_consequence,0.12137763202190399
3467,outer1,xgboost,no_consequence,0.10244163870811462
3468,outer1,xgboost,no_consequence,0.2861770689487457
3469,outer1,xgboost,no_consequence,0.18477368354797363
3470,outer1,xgboost,no_consequence,0.020432451739907265
3471,outer1,xgboost,no_consequence,0.11661847680807114
3481,outer1,xgboost,no_consequence,0.0845167487859726
3482,outer1,xgboost,no_consequence,0.04378636181354523
3483,outer1,xgboost,no_consequence,0.04552904888987541
3498,outer1,xgboost,no_consequence,0.21872475743293762
3504,outer1,xgboost,no_consequence,0.06886515766382217
3505,outer1,xgboost,no_consequence,0.05537514388561249
3512,outer1,xgboost,no_consequence,0.22867558896541595
3513,outer1,xgboost,no_consequence,0.07820053398609161
3517,outer1,xgboost,no_consequence,0.04557925462722778
3518,outer1,xgboost,no_consequence,0.021003056317567825
3522,outer1,xgboost,no_consequence,0.1462576538324356
3527,outer1,xgboost,no_consequence,0.01960591785609722
3528,outer1,xgboost,no_consequence,0.0476280115544796
3531,outer1,xgboost,no_consequence,0.043355412781238556
3543,outer1,xgboost,no_consequence,0.11593381315469742
3547,outer1,xgboost,no_consequence,0.03549721837043762
3548,outer1,xgboost,no_consequence,0.031499721109867096
3550,outer1,xgboost,no_consequence,0.03494303673505783
3552,outer1,xgboost,no_consequence,0.030202748253941536
3553,outer1,xgboost,no_consequence,0.06447788327932358
3561,outer1,xgboost,no_consequence,0.02735878713428974
3564,outer1,xgboost,no_consequence,0.07045189291238785
3565,outer1,xgboost,no_consequence,0.1451043337583542
3573,outer1,xgboost,no_consequence,0.02396365813910961
3580,outer1,xgboost,no_consequence,0.012049226090312004
3585,outer1,xgboost,no_consequence,0.11627034842967987
3587,outer1,xgboost,no_consequence,0.04704265668988228
3588,outer1,xgboost,no_consequence,0.16478896141052246
3593,outer1,xgboost,no_consequence,0.037750836461782455
3601,outer1,xgboost,no_consequence,0.09131501615047455
3603,outer1,xgboost,no_consequence,0.05249989405274391
3616,outer1,xgboost,no_consequence,0.06690260022878647
3618,outer1,xgboost,no_consequence,0.08887765556573868
3639,outer1,xgboost,no_consequence,0.079514279961586
3640,outer1,xgboost,no_consequence,0.06479588150978088
3641,outer1,xgboost,no_consequence,0.07656538486480713
3646,outer1,xgboost,no_consequence,0.04933278262615204
3651,outer1,xgboost,no_consequence,0.10048499703407288
3653,outer1,xgboost,no_consequence,0.03014640137553215
3663,outer1,xgboost,no_consequence,0.08097357302904129
3664,outer1,xgboost,no_consequence,0.17509756982326508
3682,outer1,xgboost,no_consequence,0.05371597409248352
3690,outer1,xgboost,no_consequence,0.035454243421554565
3695,outer1,xgboost,no_consequence,0.017388751730322838
3699,outer1,xgboost,no_consequence,0.07831637561321259
3701,outer1,xgboost,no_consequence,0.0406714491546154
3705,outer1,xgboost,no_consequence,0.024537881836295128
3713,outer1,xgboost,no_consequence,0.05872848629951477
3715,outer1,xgboost,no_consequence,0.13675491511821747
3717,outer1,xgboost,no_consequence,0.02351783961057663
3721,outer1,xgboost,no_consequence,0.024726122617721558
3723,outer1,xgboost,no_consequence,0.24332065880298615
3729,outer1,xgboost,no_consequence,0.027876870706677437
3731,outer1,xgboost,no_consequence,0.08978861570358276
3736,outer1,xgboost,no_consequence,0.034714631736278534
3739,outer1,xgboost,no_consequence,0.026233086362481117
3741,outer1,xgboost,no_consequence,0.3686048686504364
3758,outer1,xgboost,no_consequence,0.0976889580488205
3759,outer1,xgboost,no_consequence,0.08243945986032486
3761,outer1,xgboost,no_consequence,0.039100322872400284
3762,outer1,xgboost,no_consequence,0.11236678063869476
3770,outer1,xgboost,no_consequence,0.0341918021440506
3773,outer1,xgboost,no_consequence,0.09894086420536041
3774,outer1,xgboost,no_consequence,0.03650986775755882
3781,outer1,xgboost,no_consequence,0.07725279033184052
3784,outer1,xgboost,no_consequence,0.15478385984897614
3787,outer1,xgboost,no_consequence,0.05559483543038368
3792,outer1,xgboost,no_consequence,0.03472014516592026
3793,outer1,xgboost,no_consequence,0.062153786420822144
3794,outer1,xgboost,no_consequence,0.020361147820949554
3797,outer1,xgboost,no_consequence,0.0945238322019577
3812,outer1,xgboost,no_consequence,0.14671653509140015
3826,outer1,xgboost,no_consequence,0.05889337137341499
3828,outer1,xgboost,no_consequence,0.04104841127991676
3839,outer1,xgboost,no_consequence,0.0875014141201973
3840,outer1,xgboost,no_consequence,0.06272708624601364
3853,outer1,xgboost,no_consequence,0.2779473066329956
3856,outer1,xgboost,no_consequence,0.02969449758529663
3857,outer1,xgboost,no_consequence,0.01537841185927391
3868,outer1,xgboost,no_consequence,0.037212420254945755
3874,outer1,xgboost,no_consequence,0.06555139273405075
3878,outer1,xgboost,no_consequence,0.0471925288438797
3888,outer1,xgboost,no_consequence,0.06731510162353516
3889,outer1,xgboost,no_consequence,0.12487994879484177
3892,outer1,xgboost,no_consequence,0.07629857957363129
3905,outer1,xgboost,no_consequence,0.07211437821388245
3909,outer1,xgboost,no_consequence,0.06436868757009506
3915,outer1,xgboost,no_consequence,0.11370312422513962
3916,outer1,xgboost,no_consequence,0.23418495059013367
3917,outer1,xgboost,no_consequence,0.07467939704656601
3919,outer1,xgboost,no_consequence,0.06418643891811371
3921,outer1,xgboost,no_consequence,0.03693634644150734
3927,outer1,xgboost,no_consequence,0.04980115965008736
3931,outer1,xgboost,no_consequence,0.05362875014543533
3943,outer1,xgboost,no_consequence,0.030166441574692726
3944,outer1,xgboost,no_consequence,0.08887966722249985
3953,outer1,xgboost,no_consequence,0.046887144446372986
3957,outer1,xgboost,no_consequence,0.34666356444358826
3967,outer1,xgboost,no_consequence,0.03477020934224129
3970,outer1,xgboost,no_consequence,0.1584450602531433
3979,outer1,xgboost,no_consequence,0.0358567014336586
4000,outer1,xgboost,no_consequence,0.0225704163312912
4002,outer1,xgboost,no_consequence,0.06198560446500778
4014,outer1,xgboost,no_consequence,0.04648982360959053
4015,outer1,xgboost,no_consequence,0.6737221479415894
4037,outer1,xgboost,no_consequence,0.11550328135490417
4039,outer1,xgboost,no_consequence,0.19196736812591553
4041,outer1,xgboost,no_consequence,0.1960231214761734
4050,outer1,xgboost,no_consequence,0.24269132316112518
4056,outer1,xgboost,no_consequence,0.04703361541032791
4073,outer1,xgboost,no_consequence,0.04388699680566788
4077,outer1,xgboost,no_consequence,0.08415891975164413
4079,outer1,xgboost,no_consequence,0.05147634819149971
4088,outer1,xgboost,no_consequence,0.09412544220685959
4092,outer1,xgboost,no_consequence,0.6827710866928101
4093,outer1,xgboost,no_consequence,0.40420085191726685
4096,outer1,xgboost,no_consequence,0.024020228534936905
4098,outer1,xgboost,no_consequence,0.2541458010673523
4101,outer1,xgboost,no_consequence,0.025195596739649773
4102,outer1,xgboost,no_consequence,0.24854761362075806
4103,outer1,xgboost,no_consequence,0.02151959016919136
4107,outer1,xgboost,no_consequence,0.07412027567625046
4110,outer1,xgboost,no_consequence,0.051500800997018814
4112,outer1,xgboost,no_consequence,0.151039719581604
4117,outer1,xgboost,no_consequence,0.08605252951383591
4118,outer1,xgboost,no_consequence,0.049076374620199203
4131,outer1,xgboost,no_consequence,0.07359524816274643
4133,outer1,xgboost,no_consequence,0.044205617159605026
4144,outer1,xgboost,no_consequence,0.10826221853494644
4147,outer1,xgboost,no_consequence,0.045077212154865265
4150,outer1,xgboost,no_consequence,0.038086045533418655
4152,outer1,xgboost,no_consequence,0.04330054670572281
4156,outer1,xgboost,no_consequence,0.05993560329079628
4161,outer1,xgboost,no_consequence,0.1134709045290947
4166,outer1,xgboost,no_consequence,0.1409691870212555
4168,outer1,xgboost,no_consequence,0.05027833953499794
4171,outer1,xgboost,no_consequence,0.1462792456150055
4177,outer1,xgboost,no_consequence,0.10692375153303146
4204,outer1,xgboost,no_consequence,0.03581320121884346
4205,outer1,xgboost,no_consequence,0.13175243139266968
4207,outer1,xgboost,no_consequence,0.3098450005054474
4210,outer1,xgboost,no_consequence,0.0686953142285347
4211,outer1,xgboost,no_consequence,0.27960461378097534
4215,outer1,xgboost,no_consequence,0.03805891424417496
4223,outer1,xgboost,no_consequence,0.05074527859687805
4224,outer1,xgboost,no_consequence,0.06146170198917389
4225,outer1,xgboost,no_consequence,0.11091673374176025
4233,outer1,xgboost,no_consequence,0.04194751754403114
4234,outer1,xgboost,no_consequence,0.30908724665641785
4239,outer1,xgboost,no_consequence,0.03257216140627861
4241,outer1,xgboost,no_consequence,0.054152004420757294
4249,outer1,xgboost,no_consequence,0.1041029542684555
4252,outer1,xgboost,no_consequence,0.06356033682823181
4255,outer1,xgboost,no_consequence,0.09800968319177628
4266,outer1,xgboost,no_consequence,0.046068329364061356
4268,outer1,xgboost,no_consequence,0.08220735937356949
4270,outer1,xgboost,no_consequence,0.1546088606119156
4281,outer1,xgboost,no_consequence,0.01725294627249241
4289,outer1,xgboost,no_consequence,0.07499872148036957
4292,outer1,xgboost,no_consequence,0.06356178969144821
4301,outer1,xgboost,no_consequence,0.3400888442993164
4308,outer1,xgboost,no_consequence,0.016251826658844948
4318,outer1,xgboost,no_consequence,0.3084489107131958
4320,outer1,xgboost,no_consequence,0.0929066389799118
4321,outer1,xgboost,no_consequence,0.1325383335351944
4325,outer1,xgboost,no_consequence,0.05589728802442551
4336,outer1,xgboost,no_consequence,0.03334156423807144
4338,outer1,xgboost,no_consequence,0.2591625452041626
4344,outer1,xgboost,no_consequence,0.48505741357803345
4345,outer1,xgboost,no_consequence,0.21702009439468384
4346,outer1,xgboost,no_consequence,0.210984468460083
4347,outer1,xgboost,no_consequence,0.09883124381303787
4,outer2,xgboost,no_consequence,0.0918845385313034
11,outer2,xgboost,no_consequence,0.06090480461716652
12,outer2,xgboost,no_consequence,0.13521607220172882
14,outer2,xgboost,no_consequence,0.08210249245166779
16,outer2,xgboost,no_consequence,0.09400635957717896
21,outer2,xgboost,no_consequence,0.02704637311398983
22,outer2,xgboost,no_consequence,0.4276656210422516
23,outer2,xgboost,no_consequence,0.12514354288578033
37,outer2,xgboost,no_consequence,0.11048907041549683
38,outer2,xgboost,no_consequence,0.042529813945293427
39,outer2,xgboost,no_consequence,0.15195633471012115
43,outer2,xgboost,no_consequence,0.11571650952100754
46,outer2,xgboost,no_consequence,0.21661029756069183
48,outer2,xgboost,no_consequence,0.08348768204450607
50,outer2,xgboost,no_consequence,0.04733716696500778
67,outer2,xgboost,no_consequence,0.032772861421108246
69,outer2,xgboost,no_consequence,0.04567710682749748
71,outer2,xgboost,no_consequence,0.1214931309223175
75,outer2,xgboost,no_consequence,0.06592793017625809
77,outer2,xgboost,no_consequence,0.05037998780608177
78,outer2,xgboost,no_consequence,0.042835019528865814
82,outer2,xgboost,no_consequence,0.10154708474874496
90,outer2,xgboost,no_consequence,0.038305412977933884
93,outer2,xgboost,no_consequence,0.12975962460041046
94,outer2,xgboost,no_consequence,0.08429838716983795
98,outer2,xgboost,no_consequence,0.05983287841081619
102,outer2,xgboost,no_consequence,0.10701729357242584
103,outer2,xgboost,no_consequence,0.07549786567687988
104,outer2,xgboost,no_consequence,0.1729341298341751
105,outer2,xgboost,no_consequence,0.23939071595668793
106,outer2,xgboost,no_consequence,0.05422570928931236
109,outer2,xgboost,no_consequence,0.06972859799861908
110,outer2,xgboost,no_consequence,0.3517070710659027
120,outer2,xgboost,no_consequence,0.03129523992538452
121,outer2,xgboost,no_consequence,0.0678064152598381
125,outer2,xgboost,no_consequence,0.08180062472820282
136,outer2,xgboost,no_consequence,0.15382784605026245
137,outer2,xgboost,no_consequence,0.04951416328549385
146,outer2,xgboost,no_consequence,0.06794431805610657
147,outer2,xgboost,no_consequence,0.11341496556997299
148,outer2,xgboost,no_consequence,0.040967363864183426
171,outer2,xgboost,no_consequence,0.17943690717220306
174,outer2,xgboost,no_consequence,0.05841200053691864
188,outer2,xgboost,no_consequence,0.05585016310214996
192,outer2,xgboost,no_consequence,0.11900760233402252
194,outer2,xgboost,no_consequence,0.04880668595433235
197,outer2,xgboost,no_consequence,0.04133988171815872
201,outer2,xgboost,no_consequence,0.055975399911403656
209,outer2,xgboost,no_consequence,0.11258283257484436
212,outer2,xgboost,no_consequence,0.35618752241134644
219,outer2,xgboost,no_consequence,0.040464263409376144
225,outer2,xgboost,no_consequence,0.08744875341653824
227,outer2,xgboost,no_consequence,0.058345213532447815
228,outer2,xgboost,no_consequence,0.0454077273607254
235,outer2,xgboost,no_consequence,0.052993044257164
238,outer2,xgboost,no_consequence,0.045515768229961395
243,outer2,xgboost,no_consequence,0.05326274409890175
252,outer2,xgboost,no_consequence,0.05124109238386154
254,outer2,xgboost,no_consequence,0.05915709584951401
256,outer2,xgboost,no_consequence,0.04099271818995476
261,outer2,xgboost,no_consequence,0.09729564934968948
271,outer2,xgboost,no_consequence,0.13877393305301666
276,outer2,xgboost,no_consequence,0.039572373032569885
294,outer2,xgboost,no_consequence,0.049071054905653
295,outer2,xgboost,no_consequence,0.08317038416862488
296,outer2,xgboost,no_consequence,0.07845459878444672
299,outer2,xgboost,no_consequence,0.17877358198165894
300,outer2,xgboost,no_consequence,0.07343780994415283
301,outer2,xgboost,no_consequence,0.09656155854463577
305,outer2,xgboost,no_consequence,0.06892341375350952
311,outer2,xgboost,no_consequence,0.04496606066823006
314,outer2,xgboost,no_consequence,0.03625011444091797
318,outer2,xgboost,no_consequence,0.045376256108284
319,outer2,xgboost,no_consequence,0.06307279318571091
336,outer2,xgboost,no_consequence,0.07927797734737396
349,outer2,xgboost,no_consequence,0.04520101100206375
350,outer2,xgboost,no_consequence,0.0930515006184578
354,outer2,xgboost,no_consequence,0.030957425013184547
358,outer2,xgboost,no_consequence,0.05801251530647278
360,outer2,xgboost,no_consequence,0.1032436341047287
361,outer2,xgboost,no_consequence,0.11363699287176132
364,outer2,xgboost,no_consequence,0.12052816897630692
365,outer2,xgboost,no_consequence,0.05262079834938049
366,outer2,xgboost,no_consequence,0.029950425028800964
377,outer2,xgboost,no_consequence,0.08837809413671494
379,outer2,xgboost,no_consequence,0.03779565542936325
380,outer2,xgboost,no_consequence,0.04078042134642601
382,outer2,xgboost,no_consequence,0.09670014679431915
387,outer2,xgboost,no_consequence,0.03972471505403519
398,outer2,xgboost,no_consequence,0.29113513231277466
403,outer2,xgboost,no_consequence,0.05668205767869949
405,outer2,xgboost,no_consequence,0.08394617587327957
411,outer2,xgboost,no_consequence,0.1582828015089035
436,outer2,xgboost,no_consequence,0.19579806923866272
437,outer2,xgboost,no_consequence,0.22089369595050812
449,outer2,xgboost,no_consequence,0.07563916593790054
450,outer2,xgboost,no_consequence,0.08439283072948456
453,outer2,xgboost,no_consequence,0.04325459524989128
463,outer2,xgboost,no_consequence,0.030565952882170677
476,outer2,xgboost,no_consequence,0.07201109826564789
501,outer2,xgboost,no_consequence,0.40454789996147156
506,outer2,xgboost,no_consequence,0.06054767221212387
515,outer2,xgboost,no_consequence,0.06189723312854767
520,outer2,xgboost,no_consequence,0.04319731518626213
523,outer2,xgboost,no_consequence,0.04183773696422577
529,outer2,xgboost,no_consequence,0.18094725906848907
532,outer2,xgboost,no_consequence,0.052540138363838196
548,outer2,xgboost,no_consequence,0.04764276370406151
560,outer2,xgboost,no_consequence,0.056268610060214996
565,outer2,xgboost,no_consequence,0.09152217954397202
567,outer2,xgboost,no_consequence,0.04814285784959793
571,outer2,xgboost,no_consequence,0.031332649290561676
576,outer2,xgboost,no_consequence,0.07285354286432266
592,outer2,xgboost,no_consequence,0.21812382340431213
611,outer2,xgboost,no_consequence,0.08885908126831055
613,outer2,xgboost,no_consequence,0.049708638340234756
617,outer2,xgboost,no_consequence,0.048865169286727905
618,outer2,xgboost,no_consequence,0.057532899081707
636,outer2,xgboost,no_consequence,0.3822556436061859
637,outer2,xgboost,no_consequence,0.055364057421684265
638,outer2,xgboost,no_consequence,0.08970864117145538
642,outer2,xgboost,no_consequence,0.24158975481987
644,outer2,xgboost,no_consequence,0.11021064221858978
648,outer2,xgboost,no_consequence,0.11639478802680969
651,outer2,xgboost,no_consequence,0.0322260819375515
668,outer2,xgboost,no_consequence,0.05458192527294159
673,outer2,xgboost,no_consequence,0.09391084313392639
674,outer2,xgboost,no_consequence,0.1272810995578766
677,outer2,xgboost,no_consequence,0.0357709564268589
683,outer2,xgboost,no_consequence,0.0884140357375145
690,outer2,xgboost,no_consequence,0.16786164045333862
692,outer2,xgboost,no_consequence,0.06211324781179428
695,outer2,xgboost,no_consequence,0.057328443974256516
700,outer2,xgboost,no_consequence,0.02779240906238556
706,outer2,xgboost,no_consequence,0.0635295957326889
707,outer2,xgboost,no_consequence,0.04507938772439957
708,outer2,xgboost,no_consequence,0.0428546667098999
717,outer2,xgboost,no_consequence,0.042689938098192215
733,outer2,xgboost,no_consequence,0.04318995401263237
738,outer2,xgboost,no_consequence,0.25316429138183594
744,outer2,xgboost,no_consequence,0.29468169808387756
746,outer2,xgboost,no_consequence,0.12201327830553055
748,outer2,xgboost,no_consequence,0.03768651559948921
764,outer2,xgboost,no_consequence,0.09235864132642746
771,outer2,xgboost,no_consequence,0.07386938482522964
776,outer2,xgboost,no_consequence,0.06590670347213745
777,outer2,xgboost,no_consequence,0.06471509486436844
778,outer2,xgboost,no_consequence,0.09835443645715714
801,outer2,xgboost,no_consequence,0.03558589890599251
802,outer2,xgboost,no_consequence,0.04224527254700661
805,outer2,xgboost,no_consequence,0.05706410109996796
810,outer2,xgboost,no_consequence,0.030365683138370514
814,outer2,xgboost,no_consequence,0.06081344187259674
825,outer2,xgboost,no_consequence,0.06786604225635529
834,outer2,xgboost,no_consequence,0.11132916063070297
847,outer2,xgboost,no_consequence,0.08198501169681549
856,outer2,xgboost,no_consequence,0.03639041632413864
864,outer2,xgboost,no_consequence,0.04041186347603798
871,outer2,xgboost,no_consequence,0.05465561896562576
872,outer2,xgboost,no_consequence,0.05850627273321152
880,outer2,xgboost,no_consequence,0.06979915499687195
882,outer2,xgboost,no_consequence,0.032258518040180206
895,outer2,xgboost,no_consequence,0.082569420337677
898,outer2,xgboost,no_consequence,0.05020197108387947
905,outer2,xgboost,no_consequence,0.34114909172058105
914,outer2,xgboost,no_consequence,0.21988782286643982
919,outer2,xgboost,no_consequence,0.11275621503591537
925,outer2,xgboost,no_consequence,0.04848375916481018
933,outer2,xgboost,no_consequence,0.26545628905296326
941,outer2,xgboost,no_consequence,0.04669259861111641
949,outer2,xgboost,no_consequence,0.10953808575868607
956,outer2,xgboost,no_consequence,0.03888954967260361
968,outer2,xgboost,no_consequence,0.22647438943386078
978,outer2,xgboost,no_consequence,0.040050942450761795
982,outer2,xgboost,no_consequence,0.0695464238524437
984,outer2,xgboost,no_consequence,0.0983874648809433
986,outer2,xgboost,no_consequence,0.06441089510917664
987,outer2,xgboost,no_consequence,0.06386804580688477
990,outer2,xgboost,no_consequence,0.02194167673587799
994,outer2,xgboost,no_consequence,0.20294252038002014
995,outer2,xgboost,no_consequence,0.023180373013019562
1005,outer2,xgboost,no_consequence,0.1385454386472702
1008,outer2,xgboost,no_consequence,0.11110538989305496
1014,outer2,xgboost,no_consequence,0.1461108922958374
1017,outer2,xgboost,no_consequence,0.03779258951544762
1019,outer2,xgboost,no_consequence,0.06885559111833572
1026,outer2,xgboost,no_consequence,0.12445710599422455
1028,outer2,xgboost,no_consequence,0.11135926842689514
1029,outer2,xgboost,no_consequence,0.07153262197971344
1030,outer2,xgboost,no_consequence,0.19242370128631592
1033,outer2,xgboost,no_consequence,0.052127670496702194
1034,outer2,xgboost,no_consequence,0.035200681537389755
1046,outer2,xgboost,no_consequence,0.04495741426944733
1054,outer2,xgboost,no_consequence,0.07299383729696274
1057,outer2,xgboost,no_consequence,0.32678869366645813
1066,outer2,xgboost,no_consequence,0.1313738375902176
1067,outer2,xgboost,no_consequence,0.04212170094251633
1071,outer2,xgboost,no_consequence,0.04738042876124382
1077,outer2,xgboost,no_consequence,0.05867481604218483
1085,outer2,xgboost,no_consequence,0.07880879938602448
1093,outer2,xgboost,no_consequence,0.03566145896911621
1097,outer2,xgboost,no_consequence,0.064229816198349
1098,outer2,xgboost,no_consequence,0.03986029326915741
1100,outer2,xgboost,no_consequence,0.22181165218353271
1108,outer2,xgboost,no_consequence,0.02620985545217991
1113,outer2,xgboost,no_consequence,0.04414951428771019
1115,outer2,xgboost,no_consequence,0.08591610938310623
1117,outer2,xgboost,no_consequence,0.05435778200626373
1120,outer2,xgboost,no_consequence,0.15263012051582336
1131,outer2,xgboost,no_consequence,0.049051664769649506
1137,outer2,xgboost,no_consequence,0.04728073999285698
1140,outer2,xgboost,no_consequence,0.24399356544017792
1147,outer2,xgboost,no_consequence,0.05078507959842682
1148,outer2,xgboost,no_consequence,0.1833837628364563
1149,outer2,xgboost,no_consequence,0.236891970038414
1153,outer2,xgboost,no_consequence,0.08454261720180511
1154,outer2,xgboost,no_consequence,0.0361977145075798
1156,outer2,xgboost,no_consequence,0.043892279267311096
1161,outer2,xgboost,no_consequence,0.053380951285362244
1164,outer2,xgboost,no_consequence,0.10560932755470276
1175,outer2,xgboost,no_consequence,0.1355212777853012
1177,outer2,xgboost,no_consequence,0.0570366345345974
1183,outer2,xgboost,no_consequence,0.18826811015605927
1191,outer2,xgboost,no_consequence,0.07177723944187164
1192,outer2,xgboost,no_consequence,0.04006548970937729
1194,outer2,xgboost,no_consequence,0.031056661158800125
1198,outer2,xgboost,no_consequence,0.06732066720724106
1202,outer2,xgboost,no_consequence,0.04654828831553459
1203,outer2,xgboost,no_consequence,0.05066338926553726
1212,outer2,xgboost,no_consequence,0.04497581347823143
1214,outer2,xgboost,no_consequence,0.03179251775145531
1215,outer2,xgboost,no_consequence,0.14603590965270996
1218,outer2,xgboost,no_consequence,0.03350789472460747
1236,outer2,xgboost,no_consequence,0.111641064286232
1243,outer2,xgboost,no_consequence,0.17894339561462402
1245,outer2,xgboost,no_consequence,0.054272618144750595
1257,outer2,xgboost,no_consequence,0.05068284273147583
1262,outer2,xgboost,no_consequence,0.02914496697485447
1268,outer2,xgboost,no_consequence,0.10578268021345139
1269,outer2,xgboost,no_consequence,0.0810132548213005
1277,outer2,xgboost,no_consequence,0.13226096332073212
1278,outer2,xgboost,no_consequence,0.05355128273367882
1292,outer2,xgboost,no_consequence,0.07850335538387299
1293,outer2,xgboost,no_consequence,0.06340128928422928
1297,outer2,xgboost,no_consequence,0.11493685096502304
1307,outer2,xgboost,no_consequence,0.15515658259391785
1315,outer2,xgboost,no_consequence,0.09157032519578934
1319,outer2,xgboost,no_consequence,0.04182594269514084
1321,outer2,xgboost,no_consequence,0.08037009090185165
1323,outer2,xgboost,no_consequence,0.06259536743164062
1333,outer2,xgboost,no_consequence,0.1108950823545456
1338,outer2,xgboost,no_consequence,0.0854102075099945
1343,outer2,xgboost,no_consequence,0.056801509112119675
1359,outer2,xgboost,no_consequence,0.03408728167414665
1360,outer2,xgboost,no_consequence,0.04873215779662132
1366,outer2,xgboost,no_consequence,0.09309395402669907
1367,outer2,xgboost,no_consequence,0.09672291576862335
1373,outer2,xgboost,no_consequence,0.07909273356199265
1376,outer2,xgboost,no_consequence,0.04385979473590851
1377,outer2,xgboost,no_consequence,0.042828332632780075
1381,outer2,xgboost,no_consequence,0.04153980314731598
1389,outer2,xgboost,no_consequence,0.046599820256233215
1399,outer2,xgboost,no_consequence,0.03317674249410629
1406,outer2,xgboost,no_consequence,0.09183759987354279
1409,outer2,xgboost,no_consequence,0.1813463568687439
1412,outer2,xgboost,no_consequence,0.035139050334692
1416,outer2,xgboost,no_consequence,0.03983152657747269
1417,outer2,xgboost,no_consequence,0.04773230850696564
1429,outer2,xgboost,no_consequence,0.08898530900478363
1432,outer2,xgboost,no_consequence,0.058870404958724976
1439,outer2,xgboost,no_consequence,0.058312516659498215
1443,outer2,xgboost,no_consequence,0.11259972304105759
1444,outer2,xgboost,no_consequence,0.3685287535190582
1448,outer2,xgboost,no_consequence,0.05189264938235283
1452,outer2,xgboost,no_consequence,0.04879412055015564
1454,outer2,xgboost,no_consequence,0.08910076320171356
1457,outer2,xgboost,no_consequence,0.038004711270332336
1458,outer2,xgboost,no_consequence,0.08320107311010361
1464,outer2,xgboost,no_consequence,0.08753782510757446
1465,outer2,xgboost,no_consequence,0.171968474984169
1468,outer2,xgboost,no_consequence,0.07741960138082504
1478,outer2,xgboost,no_consequence,0.34909728169441223
1479,outer2,xgboost,no_consequence,0.0664539486169815
1480,outer2,xgboost,no_consequence,0.14362166821956635
1481,outer2,xgboost,no_consequence,0.05494718253612518
1483,outer2,xgboost,no_consequence,0.050648391246795654
1487,outer2,xgboost,no_consequence,0.08181490004062653
1489,outer2,xgboost,no_consequence,0.03949759528040886
1492,outer2,xgboost,no_consequence,0.13052481412887573
1500,outer2,xgboost,no_consequence,0.1041569858789444
1508,outer2,xgboost,no_consequence,0.0706573873758316
1509,outer2,xgboost,no_consequence,0.03653636947274208
1517,outer2,xgboost,no_consequence,0.043120093643665314
1521,outer2,xgboost,no_consequence,0.061380594968795776
1526,outer2,xgboost,no_consequence,0.0737757533788681
1532,outer2,xgboost,no_consequence,0.05255100131034851
1533,outer2,xgboost,no_consequence,0.04936962574720383
1544,outer2,xgboost,no_consequence,0.041398804634809494
1547,outer2,xgboost,no_consequence,0.03059964068233967
1559,outer2,xgboost,no_consequence,0.030690940096974373
1561,outer2,xgboost,no_consequence,0.0645466148853302
1566,outer2,xgboost,no_consequence,0.1875109076499939
1568,outer2,xgboost,no_consequence,0.05909539759159088
1570,outer2,xgboost,no_consequence,0.4507254362106323
1574,outer2,xgboost,no_consequence,0.21292513608932495
1585,outer2,xgboost,no_consequence,0.09862376749515533
1586,outer2,xgboost,no_consequence,0.14623679220676422
1587,outer2,xgboost,no_consequence,0.08084102720022202
1595,outer2,xgboost,no_consequence,0.0439705066382885
1605,outer2,xgboost,no_consequence,0.09808550029993057
1606,outer2,xgboost,no_consequence,0.0831155851483345
1610,outer2,xgboost,no_consequence,0.047950226813554764
1611,outer2,xgboost,no_consequence,0.07894937694072723
1613,outer2,xgboost,no_consequence,0.10127930343151093
1614,outer2,xgboost,no_consequence,0.08939746767282486
1615,outer2,xgboost,no_consequence,0.06323069334030151
1616,outer2,xgboost,no_consequence,0.07087332755327225
1621,outer2,xgboost,no_consequence,0.09143972396850586
1622,outer2,xgboost,no_consequence,0.14609280228614807
1632,outer2,xgboost,no_consequence,0.04774358868598938
1633,outer2,xgboost,no_consequence,0.14078675210475922
1634,outer2,xgboost,no_consequence,0.08578144758939743
1651,outer2,xgboost,no_consequence,0.045807067304849625
1657,outer2,xgboost,no_consequence,0.025472285225987434
1659,outer2,xgboost,no_consequence,0.07013916969299316
1661,outer2,xgboost,no_consequence,0.06442857533693314
1665,outer2,xgboost,no_consequence,0.028319813311100006
1674,outer2,xgboost,no_consequence,0.072141133248806
1680,outer2,xgboost,no_consequence,0.18679292500019073
1682,outer2,xgboost,no_consequence,0.06373260915279388
1683,outer2,xgboost,no_consequence,0.07696109265089035
1691,outer2,xgboost,no_consequence,0.09055694937705994
1694,outer2,xgboost,no_consequence,0.033051423728466034
1696,outer2,xgboost,no_consequence,0.031652241945266724
1698,outer2,xgboost,no_consequence,0.0839981883764267
1703,outer2,xgboost,no_consequence,0.5268794298171997
1704,outer2,xgboost,no_consequence,0.18336714804172516
1711,outer2,xgboost,no_consequence,0.10280457139015198
1713,outer2,xgboost,no_consequence,0.035667527467012405
1718,outer2,xgboost,no_consequence,0.03760823234915733
1719,outer2,xgboost,no_consequence,0.21279792487621307
1726,outer2,xgboost,no_consequence,0.03652738034725189
1727,outer2,xgboost,no_consequence,0.043552037328481674
1731,outer2,xgboost,no_consequence,0.3405112624168396
1734,outer2,xgboost,no_consequence,0.06442410498857498
1740,outer2,xgboost,no_consequence,0.10545102506875992
1742,outer2,xgboost,no_consequence,0.10450749099254608
1743,outer2,xgboost,no_consequence,0.038088638335466385
1750,outer2,xgboost,no_consequence,0.06541819870471954
1753,outer2,xgboost,no_consequence,0.044064462184906006
1756,outer2,xgboost,no_consequence,0.04317362233996391
1757,outer2,xgboost,no_consequence,0.061230529099702835
1758,outer2,xgboost,no_consequence,0.056017834693193436
1760,outer2,xgboost,no_consequence,0.03985961899161339
1764,outer2,xgboost,no_consequence,0.1099727600812912
1777,outer2,xgboost,no_consequence,0.12156159430742264
1779,outer2,xgboost,no_consequence,0.07721628993749619
1784,outer2,xgboost,no_consequence,0.1683194488286972
1791,outer2,xgboost,no_consequence,0.2644726634025574
1792,outer2,xgboost,no_consequence,0.037551164627075195
1794,outer2,xgboost,no_consequence,0.056804317981004715
1808,outer2,xgboost,no_consequence,0.17778487503528595
1809,outer2,xgboost,no_consequence,0.061092499643564224
1811,outer2,xgboost,no_consequence,0.07707379013299942
1814,outer2,xgboost,no_consequence,0.029200954362750053
1815,outer2,xgboost,no_consequence,0.020248275250196457
1816,outer2,xgboost,no_consequence,0.06033122539520264
1819,outer2,xgboost,no_consequence,0.04320916160941124
1822,outer2,xgboost,no_consequence,0.03723849728703499
1824,outer2,xgboost,no_consequence,0.21362775564193726
1829,outer2,xgboost,no_consequence,0.027864618226885796
1839,outer2,xgboost,no_consequence,0.06353726983070374
1841,outer2,xgboost,no_consequence,0.10615795850753784
1843,outer2,xgboost,no_consequence,0.08757460117340088
1845,outer2,xgboost,no_consequence,0.05976761132478714
1847,outer2,xgboost,no_consequence,0.038484618067741394
1848,outer2,xgboost,no_consequence,0.055583834648132324
1852,outer2,xgboost,no_consequence,0.033874914050102234
1859,outer2,xgboost,no_consequence,0.0365610271692276
1861,outer2,xgboost,no_consequence,0.07727503776550293
1862,outer2,xgboost,no_consequence,0.09629964083433151
1863,outer2,xgboost,no_consequence,0.1867082417011261
1871,outer2,xgboost,no_consequence,0.03550649434328079
1872,outer2,xgboost,no_consequence,0.03632211312651634
1875,outer2,xgboost,no_consequence,0.118733711540699
1876,outer2,xgboost,no_consequence,0.18547022342681885
1878,outer2,xgboost,no_consequence,0.04102092236280441
1880,outer2,xgboost,no_consequence,0.04080583155155182
1881,outer2,xgboost,no_consequence,0.17417535185813904
1882,outer2,xgboost,no_consequence,0.039648644626140594
1893,outer2,xgboost,no_consequence,0.09533903747797012
1894,outer2,xgboost,no_consequence,0.05221245810389519
1903,outer2,xgboost,no_consequence,0.04276188090443611
1908,outer2,xgboost,no_consequence,0.029898900538682938
1914,outer2,xgboost,no_consequence,0.051231272518634796
1915,outer2,xgboost,no_consequence,0.047941986471414566
1923,outer2,xgboost,no_consequence,0.06244577839970589
1936,outer2,xgboost,no_consequence,0.08337389677762985
1937,outer2,xgboost,no_consequence,0.20490720868110657
1953,outer2,xgboost,no_consequence,0.05898624286055565
1956,outer2,xgboost,no_consequence,0.045636311173439026
1965,outer2,xgboost,no_consequence,0.045350391417741776
1969,outer2,xgboost,no_consequence,0.12962190806865692
1970,outer2,xgboost,no_consequence,0.17676757276058197
1976,outer2,xgboost,no_consequence,0.3461117446422577
1981,outer2,xgboost,no_consequence,0.19110341370105743
1982,outer2,xgboost,no_consequence,0.18413002789020538
1984,outer2,xgboost,no_consequence,0.041381996124982834
1985,outer2,xgboost,no_consequence,0.07057901471853256
1989,outer2,xgboost,no_consequence,0.06437764316797256
1990,outer2,xgboost,no_consequence,0.0336470790207386
1996,outer2,xgboost,no_consequence,0.08273616433143616
2001,outer2,xgboost,no_consequence,0.16553249955177307
2004,outer2,xgboost,no_consequence,0.07534143328666687
2012,outer2,xgboost,no_consequence,0.07367635518312454
2022,outer2,xgboost,no_consequence,0.09073763340711594
2035,outer2,xgboost,no_consequence,0.08485054224729538
2056,outer2,xgboost,no_consequence,0.057924918830394745
2064,outer2,xgboost,no_consequence,0.15296724438667297
2065,outer2,xgboost,no_consequence,0.07157613337039948
2069,outer2,xgboost,no_consequence,0.05469188466668129
2075,outer2,xgboost,no_consequence,0.06788957118988037
2076,outer2,xgboost,no_consequence,0.06356114894151688
2078,outer2,xgboost,no_consequence,0.029298022389411926
2091,outer2,xgboost,no_consequence,0.04456276446580887
2093,outer2,xgboost,no_consequence,0.05779002606868744
2094,outer2,xgboost,no_consequence,0.16901876032352448
2097,outer2,xgboost,no_consequence,0.0672641173005104
2098,outer2,xgboost,no_consequence,0.05440710857510567
2099,outer2,xgboost,no_consequence,0.2373216599225998
2102,outer2,xgboost,no_consequence,0.07105545699596405
2104,outer2,xgboost,no_consequence,0.04598803445696831
2113,outer2,xgboost,no_consequence,0.08877337723970413
2119,outer2,xgboost,no_consequence,0.10107289254665375
2126,outer2,xgboost,no_consequence,0.12260332703590393
2129,outer2,xgboost,no_consequence,0.06475847214460373
2131,outer2,xgboost,no_consequence,0.0341978557407856
2132,outer2,xgboost,no_consequence,0.05404311791062355
2133,outer2,xgboost,no_consequence,0.10525456070899963
2137,outer2,xgboost,no_consequence,0.09252844750881195
2139,outer2,xgboost,no_consequence,0.14336104691028595
2154,outer2,xgboost,no_consequence,0.03278692066669464
2158,outer2,xgboost,no_consequence,0.04214033856987953
2163,outer2,xgboost,no_consequence,0.06987401843070984
2172,outer2,xgboost,no_consequence,0.07508385926485062
2174,outer2,xgboost,no_consequence,0.0476970337331295
2176,outer2,xgboost,no_consequence,0.07089897245168686
2178,outer2,xgboost,no_consequence,0.04022376611828804
2191,outer2,xgboost,no_consequence,0.03943872079253197
2193,outer2,xgboost,no_consequence,0.038104504346847534
2194,outer2,xgboost,no_consequence,0.04376201331615448
2196,outer2,xgboost,no_consequence,0.056442249566316605
2198,outer2,xgboost,no_consequence,0.471151202917099
2204,outer2,xgboost,no_consequence,0.14778418838977814
2206,outer2,xgboost,no_consequence,0.11700990051031113
2207,outer2,xgboost,no_consequence,0.061172861605882645
2208,outer2,xgboost,no_consequence,0.14852747321128845
2220,outer2,xgboost,no_consequence,0.1501084566116333
2223,outer2,xgboost,no_consequence,0.07713974267244339
2231,outer2,xgboost,no_consequence,0.04822010546922684
2236,outer2,xgboost,no_consequence,0.07955360412597656
2238,outer2,xgboost,no_consequence,0.044866543263196945
2240,outer2,xgboost,no_consequence,0.03815501928329468
2247,outer2,xgboost,no_consequence,0.04458831250667572
2252,outer2,xgboost,no_consequence,0.04218936711549759
2254,outer2,xgboost,no_consequence,0.0696462094783783
2261,outer2,xgboost,no_consequence,0.07543614506721497
2262,outer2,xgboost,no_consequence,0.048828981816768646
2266,outer2,xgboost,no_consequence,0.19465519487857819
2271,outer2,xgboost,no_consequence,0.03634437173604965
2275,outer2,xgboost,no_consequence,0.03153407946228981
2276,outer2,xgboost,no_consequence,0.12789925932884216
2290,outer2,xgboost,no_consequence,0.0412013940513134
2292,outer2,xgboost,no_consequence,0.16200678050518036
2297,outer2,xgboost,no_consequence,0.18192458152770996
2298,outer2,xgboost,no_consequence,0.08137460052967072
2305,outer2,xgboost,no_consequence,0.041811659932136536
2315,outer2,xgboost,no_consequence,0.16377407312393188
2317,outer2,xgboost,no_consequence,0.12821152806282043
2319,outer2,xgboost,no_consequence,0.068593829870224
2320,outer2,xgboost,no_consequence,0.10725057125091553
2322,outer2,xgboost,no_consequence,0.07763104140758514
2324,outer2,xgboost,no_consequence,0.0839172899723053
2326,outer2,xgboost,no_consequence,0.17949974536895752
2331,outer2,xgboost,no_consequence,0.053208764642477036
2334,outer2,xgboost,no_consequence,0.0445757694542408
2342,outer2,xgboost,no_consequence,0.05186886340379715
2345,outer2,xgboost,no_consequence,0.11137974262237549
2352,outer2,xgboost,no_consequence,0.3108666241168976
2355,outer2,xgboost,no_consequence,0.10730981081724167
2358,outer2,xgboost,no_consequence,0.28778278827667236
2367,outer2,xgboost,no_consequence,0.05450872331857681
2368,outer2,xgboost,no_consequence,0.21396340429782867
2375,outer2,xgboost,no_consequence,0.02664894238114357
2380,outer2,xgboost,no_consequence,0.09183812141418457
2388,outer2,xgboost,no_consequence,0.0804433673620224
2390,outer2,xgboost,no_consequence,0.050050195306539536
2396,outer2,xgboost,no_consequence,0.08214066177606583
2410,outer2,xgboost,no_consequence,0.07725012302398682
2423,outer2,xgboost,no_consequence,0.04168960824608803
2429,outer2,xgboost,no_consequence,0.0869406908750534
2449,outer2,xgboost,no_consequence,0.054233450442552567
2455,outer2,xgboost,no_consequence,0.09122797101736069
2466,outer2,xgboost,no_consequence,0.02927546575665474
2469,outer2,xgboost,no_consequence,0.20153717696666718
2472,outer2,xgboost,no_consequence,0.05505387857556343
2475,outer2,xgboost,no_consequence,0.07526330649852753
2477,outer2,xgboost,no_consequence,0.06141335889697075
2484,outer2,xgboost,no_consequence,0.2662191092967987
2491,outer2,xgboost,no_consequence,0.02961798384785652
2500,outer2,xgboost,no_consequence,0.08493644744157791
2501,outer2,xgboost,no_consequence,0.03663647547364235
2502,outer2,xgboost,no_consequence,0.08316139876842499
2504,outer2,xgboost,no_consequence,0.02181299403309822
2505,outer2,xgboost,no_consequence,0.034661635756492615
2511,outer2,xgboost,no_consequence,0.06662934273481369
2538,outer2,xgboost,no_consequence,0.08322855085134506
2541,outer2,xgboost,no_consequence,0.04548247903585434
2543,outer2,xgboost,no_consequence,0.04665984958410263
2552,outer2,xgboost,no_consequence,0.10493501275777817
2553,outer2,xgboost,no_consequence,0.04968796670436859
2554,outer2,xgboost,no_consequence,0.12090817093849182
2562,outer2,xgboost,no_consequence,0.19308453798294067
2570,outer2,xgboost,no_consequence,0.06778416037559509
2571,outer2,xgboost,no_consequence,0.05367041006684303
2573,outer2,xgboost,no_consequence,0.0622984804213047
2574,outer2,xgboost,no_consequence,0.0633208230137825
2583,outer2,xgboost,no_consequence,0.11457237601280212
2586,outer2,xgboost,no_consequence,0.06638199836015701
2596,outer2,xgboost,no_consequence,0.1846988946199417
2599,outer2,xgboost,no_consequence,0.10456542670726776
2605,outer2,xgboost,no_consequence,0.03900868073105812
2612,outer2,xgboost,no_consequence,0.06530942767858505
2613,outer2,xgboost,no_consequence,0.05471397936344147
2617,outer2,xgboost,no_consequence,0.18132108449935913
2620,outer2,xgboost,no_consequence,0.10994912683963776
2659,outer2,xgboost,no_consequence,0.6030217409133911
2673,outer2,xgboost,no_consequence,0.08203591406345367
2676,outer2,xgboost,no_consequence,0.04760459437966347
2686,outer2,xgboost,no_consequence,0.037318892776966095
2703,outer2,xgboost,no_consequence,0.08972930163145065
2706,outer2,xgboost,no_consequence,0.1563512086868286
2710,outer2,xgboost,no_consequence,0.21612918376922607
2724,outer2,xgboost,no_consequence,0.05269278585910797
2732,outer2,xgboost,no_consequence,0.03852826729416847
2734,outer2,xgboost,no_consequence,0.039273373782634735
2736,outer2,xgboost,no_consequence,0.0667637512087822
2738,outer2,xgboost,no_consequence,0.15814726054668427
2740,outer2,xgboost,no_consequence,0.10391037166118622
2748,outer2,xgboost,no_consequence,0.08888323605060577
2751,outer2,xgboost,no_consequence,0.1269807368516922
2755,outer2,xgboost,no_consequence,0.04872888699173927
2756,outer2,xgboost,no_consequence,0.05147528648376465
2761,outer2,xgboost,no_consequence,0.03435736894607544
2770,outer2,xgboost,no_consequence,0.21748584508895874
2783,outer2,xgboost,no_consequence,0.07215706259012222
2790,outer2,xgboost,no_consequence,0.02756044641137123
2798,outer2,xgboost,no_consequence,0.5373061299324036
2802,outer2,xgboost,no_consequence,0.09947127848863602
2803,outer2,xgboost,no_consequence,0.06600130349397659
2805,outer2,xgboost,no_consequence,0.47105807065963745
2819,outer2,xgboost,no_consequence,0.06459414213895798
2822,outer2,xgboost,no_consequence,0.04550128057599068
2823,outer2,xgboost,no_consequence,0.21252089738845825
2830,outer2,xgboost,no_consequence,0.04390798881649971
2831,outer2,xgboost,no_consequence,0.04623984545469284
2837,outer2,xgboost,no_consequence,0.11112288385629654
2841,outer2,xgboost,no_consequence,0.06735536456108093
2842,outer2,xgboost,no_consequence,0.07674477994441986
2854,outer2,xgboost,no_consequence,0.03790374472737312
2855,outer2,xgboost,no_consequence,0.07495036721229553
2859,outer2,xgboost,no_consequence,0.18490925431251526
2865,outer2,xgboost,no_consequence,0.040811944752931595
2875,outer2,xgboost,no_consequence,0.06057880073785782
2883,outer2,xgboost,no_consequence,0.15905827283859253
2886,outer2,xgboost,no_consequence,0.15331612527370453
2892,outer2,xgboost,no_consequence,0.06466131657361984
2904,outer2,xgboost,no_consequence,0.13819929957389832
2912,outer2,xgboost,no_consequence,0.12646637856960297
2916,outer2,xgboost,no_consequence,0.040112171322107315
2919,outer2,xgboost,no_consequence,0.35826537013053894
2921,outer2,xgboost,no_consequence,0.07971356809139252
2925,outer2,xgboost,no_consequence,0.11071387678384781
2932,outer2,xgboost,no_consequence,0.05211995169520378
2934,outer2,xgboost,no_consequence,0.04774653539061546
2939,outer2,xgboost,no_consequence,0.11791615188121796
2949,outer2,xgboost,no_consequence,0.039661653339862823
2950,outer2,xgboost,no_consequence,0.040112439543008804
2959,outer2,xgboost,no_consequence,0.11353199928998947
2960,outer2,xgboost,no_consequence,0.03440012410283089
2964,outer2,xgboost,no_consequence,0.08183171600103378
2966,outer2,xgboost,no_consequence,0.1472901850938797
2967,outer2,xgboost,no_consequence,0.030034583061933517
2969,outer2,xgboost,no_consequence,0.06422115862369537
2971,outer2,xgboost,no_consequence,0.05838179215788841
2977,outer2,xgboost,no_consequence,0.07285290211439133
2980,outer2,xgboost,no_consequence,0.09588584303855896
2983,outer2,xgboost,no_consequence,0.02937212400138378
2985,outer2,xgboost,no_consequence,0.09776368737220764
2993,outer2,xgboost,no_consequence,0.23614507913589478
2995,outer2,xgboost,no_consequence,0.1471812129020691
2996,outer2,xgboost,no_consequence,0.05059920251369476
2998,outer2,xgboost,no_consequence,0.04654824733734131
3006,outer2,xgboost,no_consequence,0.04100902006030083
3010,outer2,xgboost,no_consequence,0.06481307744979858
3017,outer2,xgboost,no_consequence,0.04454951733350754
3019,outer2,xgboost,no_consequence,0.0682891309261322
3024,outer2,xgboost,no_consequence,0.04469621926546097
3027,outer2,xgboost,no_consequence,0.0741581991314888
3032,outer2,xgboost,no_consequence,0.05390305817127228
3039,outer2,xgboost,no_consequence,0.2567255198955536
3040,outer2,xgboost,no_consequence,0.06549958139657974
3045,outer2,xgboost,no_consequence,0.16694000363349915
3049,outer2,xgboost,no_consequence,0.06504064798355103
3056,outer2,xgboost,no_consequence,0.03252388909459114
3059,outer2,xgboost,no_consequence,0.052387211471796036
3060,outer2,xgboost,no_consequence,0.1049693375825882
3061,outer2,xgboost,no_consequence,0.17494544386863708
3062,outer2,xgboost,no_consequence,0.286128968000412
3063,outer2,xgboost,no_consequence,0.04475150257349014
3066,outer2,xgboost,no_consequence,0.04746376723051071
3069,outer2,xgboost,no_consequence,0.03948884829878807
3071,outer2,xgboost,no_consequence,0.036587826907634735
3074,outer2,xgboost,no_consequence,0.1410476565361023
3075,outer2,xgboost,no_consequence,0.06759045273065567
3076,outer2,xgboost,no_consequence,0.025036629289388657
3077,outer2,xgboost,no_consequence,0.27770596742630005
3080,outer2,xgboost,no_consequence,0.0373564213514328
3083,outer2,xgboost,no_consequence,0.0400865338742733
3103,outer2,xgboost,no_consequence,0.08435551822185516
3105,outer2,xgboost,no_consequence,0.12449481338262558
3108,outer2,xgboost,no_consequence,0.05185748264193535
3111,outer2,xgboost,no_consequence,0.0468563474714756
3129,outer2,xgboost,no_consequence,0.16702616214752197
3131,outer2,xgboost,no_consequence,0.12017101794481277
3132,outer2,xgboost,no_consequence,0.08082035928964615
3139,outer2,xgboost,no_consequence,0.0618896484375
3142,outer2,xgboost,no_consequence,0.059550803154706955
3143,outer2,xgboost,no_consequence,0.03761377930641174
3155,outer2,xgboost,no_consequence,0.06528905034065247
3163,outer2,xgboost,no_consequence,0.22471937537193298
3166,outer2,xgboost,no_consequence,0.12075712531805038
3167,outer2,xgboost,no_consequence,0.23743115365505219
3171,outer2,xgboost,no_consequence,0.31059178709983826
3173,outer2,xgboost,no_consequence,0.10821469873189926
3176,outer2,xgboost,no_consequence,0.08029304444789886
3177,outer2,xgboost,no_consequence,0.025415778160095215
3180,outer2,xgboost,no_consequence,0.06284674257040024
3182,outer2,xgboost,no_consequence,0.042578041553497314
3189,outer2,xgboost,no_consequence,0.09003349393606186
3194,outer2,xgboost,no_consequence,0.027999505400657654
3203,outer2,xgboost,no_consequence,0.35861796140670776
3216,outer2,xgboost,no_consequence,0.10016555339097977
3226,outer2,xgboost,no_consequence,0.04628584161400795
3227,outer2,xgboost,no_consequence,0.09604638814926147
3232,outer2,xgboost,no_consequence,0.05885765701532364
3235,outer2,xgboost,no_consequence,0.040197763592004776
3236,outer2,xgboost,no_consequence,0.06781773269176483
3238,outer2,xgboost,no_consequence,0.028444070369005203
3242,outer2,xgboost,no_consequence,0.04593222960829735
3258,outer2,xgboost,no_consequence,0.12454642355442047
3261,outer2,xgboost,no_consequence,0.02646810933947563
3264,outer2,xgboost,no_consequence,0.05625930428504944
3265,outer2,xgboost,no_consequence,0.44265612959861755
3270,outer2,xgboost,no_consequence,0.12044642865657806
3273,outer2,xgboost,no_consequence,0.18356460332870483
3276,outer2,xgboost,no_consequence,0.05088425427675247
3279,outer2,xgboost,no_consequence,0.07405325770378113
3282,outer2,xgboost,no_consequence,0.03870566561818123
3286,outer2,xgboost,no_consequence,0.13991867005825043
3287,outer2,xgboost,no_consequence,0.045989636331796646
3295,outer2,xgboost,no_consequence,0.03507928177714348
3301,outer2,xgboost,no_consequence,0.07532304525375366
3306,outer2,xgboost,no_consequence,0.23569519817829132
3308,outer2,xgboost,no_consequence,0.07077252119779587
3318,outer2,xgboost,no_consequence,0.034247495234012604
3323,outer2,xgboost,no_consequence,0.07901949435472488
3329,outer2,xgboost,no_consequence,0.1699114590883255
3335,outer2,xgboost,no_consequence,0.18342792987823486
3336,outer2,xgboost,no_consequence,0.08961597830057144
3337,outer2,xgboost,no_consequence,0.041569240391254425
3338,outer2,xgboost,no_consequence,0.052779387682676315
3347,outer2,xgboost,no_consequence,0.03767211362719536
3348,outer2,xgboost,no_consequence,0.11107576638460159
3357,outer2,xgboost,no_consequence,0.03637037053704262
3358,outer2,xgboost,no_consequence,0.0407428964972496
3360,outer2,xgboost,no_consequence,0.05352261662483215
3369,outer2,xgboost,no_consequence,0.04989127069711685
3370,outer2,xgboost,no_consequence,0.03723730146884918
3382,outer2,xgboost,no_consequence,0.09180561453104019
3384,outer2,xgboost,no_consequence,0.03492896258831024
3392,outer2,xgboost,no_consequence,0.06346771866083145
3394,outer2,xgboost,no_consequence,0.026270031929016113
3398,outer2,xgboost,no_consequence,0.05046777427196503
3400,outer2,xgboost,no_consequence,0.1922072172164917
3407,outer2,xgboost,no_consequence,0.07553870975971222
3412,outer2,xgboost,no_consequence,0.06869760900735855
3442,outer2,xgboost,no_consequence,0.02998015284538269
3447,outer2,xgboost,no_consequence,0.041473597288131714
3458,outer2,xgboost,no_consequence,0.033440910279750824
3460,outer2,xgboost,no_consequence,0.14897191524505615
3463,outer2,xgboost,no_consequence,0.03339850530028343
3475,outer2,xgboost,no_consequence,0.10829602926969528
3480,outer2,xgboost,no_consequence,0.0868004560470581
3486,outer2,xgboost,no_consequence,0.09843888878822327
3503,outer2,xgboost,no_consequence,0.19110167026519775
3508,outer2,xgboost,no_consequence,0.03852840140461922
3511,outer2,xgboost,no_consequence,0.07245486229658127
3516,outer2,xgboost,no_consequence,0.061421915888786316
3523,outer2,xgboost,no_consequence,0.045799754559993744
3526,outer2,xgboost,no_consequence,0.13397721946239471
3535,outer2,xgboost,no_consequence,0.052923962473869324
3549,outer2,xgboost,no_consequence,0.048046596348285675
3576,outer2,xgboost,no_consequence,0.02253763936460018
3582,outer2,xgboost,no_consequence,0.04513539746403694
3584,outer2,xgboost,no_consequence,0.10670958459377289
3586,outer2,xgboost,no_consequence,0.04790676012635231
3590,outer2,xgboost,no_consequence,0.2723839581012726
3592,outer2,xgboost,no_consequence,0.03399781882762909
3597,outer2,xgboost,no_consequence,0.06870850920677185
3598,outer2,xgboost,no_consequence,0.0670539140701294
3602,outer2,xgboost,no_consequence,0.05397689342498779
3605,outer2,xgboost,no_consequence,0.08708102256059647
3608,outer2,xgboost,no_consequence,0.07136955112218857
3617,outer2,xgboost,no_consequence,0.027210140600800514
3624,outer2,xgboost,no_consequence,0.042945291846990585
3632,outer2,xgboost,no_consequence,0.07889698445796967
3635,outer2,xgboost,no_consequence,0.0367586687207222
3650,outer2,xgboost,no_consequence,0.029464472085237503
3652,outer2,xgboost,no_consequence,0.05641581863164902
3654,outer2,xgboost,no_consequence,0.06624658405780792
3657,outer2,xgboost,no_consequence,0.03263678029179573
3658,outer2,xgboost,no_consequence,0.036592986434698105
3667,outer2,xgboost,no_consequence,0.13293050229549408
3675,outer2,xgboost,no_consequence,0.04737403616309166
3678,outer2,xgboost,no_consequence,0.026021771132946014
3679,outer2,xgboost,no_consequence,0.07414177805185318
3683,outer2,xgboost,no_consequence,0.03647765517234802
3688,outer2,xgboost,no_consequence,0.06831918656826019
3696,outer2,xgboost,no_consequence,0.051325954496860504
3697,outer2,xgboost,no_consequence,0.0386003740131855
3698,outer2,xgboost,no_consequence,0.03172014281153679
3706,outer2,xgboost,no_consequence,0.05682823807001114
3728,outer2,xgboost,no_consequence,0.035866815596818924
3730,outer2,xgboost,no_consequence,0.11266031861305237
3738,outer2,xgboost,no_consequence,0.03980894759297371
3740,outer2,xgboost,no_consequence,0.05124734714627266
3765,outer2,xgboost,no_consequence,0.04050516337156296
3767,outer2,xgboost,no_consequence,0.04693508893251419
3776,outer2,xgboost,no_consequence,0.05107913911342621
3777,outer2,xgboost,no_consequence,0.07821693271398544
3780,outer2,xgboost,no_consequence,0.07776664942502975
3788,outer2,xgboost,no_consequence,0.028136827051639557
3791,outer2,xgboost,no_consequence,0.022923313081264496
3796,outer2,xgboost,no_consequence,0.07996087521314621
3813,outer2,xgboost,no_consequence,0.050743285566568375
3814,outer2,xgboost,no_consequence,0.04945177957415581
3817,outer2,xgboost,no_consequence,0.07918697595596313
3825,outer2,xgboost,no_consequence,0.060262877494096756
3831,outer2,xgboost,no_consequence,0.04833962395787239
3836,outer2,xgboost,no_consequence,0.5231004357337952
3837,outer2,xgboost,no_consequence,0.2596890330314636
3844,outer2,xgboost,no_consequence,0.04216599464416504
3845,outer2,xgboost,no_consequence,0.10197937488555908
3846,outer2,xgboost,no_consequence,0.03437285125255585
3851,outer2,xgboost,no_consequence,0.08626928180456161
3859,outer2,xgboost,no_consequence,0.09230245649814606
3877,outer2,xgboost,no_consequence,0.05424128845334053
3891,outer2,xgboost,no_consequence,0.08253409713506699
3895,outer2,xgboost,no_consequence,0.05454295128583908
3897,outer2,xgboost,no_consequence,0.07403144985437393
3901,outer2,xgboost,no_consequence,0.03165479376912117
3902,outer2,xgboost,no_consequence,0.05646824464201927
3903,outer2,xgboost,no_consequence,0.07298143208026886
3924,outer2,xgboost,no_consequence,0.04187949374318123
3926,outer2,xgboost,no_consequence,0.3172380328178406
3932,outer2,xgboost,no_consequence,0.045739948749542236
3934,outer2,xgboost,no_consequence,0.039516106247901917
3935,outer2,xgboost,no_consequence,0.10793790221214294
3945,outer2,xgboost,no_consequence,0.0628870278596878
3948,outer2,xgboost,no_consequence,0.3433842957019806
3950,outer2,xgboost,no_consequence,0.09291177988052368
3951,outer2,xgboost,no_consequence,0.05335409194231033
3954,outer2,xgboost,no_consequence,0.07088927924633026
3958,outer2,xgboost,no_consequence,0.06732986122369766
3961,outer2,xgboost,no_consequence,0.04767259582877159
3966,outer2,xgboost,no_consequence,0.0529467947781086
3969,outer2,xgboost,no_consequence,0.24432162940502167
3975,outer2,xgboost,no_consequence,0.3100520670413971
3977,outer2,xgboost,no_consequence,0.13942250609397888
3980,outer2,xgboost,no_consequence,0.040690794587135315
3981,outer2,xgboost,no_consequence,0.061381638050079346
3983,outer2,xgboost,no_consequence,0.2888043522834778
3990,outer2,xgboost,no_consequence,0.07966513186693192
3994,outer2,xgboost,no_consequence,0.04729137197136879
3995,outer2,xgboost,no_consequence,0.06271413713693619
4001,outer2,xgboost,no_consequence,0.06913738697767258
4009,outer2,xgboost,no_consequence,0.08103794604539871
4016,outer2,xgboost,no_consequence,0.06947626918554306
4020,outer2,xgboost,no_consequence,0.04620974138379097
4023,outer2,xgboost,no_consequence,0.019114691764116287
4028,outer2,xgboost,no_consequence,0.12659834325313568
4038,outer2,xgboost,no_consequence,0.10315191000699997
4040,outer2,xgboost,no_consequence,0.20843155682086945
4046,outer2,xgboost,no_consequence,0.030650094151496887
4048,outer2,xgboost,no_consequence,0.0806068480014801
4051,outer2,xgboost,no_consequence,0.1330176144838333
4055,outer2,xgboost,no_consequence,0.02426769584417343
4057,outer2,xgboost,no_consequence,0.16702626645565033
4058,outer2,xgboost,no_consequence,0.3615473806858063
4059,outer2,xgboost,no_consequence,0.47036489844322205
4062,outer2,xgboost,no_consequence,0.033017080277204514
4063,outer2,xgboost,no_consequence,0.04093627631664276
4068,outer2,xgboost,no_consequence,0.07507170736789703
4078,outer2,xgboost,no_consequence,0.10117330402135849
4083,outer2,xgboost,no_consequence,0.06622470170259476
4085,outer2,xgboost,no_consequence,0.043913744390010834
4097,outer2,xgboost,no_consequence,0.07513158768415451
4105,outer2,xgboost,no_consequence,0.0736868605017662
4109,outer2,xgboost,no_consequence,0.09433320164680481
4111,outer2,xgboost,no_consequence,0.038769323378801346
4116,outer2,xgboost,no_consequence,0.07854155451059341
4121,outer2,xgboost,no_consequence,0.07610294967889786
4122,outer2,xgboost,no_consequence,0.035527098923921585
4127,outer2,xgboost,no_consequence,0.22028884291648865
4130,outer2,xgboost,no_consequence,0.03090720809996128
4136,outer2,xgboost,no_consequence,0.1697702556848526
4141,outer2,xgboost,no_consequence,0.03462598845362663
4142,outer2,xgboost,no_consequence,0.03233509510755539
4155,outer2,xgboost,no_consequence,0.034126631915569305
4158,outer2,xgboost,no_consequence,0.022941991686820984
4172,outer2,xgboost,no_consequence,0.08458220213651657
4174,outer2,xgboost,no_consequence,0.10942774266004562
4176,outer2,xgboost,no_consequence,0.20177879929542542
4178,outer2,xgboost,no_consequence,0.02158968336880207
4188,outer2,xgboost,no_consequence,0.10961561650037766
4190,outer2,xgboost,no_consequence,0.3524625301361084
4192,outer2,xgboost,no_consequence,0.05156731978058815
4194,outer2,xgboost,no_consequence,0.1534823179244995
4196,outer2,xgboost,no_consequence,0.04912692680954933
4197,outer2,xgboost,no_consequence,0.055198315531015396
4199,outer2,xgboost,no_consequence,0.1492859423160553
4201,outer2,xgboost,no_consequence,0.08071213215589523
4209,outer2,xgboost,no_consequence,0.08127082139253616
4214,outer2,xgboost,no_consequence,0.11950144916772842
4219,outer2,xgboost,no_consequence,0.05561341717839241
4222,outer2,xgboost,no_consequence,0.031721167266368866
4231,outer2,xgboost,no_consequence,0.029098685830831528
4240,outer2,xgboost,no_consequence,0.08045065402984619
4242,outer2,xgboost,no_consequence,0.05042143166065216
4245,outer2,xgboost,no_consequence,0.12030577659606934
4258,outer2,xgboost,no_consequence,0.12674517929553986
4259,outer2,xgboost,no_consequence,0.03615680709481239
4261,outer2,xgboost,no_consequence,0.041598886251449585
4269,outer2,xgboost,no_consequence,0.06736002117395401
4275,outer2,xgboost,no_consequence,0.034873947501182556
4277,outer2,xgboost,no_consequence,0.06752306967973709
4282,outer2,xgboost,no_consequence,0.04428565129637718
4284,outer2,xgboost,no_consequence,0.050819169729948044
4290,outer2,xgboost,no_consequence,0.10892800986766815
4294,outer2,xgboost,no_consequence,0.2600574493408203
4300,outer2,xgboost,no_consequence,0.04332641139626503
4304,outer2,xgboost,no_consequence,0.03629094734787941
4313,outer2,xgboost,no_consequence,0.05685573071241379
4316,outer2,xgboost,no_consequence,0.18102756142616272
4319,outer2,xgboost,no_consequence,0.09693830460309982
4329,outer2,xgboost,no_consequence,0.2301708459854126
4335,outer2,xgboost,no_consequence,0.032105691730976105
4340,outer2,xgboost,no_consequence,0.08544006198644638
4341,outer2,xgboost,no_consequence,0.07679671049118042
13,outer3,xgboost,no_consequence,0.05218522623181343
15,outer3,xgboost,no_consequence,0.11446747928857803
19,outer3,xgboost,no_consequence,0.02701064944267273
20,outer3,xgboost,no_consequence,0.07109914720058441
27,outer3,xgboost,no_consequence,0.05914002284407616
32,outer3,xgboost,no_consequence,0.2974461615085602
34,outer3,xgboost,no_consequence,0.35543468594551086
35,outer3,xgboost,no_consequence,0.10055869817733765
36,outer3,xgboost,no_consequence,0.1543990671634674
40,outer3,xgboost,no_consequence,0.09828594326972961
42,outer3,xgboost,no_consequence,0.031466614454984665
47,outer3,xgboost,no_consequence,0.18643386662006378
56,outer3,xgboost,no_consequence,0.05640985071659088
59,outer3,xgboost,no_consequence,0.07278327643871307
60,outer3,xgboost,no_consequence,0.0630074217915535
63,outer3,xgboost,no_consequence,0.03234110772609711
70,outer3,xgboost,no_consequence,0.2510911524295807
73,outer3,xgboost,no_consequence,0.08174239099025726
95,outer3,xgboost,no_consequence,0.1222463920712471
99,outer3,xgboost,no_consequence,0.05820189043879509
114,outer3,xgboost,no_consequence,0.03426419198513031
115,outer3,xgboost,no_consequence,0.030130358412861824
118,outer3,xgboost,no_consequence,0.05940517038106918
122,outer3,xgboost,no_consequence,0.06067979708313942
123,outer3,xgboost,no_consequence,0.040624722838401794
127,outer3,xgboost,no_consequence,0.07436486333608627
130,outer3,xgboost,no_consequence,0.13405172526836395
132,outer3,xgboost,no_consequence,0.043433718383312225
133,outer3,xgboost,no_consequence,0.05276211351156235
134,outer3,xgboost,no_consequence,0.3315252661705017
149,outer3,xgboost,no_consequence,0.049296390265226364
153,outer3,xgboost,no_consequence,0.0652969554066658
155,outer3,xgboost,no_consequence,0.030824217945337296
158,outer3,xgboost,no_consequence,0.046394385397434235
160,outer3,xgboost,no_consequence,0.03927042335271835
175,outer3,xgboost,no_consequence,0.04477513208985329
177,outer3,xgboost,no_consequence,0.04827180877327919
185,outer3,xgboost,no_consequence,0.19533289968967438
202,outer3,xgboost,no_consequence,0.1081257089972496
204,outer3,xgboost,no_consequence,0.10755345225334167
211,outer3,xgboost,no_consequence,0.02820753864943981
213,outer3,xgboost,no_consequence,0.11531044542789459
223,outer3,xgboost,no_consequence,0.053044792264699936
226,outer3,xgboost,no_consequence,0.058769553899765015
233,outer3,xgboost,no_consequence,0.07328299432992935
239,outer3,xgboost,no_consequence,0.10694560408592224
240,outer3,xgboost,no_consequence,0.12213040888309479
242,outer3,xgboost,no_consequence,0.05295513570308685
248,outer3,xgboost,no_consequence,0.20137012004852295
250,outer3,xgboost,no_consequence,0.08137693256139755
259,outer3,xgboost,no_consequence,0.04005943238735199
265,outer3,xgboost,no_consequence,0.07569924741983414
269,outer3,xgboost,no_consequence,0.034971244633197784
273,outer3,xgboost,no_consequence,0.1413741409778595
281,outer3,xgboost,no_consequence,0.04006904736161232
289,outer3,xgboost,no_consequence,0.08451438695192337
290,outer3,xgboost,no_consequence,0.04462030902504921
303,outer3,xgboost,no_consequence,0.12458726763725281
306,outer3,xgboost,no_consequence,0.061346493661403656
315,outer3,xgboost,no_consequence,0.0827578604221344
316,outer3,xgboost,no_consequence,0.11021548509597778
320,outer3,xgboost,no_consequence,0.09887352585792542
324,outer3,xgboost,no_consequence,0.0625058114528656
329,outer3,xgboost,no_consequence,0.22979873418807983
334,outer3,xgboost,no_consequence,0.056699614971876144
338,outer3,xgboost,no_consequence,0.031843893229961395
339,outer3,xgboost,no_consequence,0.03552282601594925
340,outer3,xgboost,no_consequence,0.06815759092569351
346,outer3,xgboost,no_consequence,0.06622209399938583
352,outer3,xgboost,no_consequence,0.0449751652777195
355,outer3,xgboost,no_consequence,0.09068437665700912
356,outer3,xgboost,no_consequence,0.02985362522304058
359,outer3,xgboost,no_consequence,0.09073103964328766
383,outer3,xgboost,no_consequence,0.05541280657052994
385,outer3,xgboost,no_consequence,0.12475669384002686
390,outer3,xgboost,no_consequence,0.045523446053266525
402,outer3,xgboost,no_consequence,0.0995236188173294
408,outer3,xgboost,no_consequence,0.02890135534107685
413,outer3,xgboost,no_consequence,0.029426971450448036
418,outer3,xgboost,no_consequence,0.08252045512199402
425,outer3,xgboost,no_consequence,0.2188691794872284
426,outer3,xgboost,no_consequence,0.03607025370001793
427,outer3,xgboost,no_consequence,0.18165072798728943
434,outer3,xgboost,no_consequence,0.25020453333854675
438,outer3,xgboost,no_consequence,0.10874297469854355
439,outer3,xgboost,no_consequence,0.0967920571565628
441,outer3,xgboost,no_consequence,0.11820294708013535
445,outer3,xgboost,no_consequence,0.05863543599843979
451,outer3,xgboost,no_consequence,0.043410737067461014
452,outer3,xgboost,no_consequence,0.039667513221502304
454,outer3,xgboost,no_consequence,0.03583575412631035
455,outer3,xgboost,no_consequence,0.20157963037490845
464,outer3,xgboost,no_consequence,0.255047082901001
465,outer3,xgboost,no_consequence,0.10397139936685562
469,outer3,xgboost,no_consequence,0.12902593612670898
470,outer3,xgboost,no_consequence,0.06767086684703827
473,outer3,xgboost,no_consequence,0.03655437380075455
489,outer3,xgboost,no_consequence,0.057512879371643066
494,outer3,xgboost,no_consequence,0.250002920627594
496,outer3,xgboost,no_consequence,0.14940819144248962
498,outer3,xgboost,no_consequence,0.22798804938793182
500,outer3,xgboost,no_consequence,0.08837175369262695
509,outer3,xgboost,no_consequence,0.11036097258329391
511,outer3,xgboost,no_consequence,0.05641305074095726
512,outer3,xgboost,no_consequence,0.05622829869389534
518,outer3,xgboost,no_consequence,0.05584072321653366
524,outer3,xgboost,no_consequence,0.04473094642162323
540,outer3,xgboost,no_consequence,0.24080124497413635
542,outer3,xgboost,no_consequence,0.061052702367305756
545,outer3,xgboost,no_consequence,0.1709359884262085
546,outer3,xgboost,no_consequence,0.16517122089862823
547,outer3,xgboost,no_consequence,0.08778058737516403
558,outer3,xgboost,no_consequence,0.04767749086022377
568,outer3,xgboost,no_consequence,0.1387440264225006
577,outer3,xgboost,no_consequence,0.06425183266401291
582,outer3,xgboost,no_consequence,0.09965461492538452
583,outer3,xgboost,no_consequence,0.12124142795801163
585,outer3,xgboost,no_consequence,0.11357114464044571
586,outer3,xgboost,no_consequence,0.05839874595403671
588,outer3,xgboost,no_consequence,0.09755447506904602
597,outer3,xgboost,no_consequence,0.03447311371564865
599,outer3,xgboost,no_consequence,0.061243582516908646
600,outer3,xgboost,no_consequence,0.06344177573919296
601,outer3,xgboost,no_consequence,0.10906203091144562
604,outer3,xgboost,no_consequence,0.07664920389652252
607,outer3,xgboost,no_consequence,0.04062346741557121
623,outer3,xgboost,no_consequence,0.05313710868358612
632,outer3,xgboost,no_consequence,0.08015511929988861
649,outer3,xgboost,no_consequence,0.14900819957256317
652,outer3,xgboost,no_consequence,0.07435578852891922
666,outer3,xgboost,no_consequence,0.032123863697052
671,outer3,xgboost,no_consequence,0.08777929842472076
679,outer3,xgboost,no_consequence,0.06380138546228409
685,outer3,xgboost,no_consequence,0.08048517256975174
688,outer3,xgboost,no_consequence,0.17538705468177795
689,outer3,xgboost,no_consequence,0.10259468853473663
693,outer3,xgboost,no_consequence,0.08016805350780487
697,outer3,xgboost,no_consequence,0.5106461048126221
699,outer3,xgboost,no_consequence,0.03195532411336899
724,outer3,xgboost,no_consequence,0.06728018075227737
726,outer3,xgboost,no_consequence,0.05276761204004288
728,outer3,xgboost,no_consequence,0.12687388062477112
729,outer3,xgboost,no_consequence,0.06423762440681458
736,outer3,xgboost,no_consequence,0.04191560298204422
747,outer3,xgboost,no_consequence,0.1219480037689209
751,outer3,xgboost,no_consequence,0.032195065170526505
752,outer3,xgboost,no_consequence,0.09370867908000946
754,outer3,xgboost,no_consequence,0.14477375149726868
756,outer3,xgboost,no_consequence,0.053329579532146454
757,outer3,xgboost,no_consequence,0.047147031873464584
765,outer3,xgboost,no_consequence,0.025142714381217957
766,outer3,xgboost,no_consequence,0.04693862050771713
768,outer3,xgboost,no_consequence,0.08785346895456314
784,outer3,xgboost,no_consequence,0.20844994485378265
789,outer3,xgboost,no_consequence,0.1887674182653427
791,outer3,xgboost,no_consequence,0.07838908582925797
795,outer3,xgboost,no_consequence,0.06337521970272064
800,outer3,xgboost,no_consequence,0.03703616186976433
804,outer3,xgboost,no_consequence,0.053200360387563705
806,outer3,xgboost,no_consequence,0.2172141671180725
815,outer3,xgboost,no_consequence,0.153217613697052
818,outer3,xgboost,no_consequence,0.19050543010234833
819,outer3,xgboost,no_consequence,0.06213027611374855
820,outer3,xgboost,no_consequence,0.07524359226226807
822,outer3,xgboost,no_consequence,0.055217940360307693
823,outer3,xgboost,no_consequence,0.08471199870109558
830,outer3,xgboost,no_consequence,0.03443030267953873
836,outer3,xgboost,no_consequence,0.1629669964313507
839,outer3,xgboost,no_consequence,0.054362159222364426
842,outer3,xgboost,no_consequence,0.062086254358291626
845,outer3,xgboost,no_consequence,0.2017693668603897
863,outer3,xgboost,no_consequence,0.04875588417053223
868,outer3,xgboost,no_consequence,0.0771767869591713
869,outer3,xgboost,no_consequence,0.021366070955991745
870,outer3,xgboost,no_consequence,0.05922254920005798
884,outer3,xgboost,no_consequence,0.03560135141015053
888,outer3,xgboost,no_consequence,0.1768713742494583
892,outer3,xgboost,no_consequence,0.046758465468883514
899,outer3,xgboost,no_consequence,0.118374302983284
903,outer3,xgboost,no_consequence,0.513927161693573
911,outer3,xgboost,no_consequence,0.1890147179365158
912,outer3,xgboost,no_consequence,0.19284985959529877
913,outer3,xgboost,no_consequence,0.07528620958328247
928,outer3,xgboost,no_consequence,0.05061349645256996
929,outer3,xgboost,no_consequence,0.06788858026266098
943,outer3,xgboost,no_consequence,0.06726741045713425
958,outer3,xgboost,no_consequence,0.05556977167725563
959,outer3,xgboost,no_consequence,0.194047212600708
975,outer3,xgboost,no_consequence,0.052180103957653046
977,outer3,xgboost,no_consequence,0.053823668509721756
979,outer3,xgboost,no_consequence,0.04139547422528267
983,outer3,xgboost,no_consequence,0.05674183741211891
988,outer3,xgboost,no_consequence,0.07563469558954239
1000,outer3,xgboost,no_consequence,0.04206076264381409
1003,outer3,xgboost,no_consequence,0.08769925683736801
1006,outer3,xgboost,no_consequence,0.05668717995285988
1007,outer3,xgboost,no_consequence,0.04937449470162392
1009,outer3,xgboost,no_consequence,0.029788626357913017
1011,outer3,xgboost,no_consequence,0.2950691878795624
1015,outer3,xgboost,no_consequence,0.05640503391623497
1016,outer3,xgboost,no_consequence,0.27527591586112976
1037,outer3,xgboost,no_consequence,0.043993234634399414
1039,outer3,xgboost,no_consequence,0.06817346066236496
1040,outer3,xgboost,no_consequence,0.11344311386346817
1042,outer3,xgboost,no_consequence,0.20681548118591309
1043,outer3,xgboost,no_consequence,0.044630877673625946
1052,outer3,xgboost,no_consequence,0.1354224532842636
1060,outer3,xgboost,no_consequence,0.056909117847681046
1064,outer3,xgboost,no_consequence,0.056987546384334564
1069,outer3,xgboost,no_consequence,0.12581872940063477
1076,outer3,xgboost,no_consequence,0.11751209199428558
1079,outer3,xgboost,no_consequence,0.040385086089372635
1086,outer3,xgboost,no_consequence,0.1564571112394333
1091,outer3,xgboost,no_consequence,0.064334437251091
1095,outer3,xgboost,no_consequence,0.20264428853988647
1101,outer3,xgboost,no_consequence,0.07522830367088318
1102,outer3,xgboost,no_consequence,0.3256078064441681
1111,outer3,xgboost,no_consequence,0.031457483768463135
1118,outer3,xgboost,no_consequence,0.04592081159353256
1121,outer3,xgboost,no_consequence,0.42109641432762146
1123,outer3,xgboost,no_consequence,0.05519123002886772
1141,outer3,xgboost,no_consequence,0.09802846610546112
1144,outer3,xgboost,no_consequence,0.06617622822523117
1145,outer3,xgboost,no_consequence,0.05373834818601608
1150,outer3,xgboost,no_consequence,0.0548795722424984
1172,outer3,xgboost,no_consequence,0.19046929478645325
1182,outer3,xgboost,no_consequence,0.12316776812076569
1185,outer3,xgboost,no_consequence,0.06127983331680298
1189,outer3,xgboost,no_consequence,0.05066845938563347
1190,outer3,xgboost,no_consequence,0.11049121618270874
1220,outer3,xgboost,no_consequence,0.09143015742301941
1222,outer3,xgboost,no_consequence,0.03374265506863594
1223,outer3,xgboost,no_consequence,0.23253433406352997
1230,outer3,xgboost,no_consequence,0.1797194480895996
1231,outer3,xgboost,no_consequence,0.1125449612736702
1233,outer3,xgboost,no_consequence,0.41203343868255615
1237,outer3,xgboost,no_consequence,0.12535445392131805
1238,outer3,xgboost,no_consequence,0.04086056351661682
1239,outer3,xgboost,no_consequence,0.028411749750375748
1240,outer3,xgboost,no_consequence,0.07947131246328354
1242,outer3,xgboost,no_consequence,0.10421840101480484
1244,outer3,xgboost,no_consequence,0.029579751193523407
1250,outer3,xgboost,no_consequence,0.05022721737623215
1251,outer3,xgboost,no_consequence,0.054735735058784485
1255,outer3,xgboost,no_consequence,0.16928374767303467
1266,outer3,xgboost,no_consequence,0.07014789432287216
1279,outer3,xgboost,no_consequence,0.02287798374891281
1290,outer3,xgboost,no_consequence,0.11004449427127838
1305,outer3,xgboost,no_consequence,0.06639976054430008
1306,outer3,xgboost,no_consequence,0.23275066912174225
1309,outer3,xgboost,no_consequence,0.07488163560628891
1314,outer3,xgboost,no_consequence,0.12195943295955658
1317,outer3,xgboost,no_consequence,0.07961355894804001
1328,outer3,xgboost,no_consequence,0.06395996361970901
1350,outer3,xgboost,no_consequence,0.03023478202521801
1354,outer3,xgboost,no_consequence,0.0328044593334198
1355,outer3,xgboost,no_consequence,0.09064164757728577
1356,outer3,xgboost,no_consequence,0.06958498805761337
1363,outer3,xgboost,no_consequence,0.2147141546010971
1369,outer3,xgboost,no_consequence,0.27319803833961487
1371,outer3,xgboost,no_consequence,0.030076339840888977
1379,outer3,xgboost,no_consequence,0.04571474343538284
1380,outer3,xgboost,no_consequence,0.06907919049263
1390,outer3,xgboost,no_consequence,0.030557023361325264
1398,outer3,xgboost,no_consequence,0.29814887046813965
1415,outer3,xgboost,no_consequence,0.063176229596138
1421,outer3,xgboost,no_consequence,0.21159502863883972
1431,outer3,xgboost,no_consequence,0.03493166342377663
1437,outer3,xgboost,no_consequence,0.04550064727663994
1440,outer3,xgboost,no_consequence,0.1298171877861023
1459,outer3,xgboost,no_consequence,0.18088600039482117
1467,outer3,xgboost,no_consequence,0.033358749002218246
1475,outer3,xgboost,no_consequence,0.034932855516672134
1488,outer3,xgboost,no_consequence,0.06243497133255005
1491,outer3,xgboost,no_consequence,0.14876195788383484
1497,outer3,xgboost,no_consequence,0.11823544651269913
1498,outer3,xgboost,no_consequence,0.42608922719955444
1503,outer3,xgboost,no_consequence,0.08803931623697281
1512,outer3,xgboost,no_consequence,0.10498888045549393
1513,outer3,xgboost,no_consequence,0.04333147034049034
1523,outer3,xgboost,no_consequence,0.1784188151359558
1527,outer3,xgboost,no_consequence,0.03543270006775856
1531,outer3,xgboost,no_consequence,0.15620970726013184
1541,outer3,xgboost,no_consequence,0.026599371805787086
1545,outer3,xgboost,no_consequence,0.06723891943693161
1549,outer3,xgboost,no_consequence,0.03095836006104946
1551,outer3,xgboost,no_consequence,0.04002118855714798
1554,outer3,xgboost,no_consequence,0.033622656017541885
1555,outer3,xgboost,no_consequence,0.06709861010313034
1556,outer3,xgboost,no_consequence,0.060370877385139465
1560,outer3,xgboost,no_consequence,0.1730191558599472
1576,outer3,xgboost,no_consequence,0.11422320455312729
1580,outer3,xgboost,no_consequence,0.06557342410087585
1581,outer3,xgboost,no_consequence,0.09177623689174652
1584,outer3,xgboost,no_consequence,0.10541502386331558
1589,outer3,xgboost,no_consequence,0.07775718718767166
1591,outer3,xgboost,no_consequence,0.31050094962120056
1599,outer3,xgboost,no_consequence,0.03618082031607628
1600,outer3,xgboost,no_consequence,0.15961724519729614
1602,outer3,xgboost,no_consequence,0.06885335594415665
1603,outer3,xgboost,no_consequence,0.06674151122570038
1617,outer3,xgboost,no_consequence,0.07521442323923111
1624,outer3,xgboost,no_consequence,0.03975534811615944
1625,outer3,xgboost,no_consequence,0.04524130001664162
1638,outer3,xgboost,no_consequence,0.06969956308603287
1639,outer3,xgboost,no_consequence,0.06841994822025299
1644,outer3,xgboost,no_consequence,0.0585363395512104
1646,outer3,xgboost,no_consequence,0.047743167728185654
1647,outer3,xgboost,no_consequence,0.06079701706767082
1650,outer3,xgboost,no_consequence,0.06602595746517181
1655,outer3,xgboost,no_consequence,0.13599272072315216
1662,outer3,xgboost,no_consequence,0.03098510578274727
1669,outer3,xgboost,no_consequence,0.14059452712535858
1670,outer3,xgboost,no_consequence,0.09638407826423645
1672,outer3,xgboost,no_consequence,0.06179137900471687
1673,outer3,xgboost,no_consequence,0.06847100704908371
1676,outer3,xgboost,no_consequence,0.11693759262561798
1681,outer3,xgboost,no_consequence,0.11042170226573944
1689,outer3,xgboost,no_consequence,0.05009591951966286
1702,outer3,xgboost,no_consequence,0.1557946354150772
1705,outer3,xgboost,no_consequence,0.04276752099394798
1715,outer3,xgboost,no_consequence,0.08757976442575455
1720,outer3,xgboost,no_consequence,0.039241719990968704
1724,outer3,xgboost,no_consequence,0.09014474600553513
1725,outer3,xgboost,no_consequence,0.06158434972167015
1728,outer3,xgboost,no_consequence,0.12108290195465088
1729,outer3,xgboost,no_consequence,0.0694802775979042
1746,outer3,xgboost,no_consequence,0.05048336461186409
1749,outer3,xgboost,no_consequence,0.025990385562181473
1754,outer3,xgboost,no_consequence,0.04073133319616318
1765,outer3,xgboost,no_consequence,0.04473091661930084
1771,outer3,xgboost,no_consequence,0.27418118715286255
1781,outer3,xgboost,no_consequence,0.07653767615556717
1789,outer3,xgboost,no_consequence,0.0647118091583252
1796,outer3,xgboost,no_consequence,0.12751369178295135
1798,outer3,xgboost,no_consequence,0.03643278405070305
1802,outer3,xgboost,no_consequence,0.07506497204303741
1804,outer3,xgboost,no_consequence,0.1797199249267578
1806,outer3,xgboost,no_consequence,0.029656140133738518
1807,outer3,xgboost,no_consequence,0.07788369804620743
1820,outer3,xgboost,no_consequence,0.1480339914560318
1821,outer3,xgboost,no_consequence,0.034357067197561264
1823,outer3,xgboost,no_consequence,0.07228795439004898
1826,outer3,xgboost,no_consequence,0.09128303080797195
1830,outer3,xgboost,no_consequence,0.07996447384357452
1831,outer3,xgboost,no_consequence,0.04113592207431793
1832,outer3,xgboost,no_consequence,0.11193116009235382
1851,outer3,xgboost,no_consequence,0.026291374117136
1853,outer3,xgboost,no_consequence,0.2310091108083725
1870,outer3,xgboost,no_consequence,0.11669493466615677
1874,outer3,xgboost,no_consequence,0.09474007040262222
1877,outer3,xgboost,no_consequence,0.45557841658592224
1879,outer3,xgboost,no_consequence,0.033843256533145905
1890,outer3,xgboost,no_consequence,0.07589775323867798
1898,outer3,xgboost,no_consequence,0.11306598782539368
1902,outer3,xgboost,no_consequence,0.13289101421833038
1904,outer3,xgboost,no_consequence,0.08574751764535904
1905,outer3,xgboost,no_consequence,0.06860313564538956
1910,outer3,xgboost,no_consequence,0.06188640370965004
1911,outer3,xgboost,no_consequence,0.09989196807146072
1918,outer3,xgboost,no_consequence,0.33444398641586304
1924,outer3,xgboost,no_consequence,0.04968621954321861
1928,outer3,xgboost,no_consequence,0.097840815782547
1933,outer3,xgboost,no_consequence,0.047165412455797195
1934,outer3,xgboost,no_consequence,0.10387661308050156
1939,outer3,xgboost,no_consequence,0.05317753553390503
1945,outer3,xgboost,no_consequence,0.10115103423595428
1948,outer3,xgboost,no_consequence,0.15772745013237
1954,outer3,xgboost,no_consequence,0.0394752137362957
1959,outer3,xgboost,no_consequence,0.08980900794267654
1975,outer3,xgboost,no_consequence,0.07192561775445938
1977,outer3,xgboost,no_consequence,0.03966687619686127
1978,outer3,xgboost,no_consequence,0.034141793847084045
1979,outer3,xgboost,no_consequence,0.05212416127324104
1980,outer3,xgboost,no_consequence,0.11472541093826294
1987,outer3,xgboost,no_consequence,0.17257912456989288
1988,outer3,xgboost,no_consequence,0.3589385449886322
2000,outer3,xgboost,no_consequence,0.08598325401544571
2006,outer3,xgboost,no_consequence,0.044466882944107056
2011,outer3,xgboost,no_consequence,0.22367526590824127
2013,outer3,xgboost,no_consequence,0.048810455948114395
2014,outer3,xgboost,no_consequence,0.08956984430551529
2020,outer3,xgboost,no_consequence,0.4057690501213074
2026,outer3,xgboost,no_consequence,0.1255413144826889
2028,outer3,xgboost,no_consequence,0.039173394441604614
2030,outer3,xgboost,no_consequence,0.16738301515579224
2037,outer3,xgboost,no_consequence,0.026334963738918304
2039,outer3,xgboost,no_consequence,0.10988026112318039
2042,outer3,xgboost,no_consequence,0.38455986976623535
2049,outer3,xgboost,no_consequence,0.07146453112363815
2053,outer3,xgboost,no_consequence,0.04210112988948822
2054,outer3,xgboost,no_consequence,0.08836222440004349
2060,outer3,xgboost,no_consequence,0.09344551712274551
2061,outer3,xgboost,no_consequence,0.05258281156420708
2068,outer3,xgboost,no_consequence,0.061791010200977325
2077,outer3,xgboost,no_consequence,0.08597532659769058
2079,outer3,xgboost,no_consequence,0.09028974920511246
2080,outer3,xgboost,no_consequence,0.08580399304628372
2089,outer3,xgboost,no_consequence,0.09042215347290039
2105,outer3,xgboost,no_consequence,0.12268084287643433
2107,outer3,xgboost,no_consequence,0.09316446632146835
2109,outer3,xgboost,no_consequence,0.131633922457695
2111,outer3,xgboost,no_consequence,0.055923253297805786
2115,outer3,xgboost,no_consequence,0.13995754718780518
2118,outer3,xgboost,no_consequence,0.18222340941429138
2121,outer3,xgboost,no_consequence,0.1407880187034607
2125,outer3,xgboost,no_consequence,0.26996466517448425
2142,outer3,xgboost,no_consequence,0.19944290816783905
2143,outer3,xgboost,no_consequence,0.0443204790353775
2145,outer3,xgboost,no_consequence,0.040404126048088074
2149,outer3,xgboost,no_consequence,0.04129302129149437
2150,outer3,xgboost,no_consequence,0.0661291852593422
2153,outer3,xgboost,no_consequence,0.12017645686864853
2156,outer3,xgboost,no_consequence,0.06362026184797287
2159,outer3,xgboost,no_consequence,0.0538225993514061
2160,outer3,xgboost,no_consequence,0.05367344990372658
2164,outer3,xgboost,no_consequence,0.10667262226343155
2177,outer3,xgboost,no_consequence,0.02960076928138733
2179,outer3,xgboost,no_consequence,0.11331399530172348
2182,outer3,xgboost,no_consequence,0.07749278098344803
2183,outer3,xgboost,no_consequence,0.0719972550868988
2188,outer3,xgboost,no_consequence,0.0666552409529686
2199,outer3,xgboost,no_consequence,0.11515321582555771
2203,outer3,xgboost,no_consequence,0.05767444148659706
2205,outer3,xgboost,no_consequence,0.0888446643948555
2212,outer3,xgboost,no_consequence,0.05620178207755089
2213,outer3,xgboost,no_consequence,0.035099778324365616
2217,outer3,xgboost,no_consequence,0.1438198834657669
2222,outer3,xgboost,no_consequence,0.1060030460357666
2227,outer3,xgboost,no_consequence,0.10676079988479614
2232,outer3,xgboost,no_consequence,0.02346336655318737
2241,outer3,xgboost,no_consequence,0.0979805439710617
2256,outer3,xgboost,no_consequence,0.030979787930846214
2260,outer3,xgboost,no_consequence,0.06832434982061386
2264,outer3,xgboost,no_consequence,0.14178921282291412
2272,outer3,xgboost,no_consequence,0.08533058315515518
2285,outer3,xgboost,no_consequence,0.07184463739395142
2294,outer3,xgboost,no_consequence,0.04020477086305618
2295,outer3,xgboost,no_consequence,0.04182624816894531
2296,outer3,xgboost,no_consequence,0.029525581747293472
2299,outer3,xgboost,no_consequence,0.1744043529033661
2300,outer3,xgboost,no_consequence,0.10031917691230774
2301,outer3,xgboost,no_consequence,0.10765230655670166
2309,outer3,xgboost,no_consequence,0.0563022717833519
2313,outer3,xgboost,no_consequence,0.04340098425745964
2318,outer3,xgboost,no_consequence,0.05240728706121445
2328,outer3,xgboost,no_consequence,0.0640905424952507
2329,outer3,xgboost,no_consequence,0.04831109568476677
2335,outer3,xgboost,no_consequence,0.025004155933856964
2339,outer3,xgboost,no_consequence,0.16234567761421204
2341,outer3,xgboost,no_consequence,0.20604097843170166
2349,outer3,xgboost,no_consequence,0.2759825885295868
2350,outer3,xgboost,no_consequence,0.08673346042633057
2363,outer3,xgboost,no_consequence,0.0375465527176857
2364,outer3,xgboost,no_consequence,0.04011387377977371
2374,outer3,xgboost,no_consequence,0.05093398317694664
2379,outer3,xgboost,no_consequence,0.1490647792816162
2394,outer3,xgboost,no_consequence,0.031129861250519753
2397,outer3,xgboost,no_consequence,0.10181054472923279
2398,outer3,xgboost,no_consequence,0.0309014730155468
2401,outer3,xgboost,no_consequence,0.13070201873779297
2402,outer3,xgboost,no_consequence,0.11641900986433029
2404,outer3,xgboost,no_consequence,0.04375609755516052
2411,outer3,xgboost,no_consequence,0.046398330479860306
2414,outer3,xgboost,no_consequence,0.04253626987338066
2415,outer3,xgboost,no_consequence,0.1273220330476761
2418,outer3,xgboost,no_consequence,0.0634002536535263
2421,outer3,xgboost,no_consequence,0.18097461760044098
2425,outer3,xgboost,no_consequence,0.03638076037168503
2426,outer3,xgboost,no_consequence,0.0356418676674366
2428,outer3,xgboost,no_consequence,0.07187683880329132
2433,outer3,xgboost,no_consequence,0.09143906831741333
2436,outer3,xgboost,no_consequence,0.04688830301165581
2441,outer3,xgboost,no_consequence,0.05307192727923393
2442,outer3,xgboost,no_consequence,0.03866465017199516
2445,outer3,xgboost,no_consequence,0.049660392105579376
2457,outer3,xgboost,no_consequence,0.05553991720080376
2478,outer3,xgboost,no_consequence,0.03205452859401703
2486,outer3,xgboost,no_consequence,0.05573609471321106
2489,outer3,xgboost,no_consequence,0.07501425594091415
2492,outer3,xgboost,no_consequence,0.05585286393761635
2495,outer3,xgboost,no_consequence,0.10435593128204346
2498,outer3,xgboost,no_consequence,0.049887314438819885
2499,outer3,xgboost,no_consequence,0.1167168915271759
2508,outer3,xgboost,no_consequence,0.09610757976770401
2515,outer3,xgboost,no_consequence,0.17159368097782135
2521,outer3,xgboost,no_consequence,0.10053455084562302
2525,outer3,xgboost,no_consequence,0.3593798875808716
2529,outer3,xgboost,no_consequence,0.049941033124923706
2532,outer3,xgboost,no_consequence,0.22835539281368256
2534,outer3,xgboost,no_consequence,0.2987874150276184
2537,outer3,xgboost,no_consequence,0.050274401903152466
2551,outer3,xgboost,no_consequence,0.05843406170606613
2558,outer3,xgboost,no_consequence,0.030898384749889374
2561,outer3,xgboost,no_consequence,0.12364521622657776
2564,outer3,xgboost,no_consequence,0.1465182900428772
2569,outer3,xgboost,no_consequence,0.06855874508619308
2576,outer3,xgboost,no_consequence,0.08629264682531357
2581,outer3,xgboost,no_consequence,0.05017804354429245
2582,outer3,xgboost,no_consequence,0.16944964230060577
2584,outer3,xgboost,no_consequence,0.09265433996915817
2597,outer3,xgboost,no_consequence,0.11456065624952316
2602,outer3,xgboost,no_consequence,0.1551959365606308
2615,outer3,xgboost,no_consequence,0.03953363746404648
2621,outer3,xgboost,no_consequence,0.10165102034807205
2632,outer3,xgboost,no_consequence,0.13171106576919556
2637,outer3,xgboost,no_consequence,0.050479862838983536
2642,outer3,xgboost,no_consequence,0.13571694493293762
2647,outer3,xgboost,no_consequence,0.3104526102542877
2648,outer3,xgboost,no_consequence,0.04086801037192345
2658,outer3,xgboost,no_consequence,0.10954559594392776
2674,outer3,xgboost,no_consequence,0.13246838748455048
2683,outer3,xgboost,no_consequence,0.020496821030974388
2685,outer3,xgboost,no_consequence,0.05112967640161514
2691,outer3,xgboost,no_consequence,0.057606324553489685
2693,outer3,xgboost,no_consequence,0.050992198288440704
2694,outer3,xgboost,no_consequence,0.11642120778560638
2696,outer3,xgboost,no_consequence,0.03408428281545639
2698,outer3,xgboost,no_consequence,0.12480869144201279
2699,outer3,xgboost,no_consequence,0.09739415347576141
2702,outer3,xgboost,no_consequence,0.05121157690882683
2708,outer3,xgboost,no_consequence,0.03665760159492493
2709,outer3,xgboost,no_consequence,0.07686515152454376
2713,outer3,xgboost,no_consequence,0.202163428068161
2714,outer3,xgboost,no_consequence,0.03706769645214081
2715,outer3,xgboost,no_consequence,0.0649188831448555
2718,outer3,xgboost,no_consequence,0.030831260606646538
2723,outer3,xgboost,no_consequence,0.03731730207800865
2725,outer3,xgboost,no_consequence,0.06806927174329758
2728,outer3,xgboost,no_consequence,0.17555445432662964
2729,outer3,xgboost,no_consequence,0.10766011476516724
2733,outer3,xgboost,no_consequence,0.1286918818950653
2747,outer3,xgboost,no_consequence,0.04846551641821861
2753,outer3,xgboost,no_consequence,0.05086103454232216
2757,outer3,xgboost,no_consequence,0.0527149960398674
2758,outer3,xgboost,no_consequence,0.12043346464633942
2780,outer3,xgboost,no_consequence,0.27482640743255615
2782,outer3,xgboost,no_consequence,0.476284921169281
2786,outer3,xgboost,no_consequence,0.10978886485099792
2791,outer3,xgboost,no_consequence,0.03943818435072899
2808,outer3,xgboost,no_consequence,0.08101990818977356
2813,outer3,xgboost,no_consequence,0.139427050948143
2820,outer3,xgboost,no_consequence,0.09964144974946976
2827,outer3,xgboost,no_consequence,0.04013995826244354
2828,outer3,xgboost,no_consequence,0.1116638258099556
2832,outer3,xgboost,no_consequence,0.06932123005390167
2839,outer3,xgboost,no_consequence,0.08332404494285583
2846,outer3,xgboost,no_consequence,0.061301808804273605
2858,outer3,xgboost,no_consequence,0.032555464655160904
2870,outer3,xgboost,no_consequence,0.09760551899671555
2879,outer3,xgboost,no_consequence,0.08847637474536896
2889,outer3,xgboost,no_consequence,0.13338136672973633
2891,outer3,xgboost,no_consequence,0.09252355992794037
2896,outer3,xgboost,no_consequence,0.09675116837024689
2901,outer3,xgboost,no_consequence,0.046952325850725174
2903,outer3,xgboost,no_consequence,0.10297244042158127
2905,outer3,xgboost,no_consequence,0.047270990908145905
2909,outer3,xgboost,no_consequence,0.04718862473964691
2914,outer3,xgboost,no_consequence,0.09419700503349304
2918,outer3,xgboost,no_consequence,0.04638911038637161
2920,outer3,xgboost,no_consequence,0.16548898816108704
2923,outer3,xgboost,no_consequence,0.04119082912802696
2926,outer3,xgboost,no_consequence,0.1849631816148758
2928,outer3,xgboost,no_consequence,0.2586747705936432
2936,outer3,xgboost,no_consequence,0.07403463870286942
2942,outer3,xgboost,no_consequence,0.07467631250619888
2945,outer3,xgboost,no_consequence,0.029596345499157906
2946,outer3,xgboost,no_consequence,0.048438675701618195
2956,outer3,xgboost,no_consequence,0.11127330362796783
2957,outer3,xgboost,no_consequence,0.12533383071422577
2961,outer3,xgboost,no_consequence,0.07447806745767593
2962,outer3,xgboost,no_consequence,0.31822311878204346
2965,outer3,xgboost,no_consequence,0.09557394683361053
2970,outer3,xgboost,no_consequence,0.051621194928884506
2976,outer3,xgboost,no_consequence,0.07687675207853317
2981,outer3,xgboost,no_consequence,0.03303998336195946
2984,outer3,xgboost,no_consequence,0.0500994510948658
2986,outer3,xgboost,no_consequence,0.15243388712406158
2989,outer3,xgboost,no_consequence,0.07215509563684464
2991,outer3,xgboost,no_consequence,0.05268942937254906
2992,outer3,xgboost,no_consequence,0.04245372489094734
3002,outer3,xgboost,no_consequence,0.3135358691215515
3003,outer3,xgboost,no_consequence,0.06369712948799133
3005,outer3,xgboost,no_consequence,0.07633072882890701
3011,outer3,xgboost,no_consequence,0.10458364337682724
3022,outer3,xgboost,no_consequence,0.10108063369989395
3029,outer3,xgboost,no_consequence,0.055777858942747116
3034,outer3,xgboost,no_consequence,0.30713123083114624
3037,outer3,xgboost,no_consequence,0.06942106038331985
3042,outer3,xgboost,no_consequence,0.03802202641963959
3043,outer3,xgboost,no_consequence,0.03869997337460518
3044,outer3,xgboost,no_consequence,0.16068586707115173
3050,outer3,xgboost,no_consequence,0.05770323798060417
3051,outer3,xgboost,no_consequence,0.04937083646655083
3052,outer3,xgboost,no_consequence,0.06121997535228729
3058,outer3,xgboost,no_consequence,0.14316397905349731
3065,outer3,xgboost,no_consequence,0.201592817902565
3070,outer3,xgboost,no_consequence,0.09873494505882263
3081,outer3,xgboost,no_consequence,0.07385403662919998
3091,outer3,xgboost,no_consequence,0.031363796442747116
3092,outer3,xgboost,no_consequence,0.14206120371818542
3093,outer3,xgboost,no_consequence,0.07380395382642746
3096,outer3,xgboost,no_consequence,0.11528845131397247
3100,outer3,xgboost,no_consequence,0.07550371438264847
3102,outer3,xgboost,no_consequence,0.17489594221115112
3104,outer3,xgboost,no_consequence,0.0578855499625206
3116,outer3,xgboost,no_consequence,0.03359879180788994
3121,outer3,xgboost,no_consequence,0.03924955427646637
3123,outer3,xgboost,no_consequence,0.036189623177051544
3127,outer3,xgboost,no_consequence,0.16834814846515656
3128,outer3,xgboost,no_consequence,0.1282898187637329
3135,outer3,xgboost,no_consequence,0.20144252479076385
3136,outer3,xgboost,no_consequence,0.05295950174331665
3140,outer3,xgboost,no_consequence,0.05832337960600853
3141,outer3,xgboost,no_consequence,0.03955518826842308
3145,outer3,xgboost,no_consequence,0.09018521010875702
3148,outer3,xgboost,no_consequence,0.025809813290834427
3149,outer3,xgboost,no_consequence,0.03306973725557327
3150,outer3,xgboost,no_consequence,0.16997255384922028
3152,outer3,xgboost,no_consequence,0.027555719017982483
3157,outer3,xgboost,no_consequence,0.15341874957084656
3169,outer3,xgboost,no_consequence,0.022465083748102188
3179,outer3,xgboost,no_consequence,0.03291099891066551
3184,outer3,xgboost,no_consequence,0.036821164190769196
3186,outer3,xgboost,no_consequence,0.08677113056182861
3187,outer3,xgboost,no_consequence,0.2660937011241913
3188,outer3,xgboost,no_consequence,0.07723558694124222
3190,outer3,xgboost,no_consequence,0.13898910582065582
3199,outer3,xgboost,no_consequence,0.23399533331394196
3200,outer3,xgboost,no_consequence,0.051206596195697784
3201,outer3,xgboost,no_consequence,0.15865746140480042
3211,outer3,xgboost,no_consequence,0.08098070323467255
3218,outer3,xgboost,no_consequence,0.038171131163835526
3222,outer3,xgboost,no_consequence,0.03170058876276016
3224,outer3,xgboost,no_consequence,0.08406535536050797
3231,outer3,xgboost,no_consequence,0.08800459653139114
3233,outer3,xgboost,no_consequence,0.14601968228816986
3239,outer3,xgboost,no_consequence,0.05389976128935814
3243,outer3,xgboost,no_consequence,0.1778026968240738
3244,outer3,xgboost,no_consequence,0.08038932830095291
3245,outer3,xgboost,no_consequence,0.0815935805439949
3247,outer3,xgboost,no_consequence,0.06191227585077286
3251,outer3,xgboost,no_consequence,0.022780010476708412
3266,outer3,xgboost,no_consequence,0.06417202949523926
3268,outer3,xgboost,no_consequence,0.1097709909081459
3277,outer3,xgboost,no_consequence,0.06592316180467606
3280,outer3,xgboost,no_consequence,0.06528182327747345
3281,outer3,xgboost,no_consequence,0.04687254875898361
3284,outer3,xgboost,no_consequence,0.04566282778978348
3291,outer3,xgboost,no_consequence,0.03475889563560486
3297,outer3,xgboost,no_consequence,0.05982320010662079
3298,outer3,xgboost,no_consequence,0.08156301826238632
3300,outer3,xgboost,no_consequence,0.07496784627437592
3304,outer3,xgboost,no_consequence,0.05022132024168968
3311,outer3,xgboost,no_consequence,0.2018241584300995
3312,outer3,xgboost,no_consequence,0.06633318960666656
3313,outer3,xgboost,no_consequence,0.03500864654779434
3317,outer3,xgboost,no_consequence,0.13915398716926575
3354,outer3,xgboost,no_consequence,0.04182884842157364
3356,outer3,xgboost,no_consequence,0.03566484525799751
3359,outer3,xgboost,no_consequence,0.09042000025510788
3374,outer3,xgboost,no_consequence,0.03594988211989403
3389,outer3,xgboost,no_consequence,0.13327914476394653
3391,outer3,xgboost,no_consequence,0.10438872873783112
3393,outer3,xgboost,no_consequence,0.039156775921583176
3397,outer3,xgboost,no_consequence,0.047494981437921524
3401,outer3,xgboost,no_consequence,0.06545557081699371
3404,outer3,xgboost,no_consequence,0.059949666261672974
3405,outer3,xgboost,no_consequence,0.10516996681690216
3408,outer3,xgboost,no_consequence,0.13672351837158203
3410,outer3,xgboost,no_consequence,0.21493960916996002
3411,outer3,xgboost,no_consequence,0.05019572749733925
3416,outer3,xgboost,no_consequence,0.06384198367595673
3418,outer3,xgboost,no_consequence,0.04474528133869171
3421,outer3,xgboost,no_consequence,0.05122148245573044
3427,outer3,xgboost,no_consequence,0.07487615197896957
3430,outer3,xgboost,no_consequence,0.15702906250953674
3431,outer3,xgboost,no_consequence,0.10499010980129242
3434,outer3,xgboost,no_consequence,0.04719485715031624
3438,outer3,xgboost,no_consequence,0.04770924896001816
3445,outer3,xgboost,no_consequence,0.13869476318359375
3452,outer3,xgboost,no_consequence,0.11852103471755981
3454,outer3,xgboost,no_consequence,0.21075481176376343
3459,outer3,xgboost,no_consequence,0.21280443668365479
3461,outer3,xgboost,no_consequence,0.05725676938891411
3474,outer3,xgboost,no_consequence,0.02287277579307556
3476,outer3,xgboost,no_consequence,0.04467906057834625
3479,outer3,xgboost,no_consequence,0.13859297335147858
3485,outer3,xgboost,no_consequence,0.1343833953142166
3499,outer3,xgboost,no_consequence,0.07463013380765915
3514,outer3,xgboost,no_consequence,0.05981163680553436
3519,outer3,xgboost,no_consequence,0.04348071664571762
3521,outer3,xgboost,no_consequence,0.07516463845968246
3524,outer3,xgboost,no_consequence,0.15104824304580688
3529,outer3,xgboost,no_consequence,0.03678581863641739
3530,outer3,xgboost,no_consequence,0.11279743164777756
3532,outer3,xgboost,no_consequence,0.32000818848609924
3534,outer3,xgboost,no_consequence,0.08193673193454742
3536,outer3,xgboost,no_consequence,0.12842167913913727
3538,outer3,xgboost,no_consequence,0.17034278810024261
3545,outer3,xgboost,no_consequence,0.10722718387842178
3546,outer3,xgboost,no_consequence,0.11586559563875198
3551,outer3,xgboost,no_consequence,0.11544079333543777
3554,outer3,xgboost,no_consequence,0.1277426779270172
3555,outer3,xgboost,no_consequence,0.18106532096862793
3556,outer3,xgboost,no_consequence,0.03818599507212639
3557,outer3,xgboost,no_consequence,0.11618373543024063
3566,outer3,xgboost,no_consequence,0.0641719326376915
3569,outer3,xgboost,no_consequence,0.03625597804784775
3572,outer3,xgboost,no_consequence,0.049025483429431915
3577,outer3,xgboost,no_consequence,0.22606581449508667
3595,outer3,xgboost,no_consequence,0.04233253747224808
3604,outer3,xgboost,no_consequence,0.03922747075557709
3606,outer3,xgboost,no_consequence,0.07356133311986923
3607,outer3,xgboost,no_consequence,0.039929624646902084
3610,outer3,xgboost,no_consequence,0.12490765005350113
3611,outer3,xgboost,no_consequence,0.18126705288887024
3614,outer3,xgboost,no_consequence,0.09441263228654861
3622,outer3,xgboost,no_consequence,0.10474850237369537
3625,outer3,xgboost,no_consequence,0.045801792293787
3626,outer3,xgboost,no_consequence,0.1202387586236
3629,outer3,xgboost,no_consequence,0.09565037488937378
3630,outer3,xgboost,no_consequence,0.11604192852973938
3634,outer3,xgboost,no_consequence,0.05120119825005531
3637,outer3,xgboost,no_consequence,0.15258458256721497
3644,outer3,xgboost,no_consequence,0.05845210328698158
3647,outer3,xgboost,no_consequence,0.10884981602430344
3648,outer3,xgboost,no_consequence,0.08126763999462128
3660,outer3,xgboost,no_consequence,0.04375481978058815
3661,outer3,xgboost,no_consequence,0.04545395076274872
3665,outer3,xgboost,no_consequence,0.04372923821210861
3669,outer3,xgboost,no_consequence,0.026703715324401855
3676,outer3,xgboost,no_consequence,0.04192327335476875
3685,outer3,xgboost,no_consequence,0.09285759925842285
3686,outer3,xgboost,no_consequence,0.046578299254179
3687,outer3,xgboost,no_consequence,0.04071734845638275
3689,outer3,xgboost,no_consequence,0.04529578983783722
3691,outer3,xgboost,no_consequence,0.06686107069253922
3694,outer3,xgboost,no_consequence,0.07314923405647278
3700,outer3,xgboost,no_consequence,0.040195584297180176
3703,outer3,xgboost,no_consequence,0.030215047299861908
3710,outer3,xgboost,no_consequence,0.03646780550479889
3711,outer3,xgboost,no_consequence,0.15065807104110718
3724,outer3,xgboost,no_consequence,0.03117194212973118
3732,outer3,xgboost,no_consequence,0.07811160385608673
3747,outer3,xgboost,no_consequence,0.0956333577632904
3752,outer3,xgboost,no_consequence,0.08344150334596634
3753,outer3,xgboost,no_consequence,0.04860579967498779
3754,outer3,xgboost,no_consequence,0.200364887714386
3755,outer3,xgboost,no_consequence,0.18891781568527222
3764,outer3,xgboost,no_consequence,0.06573545932769775
3766,outer3,xgboost,no_consequence,0.17076915502548218
3768,outer3,xgboost,no_consequence,0.08129600435495377
3771,outer3,xgboost,no_consequence,0.04611707478761673
3772,outer3,xgboost,no_consequence,0.09436479955911636
3778,outer3,xgboost,no_consequence,0.27591609954833984
3779,outer3,xgboost,no_consequence,0.07424148172140121
3789,outer3,xgboost,no_consequence,0.05541260913014412
3795,outer3,xgboost,no_consequence,0.0992242619395256
3798,outer3,xgboost,no_consequence,0.19061817228794098
3800,outer3,xgboost,no_consequence,0.18465006351470947
3801,outer3,xgboost,no_consequence,0.053794629871845245
3802,outer3,xgboost,no_consequence,0.1686132699251175
3806,outer3,xgboost,no_consequence,0.18369588255882263
3808,outer3,xgboost,no_consequence,0.41840463876724243
3810,outer3,xgboost,no_consequence,0.05808515474200249
3811,outer3,xgboost,no_consequence,0.10673261433839798
3816,outer3,xgboost,no_consequence,0.0341833233833313
3820,outer3,xgboost,no_consequence,0.059342801570892334
3827,outer3,xgboost,no_consequence,0.23216474056243896
3830,outer3,xgboost,no_consequence,0.06339498609304428
3832,outer3,xgboost,no_consequence,0.03245772421360016
3835,outer3,xgboost,no_consequence,0.06317274272441864
3852,outer3,xgboost,no_consequence,0.06576777994632721
3865,outer3,xgboost,no_consequence,0.11868525296449661
3872,outer3,xgboost,no_consequence,0.162712961435318
3875,outer3,xgboost,no_consequence,0.02602597139775753
3881,outer3,xgboost,no_consequence,0.026511965319514275
3886,outer3,xgboost,no_consequence,0.16374562680721283
3890,outer3,xgboost,no_consequence,0.11010544747114182
3898,outer3,xgboost,no_consequence,0.04584797844290733
3904,outer3,xgboost,no_consequence,0.12994316220283508
3911,outer3,xgboost,no_consequence,0.0627247616648674
3923,outer3,xgboost,no_consequence,0.05595490336418152
3929,outer3,xgboost,no_consequence,0.0319344662129879
3933,outer3,xgboost,no_consequence,0.07267233729362488
3938,outer3,xgboost,no_consequence,0.05155584588646889
3955,outer3,xgboost,no_consequence,0.057359617203474045
3956,outer3,xgboost,no_consequence,0.24556395411491394
3962,outer3,xgboost,no_consequence,0.14264917373657227
3964,outer3,xgboost,no_consequence,0.06607603281736374
3968,outer3,xgboost,no_consequence,0.02958293817937374
3973,outer3,xgboost,no_consequence,0.04056214913725853
3982,outer3,xgboost,no_consequence,0.03848781809210777
3986,outer3,xgboost,no_consequence,0.05175544694066048
3987,outer3,xgboost,no_consequence,0.02728252485394478
3991,outer3,xgboost,no_consequence,0.1361543834209442
3992,outer3,xgboost,no_consequence,0.06024223566055298
3996,outer3,xgboost,no_consequence,0.08902132511138916
4003,outer3,xgboost,no_consequence,0.03986523300409317
4005,outer3,xgboost,no_consequence,0.1091873049736023
4006,outer3,xgboost,no_consequence,0.16089706122875214
4007,outer3,xgboost,no_consequence,0.07296478748321533
4011,outer3,xgboost,no_consequence,0.04374944418668747
4021,outer3,xgboost,no_consequence,0.16561421751976013
4024,outer3,xgboost,no_consequence,0.15835893154144287
4025,outer3,xgboost,no_consequence,0.031746212393045425
4027,outer3,xgboost,no_consequence,0.07097365707159042
4043,outer3,xgboost,no_consequence,0.40378886461257935
4044,outer3,xgboost,no_consequence,0.07914181798696518
4045,outer3,xgboost,no_consequence,0.04136925935745239
4053,outer3,xgboost,no_consequence,0.09862735122442245
4067,outer3,xgboost,no_consequence,0.12968429923057556
4076,outer3,xgboost,no_consequence,0.14287196099758148
4099,outer3,xgboost,no_consequence,0.03691748529672623
4100,outer3,xgboost,no_consequence,0.08026612550020218
4119,outer3,xgboost,no_consequence,0.05185641348361969
4120,outer3,xgboost,no_consequence,0.1545342653989792
4123,outer3,xgboost,no_consequence,0.10155022144317627
4124,outer3,xgboost,no_consequence,0.06323737651109695
4125,outer3,xgboost,no_consequence,0.17966195940971375
4126,outer3,xgboost,no_consequence,0.05792992562055588
4132,outer3,xgboost,no_consequence,0.0698518380522728
4137,outer3,xgboost,no_consequence,0.07601471990346909
4140,outer3,xgboost,no_consequence,0.20100431144237518
4148,outer3,xgboost,no_consequence,0.10144105553627014
4153,outer3,xgboost,no_consequence,0.12188532203435898
4160,outer3,xgboost,no_consequence,0.12868854403495789
4163,outer3,xgboost,no_consequence,0.07552239298820496
4167,outer3,xgboost,no_consequence,0.06025361642241478
4170,outer3,xgboost,no_consequence,0.05321037396788597
4173,outer3,xgboost,no_consequence,0.09716342389583588
4175,outer3,xgboost,no_consequence,0.10177525132894516
4180,outer3,xgboost,no_consequence,0.028686238452792168
4183,outer3,xgboost,no_consequence,0.036563605070114136
4184,outer3,xgboost,no_consequence,0.024092920124530792
4186,outer3,xgboost,no_consequence,0.09780476987361908
4191,outer3,xgboost,no_consequence,0.029304224997758865
4193,outer3,xgboost,no_consequence,0.0453227162361145
4203,outer3,xgboost,no_consequence,0.23136325180530548
4206,outer3,xgboost,no_consequence,0.027842873707413673
4208,outer3,xgboost,no_consequence,0.08095286786556244
4212,outer3,xgboost,no_consequence,0.13770641386508942
4216,outer3,xgboost,no_consequence,0.06853576004505157
4220,outer3,xgboost,no_consequence,0.09885933995246887
4227,outer3,xgboost,no_consequence,0.09613363444805145
4229,outer3,xgboost,no_consequence,0.07355736196041107
4246,outer3,xgboost,no_consequence,0.05647572502493858
4247,outer3,xgboost,no_consequence,0.09481237828731537
4253,outer3,xgboost,no_consequence,0.16524174809455872
4256,outer3,xgboost,no_consequence,0.07328618317842484
4264,outer3,xgboost,no_consequence,0.051905564963817596
4267,outer3,xgboost,no_consequence,0.0928133949637413
4271,outer3,xgboost,no_consequence,0.04614793881773949
4272,outer3,xgboost,no_consequence,0.15894925594329834
4274,outer3,xgboost,no_consequence,0.07723919302225113
4278,outer3,xgboost,no_consequence,0.07430396974086761
4280,outer3,xgboost,no_consequence,0.08630359917879105
4283,outer3,xgboost,no_consequence,0.0893838182091713
4291,outer3,xgboost,no_consequence,0.10790794342756271
4297,outer3,xgboost,no_consequence,0.22718654572963715
4298,outer3,xgboost,no_consequence,0.07535420358181
4302,outer3,xgboost,no_consequence,0.043280620127916336
4307,outer3,xgboost,no_consequence,0.05231863260269165
4311,outer3,xgboost,no_consequence,0.12432524561882019
4322,outer3,xgboost,no_consequence,0.06070490553975105
4323,outer3,xgboost,no_consequence,0.02881423570215702
4326,outer3,xgboost,no_consequence,0.13654515147209167
4332,outer3,xgboost,no_consequence,0.061999231576919556
4342,outer3,xgboost,no_consequence,0.13729850947856903
0,outer4,xgboost,no_consequence,0.04708459600806236
2,outer4,xgboost,no_consequence,0.021093381568789482
3,outer4,xgboost,no_consequence,0.05522898584604263
5,outer4,xgboost,no_consequence,0.2727837860584259
8,outer4,xgboost,no_consequence,0.18389949202537537
9,outer4,xgboost,no_consequence,0.08842486888170242
25,outer4,xgboost,no_consequence,0.04405529424548149
26,outer4,xgboost,no_consequence,0.13211561739444733
29,outer4,xgboost,no_consequence,0.05683998018503189
31,outer4,xgboost,no_consequence,0.03511069715023041
44,outer4,xgboost,no_consequence,0.13487140834331512
52,outer4,xgboost,no_consequence,0.03479296341538429
55,outer4,xgboost,no_consequence,0.13633941113948822
58,outer4,xgboost,no_consequence,0.06845109164714813
64,outer4,xgboost,no_consequence,0.07026085257530212
66,outer4,xgboost,no_consequence,0.3272024095058441
68,outer4,xgboost,no_consequence,0.08670558035373688
72,outer4,xgboost,no_consequence,0.36143460869789124
79,outer4,xgboost,no_consequence,0.24136067926883698
87,outer4,xgboost,no_consequence,0.0338478647172451
91,outer4,xgboost,no_consequence,0.09912794828414917
97,outer4,xgboost,no_consequence,0.05425484478473663
107,outer4,xgboost,no_consequence,0.034114688634872437
111,outer4,xgboost,no_consequence,0.05566364899277687
113,outer4,xgboost,no_consequence,0.06574264913797379
124,outer4,xgboost,no_consequence,0.025520090013742447
128,outer4,xgboost,no_consequence,0.2455957531929016
138,outer4,xgboost,no_consequence,0.030617473646998405
142,outer4,xgboost,no_consequence,0.08162084966897964
151,outer4,xgboost,no_consequence,0.06976355612277985
154,outer4,xgboost,no_consequence,0.025335190817713737
164,outer4,xgboost,no_consequence,0.08250971138477325
167,outer4,xgboost,no_consequence,0.3149608373641968
169,outer4,xgboost,no_consequence,0.021908104419708252
172,outer4,xgboost,no_consequence,0.4996415674686432
181,outer4,xgboost,no_consequence,0.02537398785352707
186,outer4,xgboost,no_consequence,0.046595584601163864
187,outer4,xgboost,no_consequence,0.040447935461997986
195,outer4,xgboost,no_consequence,0.051051925867795944
196,outer4,xgboost,no_consequence,0.08983141928911209
199,outer4,xgboost,no_consequence,0.33790916204452515
205,outer4,xgboost,no_consequence,0.2161678820848465
207,outer4,xgboost,no_consequence,0.03061790019273758
210,outer4,xgboost,no_consequence,0.10371342301368713
216,outer4,xgboost,no_consequence,0.06053284555673599
218,outer4,xgboost,no_consequence,0.06297486275434494
221,outer4,xgboost,no_consequence,0.027374230325222015
222,outer4,xgboost,no_consequence,0.08828617632389069
224,outer4,xgboost,no_consequence,0.04564904421567917
229,outer4,xgboost,no_consequence,0.4162006378173828
234,outer4,xgboost,no_consequence,0.33723828196525574
237,outer4,xgboost,no_consequence,0.02473836950957775
249,outer4,xgboost,no_consequence,0.08119624853134155
255,outer4,xgboost,no_consequence,0.06707112491130829
258,outer4,xgboost,no_consequence,0.4525444209575653
260,outer4,xgboost,no_consequence,0.16350612044334412
267,outer4,xgboost,no_consequence,0.051787521690130234
268,outer4,xgboost,no_consequence,0.6198095083236694
278,outer4,xgboost,no_consequence,0.10840871930122375
287,outer4,xgboost,no_consequence,0.03652755916118622
297,outer4,xgboost,no_consequence,0.19758695363998413
304,outer4,xgboost,no_consequence,0.12857089936733246
309,outer4,xgboost,no_consequence,0.08847039937973022
312,outer4,xgboost,no_consequence,0.19815172255039215
325,outer4,xgboost,no_consequence,0.07049151510000229
332,outer4,xgboost,no_consequence,0.6321265697479248
347,outer4,xgboost,no_consequence,0.0653880313038826
351,outer4,xgboost,no_consequence,0.04603397473692894
353,outer4,xgboost,no_consequence,0.10529574751853943
357,outer4,xgboost,no_consequence,0.10526888817548752
362,outer4,xgboost,no_consequence,0.05990378558635712
368,outer4,xgboost,no_consequence,0.019984452053904533
369,outer4,xgboost,no_consequence,0.296292781829834
370,outer4,xgboost,no_consequence,0.03850531950592995
371,outer4,xgboost,no_consequence,0.03265078365802765
373,outer4,xgboost,no_consequence,0.09206922352313995
381,outer4,xgboost,no_consequence,0.1805870532989502
388,outer4,xgboost,no_consequence,0.1078629419207573
389,outer4,xgboost,no_consequence,0.028585851192474365
391,outer4,xgboost,no_consequence,0.04074789956212044
395,outer4,xgboost,no_consequence,0.01908930391073227
396,outer4,xgboost,no_consequence,0.06533146649599075
397,outer4,xgboost,no_consequence,0.04873940721154213
400,outer4,xgboost,no_consequence,0.03526678308844566
404,outer4,xgboost,no_consequence,0.07710936665534973
407,outer4,xgboost,no_consequence,0.12717115879058838
409,outer4,xgboost,no_consequence,0.035485249012708664
412,outer4,xgboost,no_consequence,0.027720842510461807
414,outer4,xgboost,no_consequence,0.020217115059494972
420,outer4,xgboost,no_consequence,0.0900149866938591
422,outer4,xgboost,no_consequence,0.08922391384840012
424,outer4,xgboost,no_consequence,0.22843730449676514
435,outer4,xgboost,no_consequence,0.06251240521669388
443,outer4,xgboost,no_consequence,0.1444285362958908
444,outer4,xgboost,no_consequence,0.0864347517490387
456,outer4,xgboost,no_consequence,0.6948548555374146
459,outer4,xgboost,no_consequence,0.0529557466506958
462,outer4,xgboost,no_consequence,0.11520341783761978
478,outer4,xgboost,no_consequence,0.05336017534136772
481,outer4,xgboost,no_consequence,0.14305032789707184
484,outer4,xgboost,no_consequence,0.06768842041492462
485,outer4,xgboost,no_consequence,0.09963789582252502
486,outer4,xgboost,no_consequence,0.030471712350845337
491,outer4,xgboost,no_consequence,0.04010108485817909
495,outer4,xgboost,no_consequence,0.09000495076179504
508,outer4,xgboost,no_consequence,0.03497546166181564
513,outer4,xgboost,no_consequence,0.02673076093196869
517,outer4,xgboost,no_consequence,0.22356334328651428
521,outer4,xgboost,no_consequence,0.03649045526981354
527,outer4,xgboost,no_consequence,0.038640059530735016
530,outer4,xgboost,no_consequence,0.0701005831360817
531,outer4,xgboost,no_consequence,0.031137965619564056
533,outer4,xgboost,no_consequence,0.03262074291706085
536,outer4,xgboost,no_consequence,0.12634310126304626
544,outer4,xgboost,no_consequence,0.05368854105472565
556,outer4,xgboost,no_consequence,0.04692494869232178
559,outer4,xgboost,no_consequence,0.04932734742760658
564,outer4,xgboost,no_consequence,0.05671575665473938
589,outer4,xgboost,no_consequence,0.05779741704463959
594,outer4,xgboost,no_consequence,0.056498486548662186
602,outer4,xgboost,no_consequence,0.05109816789627075
614,outer4,xgboost,no_consequence,0.046941254287958145
616,outer4,xgboost,no_consequence,0.12814593315124512
622,outer4,xgboost,no_consequence,0.09164618700742722
625,outer4,xgboost,no_consequence,0.023835932835936546
626,outer4,xgboost,no_consequence,0.280354768037796
639,outer4,xgboost,no_consequence,0.32974082231521606
654,outer4,xgboost,no_consequence,0.05712589621543884
659,outer4,xgboost,no_consequence,0.26551559567451477
664,outer4,xgboost,no_consequence,0.1142515167593956
665,outer4,xgboost,no_consequence,0.03156495839357376
667,outer4,xgboost,no_consequence,0.05016341060400009
672,outer4,xgboost,no_consequence,0.06486481428146362
678,outer4,xgboost,no_consequence,0.0493881031870842
680,outer4,xgboost,no_consequence,0.18195417523384094
682,outer4,xgboost,no_consequence,0.21846680343151093
684,outer4,xgboost,no_consequence,0.13890397548675537
686,outer4,xgboost,no_consequence,0.048204436898231506
701,outer4,xgboost,no_consequence,0.030530577525496483
702,outer4,xgboost,no_consequence,0.09696297347545624
703,outer4,xgboost,no_consequence,0.018539998680353165
705,outer4,xgboost,no_consequence,0.03090369515120983
711,outer4,xgboost,no_consequence,0.03356190398335457
716,outer4,xgboost,no_consequence,0.14420339465141296
720,outer4,xgboost,no_consequence,0.05818440765142441
721,outer4,xgboost,no_consequence,0.022809602320194244
723,outer4,xgboost,no_consequence,0.19919580221176147
727,outer4,xgboost,no_consequence,0.34334126114845276
730,outer4,xgboost,no_consequence,0.21283061802387238
734,outer4,xgboost,no_consequence,0.2840706706047058
741,outer4,xgboost,no_consequence,0.049720872193574905
750,outer4,xgboost,no_consequence,0.06998338550329208
760,outer4,xgboost,no_consequence,0.02512347139418125
762,outer4,xgboost,no_consequence,0.03053305670619011
763,outer4,xgboost,no_consequence,0.30113011598587036
767,outer4,xgboost,no_consequence,0.025978179648518562
769,outer4,xgboost,no_consequence,0.04856482148170471
770,outer4,xgboost,no_consequence,0.06110408902168274
779,outer4,xgboost,no_consequence,0.09180445969104767
781,outer4,xgboost,no_consequence,0.06652631610631943
785,outer4,xgboost,no_consequence,0.03802328184247017
807,outer4,xgboost,no_consequence,0.032603587955236435
811,outer4,xgboost,no_consequence,0.09615858644247055
813,outer4,xgboost,no_consequence,0.06545928865671158
816,outer4,xgboost,no_consequence,0.07793577015399933
817,outer4,xgboost,no_consequence,0.16933247447013855
821,outer4,xgboost,no_consequence,0.012256955727934837
824,outer4,xgboost,no_consequence,0.053069453686475754
826,outer4,xgboost,no_consequence,0.07649443298578262
832,outer4,xgboost,no_consequence,0.09140393882989883
835,outer4,xgboost,no_consequence,0.23146489262580872
840,outer4,xgboost,no_consequence,0.051626402884721756
843,outer4,xgboost,no_consequence,0.18919867277145386
854,outer4,xgboost,no_consequence,0.04291097819805145
857,outer4,xgboost,no_consequence,0.10264980047941208
860,outer4,xgboost,no_consequence,0.047385457903146744
862,outer4,xgboost,no_consequence,0.2197519689798355
865,outer4,xgboost,no_consequence,0.2899948060512543
876,outer4,xgboost,no_consequence,0.05839022621512413
877,outer4,xgboost,no_consequence,0.1832568645477295
879,outer4,xgboost,no_consequence,0.36064761877059937
883,outer4,xgboost,no_consequence,0.09068978577852249
890,outer4,xgboost,no_consequence,0.03923512622714043
893,outer4,xgboost,no_consequence,0.0881984755396843
900,outer4,xgboost,no_consequence,0.05231284722685814
904,outer4,xgboost,no_consequence,0.13648080825805664
910,outer4,xgboost,no_consequence,0.13256318867206573
917,outer4,xgboost,no_consequence,0.042360518127679825
923,outer4,xgboost,no_consequence,0.5417990684509277
927,outer4,xgboost,no_consequence,0.07608310878276825
930,outer4,xgboost,no_consequence,0.12298310548067093
942,outer4,xgboost,no_consequence,0.0236066784709692
945,outer4,xgboost,no_consequence,0.08252823352813721
947,outer4,xgboost,no_consequence,0.14722000062465668
948,outer4,xgboost,no_consequence,0.055958397686481476
950,outer4,xgboost,no_consequence,0.1819119155406952
963,outer4,xgboost,no_consequence,0.05957183241844177
965,outer4,xgboost,no_consequence,0.06517791748046875
970,outer4,xgboost,no_consequence,0.098170705139637
971,outer4,xgboost,no_consequence,0.30313631892204285
972,outer4,xgboost,no_consequence,0.0546836256980896
980,outer4,xgboost,no_consequence,0.14718793332576752
991,outer4,xgboost,no_consequence,0.07835905253887177
996,outer4,xgboost,no_consequence,0.056678541004657745
1012,outer4,xgboost,no_consequence,0.059615358710289
1024,outer4,xgboost,no_consequence,0.0621364451944828
1027,outer4,xgboost,no_consequence,0.06588389724493027
1031,outer4,xgboost,no_consequence,0.09881192445755005
1032,outer4,xgboost,no_consequence,0.04823894798755646
1036,outer4,xgboost,no_consequence,0.054034523665905
1041,outer4,xgboost,no_consequence,0.06843490153551102
1047,outer4,xgboost,no_consequence,0.17240022122859955
1049,outer4,xgboost,no_consequence,0.07638875395059586
1050,outer4,xgboost,no_consequence,0.07662055641412735
1058,outer4,xgboost,no_consequence,0.06547712534666061
1061,outer4,xgboost,no_consequence,0.016390105709433556
1063,outer4,xgboost,no_consequence,0.2541547119617462
1068,outer4,xgboost,no_consequence,0.10975079238414764
1073,outer4,xgboost,no_consequence,0.30889520049095154
1080,outer4,xgboost,no_consequence,0.04995916783809662
1082,outer4,xgboost,no_consequence,0.024136973544955254
1083,outer4,xgboost,no_consequence,0.1036636158823967
1092,outer4,xgboost,no_consequence,0.21994787454605103
1104,outer4,xgboost,no_consequence,0.04528455063700676
1105,outer4,xgboost,no_consequence,0.04375522583723068
1112,outer4,xgboost,no_consequence,0.02381618693470955
1114,outer4,xgboost,no_consequence,0.04981692507863045
1130,outer4,xgboost,no_consequence,0.11900852620601654
1132,outer4,xgboost,no_consequence,0.04935768246650696
1133,outer4,xgboost,no_consequence,0.08515512198209763
1136,outer4,xgboost,no_consequence,0.009057789109647274
1139,outer4,xgboost,no_consequence,0.174519881606102
1152,outer4,xgboost,no_consequence,0.09293818473815918
1155,outer4,xgboost,no_consequence,0.24064350128173828
1158,outer4,xgboost,no_consequence,0.12020749598741531
1163,outer4,xgboost,no_consequence,0.04565748944878578
1165,outer4,xgboost,no_consequence,0.21205656230449677
1168,outer4,xgboost,no_consequence,0.1314905881881714
1169,outer4,xgboost,no_consequence,0.08196450024843216
1179,outer4,xgboost,no_consequence,0.18620191514492035
1180,outer4,xgboost,no_consequence,0.025331351906061172
1195,outer4,xgboost,no_consequence,0.4776124954223633
1196,outer4,xgboost,no_consequence,0.10619381815195084
1201,outer4,xgboost,no_consequence,0.2613661289215088
1207,outer4,xgboost,no_consequence,0.02343999780714512
1209,outer4,xgboost,no_consequence,0.0663243904709816
1213,outer4,xgboost,no_consequence,0.026377694681286812
1216,outer4,xgboost,no_consequence,0.16140183806419373
1221,outer4,xgboost,no_consequence,0.06746005266904831
1224,outer4,xgboost,no_consequence,0.14756540954113007
1226,outer4,xgboost,no_consequence,0.036070119589567184
1229,outer4,xgboost,no_consequence,0.05367938429117203
1232,outer4,xgboost,no_consequence,0.03376346454024315
1234,outer4,xgboost,no_consequence,0.06862057000398636
1235,outer4,xgboost,no_consequence,0.026218466460704803
1252,outer4,xgboost,no_consequence,0.05813835933804512
1259,outer4,xgboost,no_consequence,0.07625036686658859
1263,outer4,xgboost,no_consequence,0.07917538285255432
1272,outer4,xgboost,no_consequence,0.019755620509386063
1280,outer4,xgboost,no_consequence,0.015243803150951862
1281,outer4,xgboost,no_consequence,0.048865821212530136
1282,outer4,xgboost,no_consequence,0.46009689569473267
1286,outer4,xgboost,no_consequence,0.09602538496255875
1287,outer4,xgboost,no_consequence,0.08202216029167175
1288,outer4,xgboost,no_consequence,0.34031638503074646
1294,outer4,xgboost,no_consequence,0.15531715750694275
1295,outer4,xgboost,no_consequence,0.06918864697217941
1308,outer4,xgboost,no_consequence,0.09705246239900589
1311,outer4,xgboost,no_consequence,0.046680714935064316
1312,outer4,xgboost,no_consequence,0.2798308730125427
1322,outer4,xgboost,no_consequence,0.052682194858789444
1330,outer4,xgboost,no_consequence,0.14375360310077667
1331,outer4,xgboost,no_consequence,0.04137806221842766
1335,outer4,xgboost,no_consequence,0.24705857038497925
1344,outer4,xgboost,no_consequence,0.11579524725675583
1345,outer4,xgboost,no_consequence,0.03528830036520958
1346,outer4,xgboost,no_consequence,0.06037420034408569
1351,outer4,xgboost,no_consequence,0.13284657895565033
1353,outer4,xgboost,no_consequence,0.1487015187740326
1358,outer4,xgboost,no_consequence,0.05670739710330963
1362,outer4,xgboost,no_consequence,0.019015826284885406
1365,outer4,xgboost,no_consequence,0.07918085902929306
1383,outer4,xgboost,no_consequence,0.125741645693779
1386,outer4,xgboost,no_consequence,0.09469448029994965
1394,outer4,xgboost,no_consequence,0.1364133507013321
1395,outer4,xgboost,no_consequence,0.059867504984140396
1397,outer4,xgboost,no_consequence,0.0321199968457222
1401,outer4,xgboost,no_consequence,0.08755678683519363
1407,outer4,xgboost,no_consequence,0.2014121264219284
1410,outer4,xgboost,no_consequence,0.02823502942919731
1411,outer4,xgboost,no_consequence,0.03144264593720436
1414,outer4,xgboost,no_consequence,0.0853644385933876
1419,outer4,xgboost,no_consequence,0.009188639000058174
1420,outer4,xgboost,no_consequence,0.21185292303562164
1425,outer4,xgboost,no_consequence,0.12207188457250595
1433,outer4,xgboost,no_consequence,0.05181371420621872
1456,outer4,xgboost,no_consequence,0.11280547082424164
1462,outer4,xgboost,no_consequence,0.03610632196068764
1463,outer4,xgboost,no_consequence,0.03694669529795647
1470,outer4,xgboost,no_consequence,0.026686323806643486
1472,outer4,xgboost,no_consequence,0.2941959798336029
1476,outer4,xgboost,no_consequence,0.11586480587720871
1484,outer4,xgboost,no_consequence,0.03472281992435455
1485,outer4,xgboost,no_consequence,0.13761895895004272
1486,outer4,xgboost,no_consequence,0.03842059150338173
1490,outer4,xgboost,no_consequence,0.046493127942085266
1493,outer4,xgboost,no_consequence,0.06869737803936005
1495,outer4,xgboost,no_consequence,0.10920679569244385
1499,outer4,xgboost,no_consequence,0.11330554634332657
1502,outer4,xgboost,no_consequence,0.03321985527873039
1506,outer4,xgboost,no_consequence,0.07079562544822693
1511,outer4,xgboost,no_consequence,0.04959607124328613
1520,outer4,xgboost,no_consequence,0.029618429020047188
1524,outer4,xgboost,no_consequence,0.04416847974061966
1528,outer4,xgboost,no_consequence,0.4741341471672058
1538,outer4,xgboost,no_consequence,0.04188019409775734
1540,outer4,xgboost,no_consequence,0.23904798924922943
1542,outer4,xgboost,no_consequence,0.05523742362856865
1546,outer4,xgboost,no_consequence,0.06768536567687988
1550,outer4,xgboost,no_consequence,0.031695406883955
1558,outer4,xgboost,no_consequence,0.10936421155929565
1563,outer4,xgboost,no_consequence,0.055199138820171356
1564,outer4,xgboost,no_consequence,0.0797492191195488
1569,outer4,xgboost,no_consequence,0.05975662171840668
1571,outer4,xgboost,no_consequence,0.04295940324664116
1572,outer4,xgboost,no_consequence,0.07726363092660904
1573,outer4,xgboost,no_consequence,0.23061779141426086
1578,outer4,xgboost,no_consequence,0.23456305265426636
1588,outer4,xgboost,no_consequence,0.0719836950302124
1590,outer4,xgboost,no_consequence,0.34136033058166504
1594,outer4,xgboost,no_consequence,0.16990187764167786
1608,outer4,xgboost,no_consequence,0.2480980008840561
1609,outer4,xgboost,no_consequence,0.08441612124443054
1618,outer4,xgboost,no_consequence,0.033128947019577026
1619,outer4,xgboost,no_consequence,0.3072744905948639
1620,outer4,xgboost,no_consequence,0.03891243785619736
1640,outer4,xgboost,no_consequence,0.024543965235352516
1645,outer4,xgboost,no_consequence,0.028917165473103523
1652,outer4,xgboost,no_consequence,0.02594107948243618
1660,outer4,xgboost,no_consequence,0.04447956010699272
1664,outer4,xgboost,no_consequence,0.07596278935670853
1666,outer4,xgboost,no_consequence,0.03935978189110756
1667,outer4,xgboost,no_consequence,0.24041810631752014
1668,outer4,xgboost,no_consequence,0.0514783151447773
1686,outer4,xgboost,no_consequence,0.16725730895996094
1687,outer4,xgboost,no_consequence,0.053767673671245575
1695,outer4,xgboost,no_consequence,0.020868375897407532
1697,outer4,xgboost,no_consequence,0.11615811288356781
1699,outer4,xgboost,no_consequence,0.0867360532283783
1700,outer4,xgboost,no_consequence,0.13375549018383026
1712,outer4,xgboost,no_consequence,0.03756825253367424
1714,outer4,xgboost,no_consequence,0.07607769221067429
1716,outer4,xgboost,no_consequence,0.10004906356334686
1722,outer4,xgboost,no_consequence,0.02675969898700714
1723,outer4,xgboost,no_consequence,0.27168968319892883
1730,outer4,xgboost,no_consequence,0.1283694952726364
1741,outer4,xgboost,no_consequence,0.04164135828614235
1747,outer4,xgboost,no_consequence,0.040745578706264496
1752,outer4,xgboost,no_consequence,0.03136785700917244
1761,outer4,xgboost,no_consequence,0.01656983606517315
1762,outer4,xgboost,no_consequence,0.0496453158557415
1763,outer4,xgboost,no_consequence,0.053988534957170486
1769,outer4,xgboost,no_consequence,0.3998793363571167
1774,outer4,xgboost,no_consequence,0.08366360515356064
1775,outer4,xgboost,no_consequence,0.129862442612648
1778,outer4,xgboost,no_consequence,0.07958580553531647
1788,outer4,xgboost,no_consequence,0.048676297068595886
1793,outer4,xgboost,no_consequence,0.04551805555820465
1797,outer4,xgboost,no_consequence,0.07428047060966492
1817,outer4,xgboost,no_consequence,0.07219702005386353
1818,outer4,xgboost,no_consequence,0.10887251049280167
1825,outer4,xgboost,no_consequence,0.057802386581897736
1827,outer4,xgboost,no_consequence,0.17956049740314484
1828,outer4,xgboost,no_consequence,0.07508162409067154
1837,outer4,xgboost,no_consequence,0.1902177780866623
1840,outer4,xgboost,no_consequence,0.03855668008327484
1856,outer4,xgboost,no_consequence,0.051345497369766235
1865,outer4,xgboost,no_consequence,0.07351477444171906
1867,outer4,xgboost,no_consequence,0.050339315086603165
1868,outer4,xgboost,no_consequence,0.19106778502464294
1869,outer4,xgboost,no_consequence,0.09080638736486435
1885,outer4,xgboost,no_consequence,0.10130960494279861
1895,outer4,xgboost,no_consequence,0.0642152726650238
1896,outer4,xgboost,no_consequence,0.23728130757808685
1897,outer4,xgboost,no_consequence,0.03956085070967674
1901,outer4,xgboost,no_consequence,0.1392362415790558
1917,outer4,xgboost,no_consequence,0.021062737330794334
1922,outer4,xgboost,no_consequence,0.08759237825870514
1925,outer4,xgboost,no_consequence,0.06132495403289795
1926,outer4,xgboost,no_consequence,0.057793740183115005
1932,outer4,xgboost,no_consequence,0.06094297021627426
1935,outer4,xgboost,no_consequence,0.04676773026585579
1940,outer4,xgboost,no_consequence,0.12930689752101898
1941,outer4,xgboost,no_consequence,0.09197356551885605
1942,outer4,xgboost,no_consequence,0.05089472234249115
1943,outer4,xgboost,no_consequence,0.08224523812532425
1947,outer4,xgboost,no_consequence,0.0701509565114975
1951,outer4,xgboost,no_consequence,0.1767909973859787
1952,outer4,xgboost,no_consequence,0.08229128271341324
1957,outer4,xgboost,no_consequence,0.15634818375110626
1958,outer4,xgboost,no_consequence,0.046763405203819275
1960,outer4,xgboost,no_consequence,0.04137204587459564
1961,outer4,xgboost,no_consequence,0.048735253512859344
1964,outer4,xgboost,no_consequence,0.058737579733133316
1972,outer4,xgboost,no_consequence,0.20778395235538483
1991,outer4,xgboost,no_consequence,0.34880736470222473
1992,outer4,xgboost,no_consequence,0.10756752640008926
1993,outer4,xgboost,no_consequence,0.09703394025564194
1995,outer4,xgboost,no_consequence,0.05159430950880051
1998,outer4,xgboost,no_consequence,0.13579155504703522
1999,outer4,xgboost,no_consequence,0.035204868763685226
2009,outer4,xgboost,no_consequence,0.10416445881128311
2017,outer4,xgboost,no_consequence,0.0358755998313427
2034,outer4,xgboost,no_consequence,0.0241315346211195
2041,outer4,xgboost,no_consequence,0.06509540230035782
2043,outer4,xgboost,no_consequence,0.024916451424360275
2048,outer4,xgboost,no_consequence,0.010464789345860481
2057,outer4,xgboost,no_consequence,0.11349797248840332
2059,outer4,xgboost,no_consequence,0.07837887108325958
2062,outer4,xgboost,no_consequence,0.1716756522655487
2073,outer4,xgboost,no_consequence,0.06132299453020096
2074,outer4,xgboost,no_consequence,0.27141401171684265
2084,outer4,xgboost,no_consequence,0.12185049057006836
2087,outer4,xgboost,no_consequence,0.10837095230817795
2092,outer4,xgboost,no_consequence,0.20418238639831543
2095,outer4,xgboost,no_consequence,0.06938393414020538
2100,outer4,xgboost,no_consequence,0.046771567314863205
2103,outer4,xgboost,no_consequence,0.03733982518315315
2108,outer4,xgboost,no_consequence,0.020949091762304306
2110,outer4,xgboost,no_consequence,0.0832434594631195
2116,outer4,xgboost,no_consequence,0.022303814068436623
2117,outer4,xgboost,no_consequence,0.03696315735578537
2127,outer4,xgboost,no_consequence,0.6228117346763611
2128,outer4,xgboost,no_consequence,0.07214462757110596
2146,outer4,xgboost,no_consequence,0.031105265021324158
2157,outer4,xgboost,no_consequence,0.04875297099351883
2166,outer4,xgboost,no_consequence,0.03712636977434158
2168,outer4,xgboost,no_consequence,0.05856543779373169
2169,outer4,xgboost,no_consequence,0.035865385085344315
2211,outer4,xgboost,no_consequence,0.07613826543092728
2214,outer4,xgboost,no_consequence,0.1267573982477188
2219,outer4,xgboost,no_consequence,0.17485927045345306
2224,outer4,xgboost,no_consequence,0.23275770246982574
2226,outer4,xgboost,no_consequence,0.10397142171859741
2229,outer4,xgboost,no_consequence,0.05656097084283829
2233,outer4,xgboost,no_consequence,0.04506392031908035
2235,outer4,xgboost,no_consequence,0.11348973214626312
2242,outer4,xgboost,no_consequence,0.023481866344809532
2246,outer4,xgboost,no_consequence,0.061325836926698685
2248,outer4,xgboost,no_consequence,0.1374824345111847
2250,outer4,xgboost,no_consequence,0.3786757290363312
2255,outer4,xgboost,no_consequence,0.12585581839084625
2263,outer4,xgboost,no_consequence,0.05325250327587128
2265,outer4,xgboost,no_consequence,0.30419832468032837
2282,outer4,xgboost,no_consequence,0.07524651288986206
2283,outer4,xgboost,no_consequence,0.03252210095524788
2286,outer4,xgboost,no_consequence,0.11154769361019135
2293,outer4,xgboost,no_consequence,0.07299577444791794
2303,outer4,xgboost,no_consequence,0.02242382988333702
2304,outer4,xgboost,no_consequence,0.030817726626992226
2307,outer4,xgboost,no_consequence,0.2168915718793869
2310,outer4,xgboost,no_consequence,0.01877356693148613
2321,outer4,xgboost,no_consequence,0.03718654438853264
2323,outer4,xgboost,no_consequence,0.03983330354094505
2325,outer4,xgboost,no_consequence,0.02559526078402996
2333,outer4,xgboost,no_consequence,0.04463765025138855
2338,outer4,xgboost,no_consequence,0.03435863181948662
2340,outer4,xgboost,no_consequence,0.15505926311016083
2343,outer4,xgboost,no_consequence,0.27670830488204956
2344,outer4,xgboost,no_consequence,0.1273219734430313
2347,outer4,xgboost,no_consequence,0.07077740877866745
2351,outer4,xgboost,no_consequence,0.11378303915262222
2353,outer4,xgboost,no_consequence,0.06557485461235046
2362,outer4,xgboost,no_consequence,0.05953638628125191
2365,outer4,xgboost,no_consequence,0.18243706226348877
2366,outer4,xgboost,no_consequence,0.09003420174121857
2369,outer4,xgboost,no_consequence,0.04674997180700302
2376,outer4,xgboost,no_consequence,0.03873850405216217
2377,outer4,xgboost,no_consequence,0.2533114552497864
2384,outer4,xgboost,no_consequence,0.05349317938089371
2385,outer4,xgboost,no_consequence,0.03208223730325699
2389,outer4,xgboost,no_consequence,0.04283156618475914
2392,outer4,xgboost,no_consequence,0.030517399311065674
2406,outer4,xgboost,no_consequence,0.10301462560892105
2408,outer4,xgboost,no_consequence,0.043870579451322556
2416,outer4,xgboost,no_consequence,0.047655098140239716
2422,outer4,xgboost,no_consequence,0.25595325231552124
2430,outer4,xgboost,no_consequence,0.10031696408987045
2431,outer4,xgboost,no_consequence,0.19084526598453522
2435,outer4,xgboost,no_consequence,0.0804462656378746
2437,outer4,xgboost,no_consequence,0.03862014412879944
2446,outer4,xgboost,no_consequence,0.05343438684940338
2453,outer4,xgboost,no_consequence,0.11194027215242386
2464,outer4,xgboost,no_consequence,0.09222464263439178
2465,outer4,xgboost,no_consequence,0.028493566438555717
2467,outer4,xgboost,no_consequence,0.0677974745631218
2468,outer4,xgboost,no_consequence,0.1183619424700737
2470,outer4,xgboost,no_consequence,0.062426503747701645
2481,outer4,xgboost,no_consequence,0.16621367633342743
2485,outer4,xgboost,no_consequence,0.10024446994066238
2487,outer4,xgboost,no_consequence,0.08586457371711731
2488,outer4,xgboost,no_consequence,0.06407377868890762
2493,outer4,xgboost,no_consequence,0.06460978835821152
2494,outer4,xgboost,no_consequence,0.21499598026275635
2497,outer4,xgboost,no_consequence,0.062338635325431824
2503,outer4,xgboost,no_consequence,0.01880927011370659
2506,outer4,xgboost,no_consequence,0.10210814327001572
2509,outer4,xgboost,no_consequence,0.03993946313858032
2510,outer4,xgboost,no_consequence,0.04044262692332268
2512,outer4,xgboost,no_consequence,0.03154553472995758
2522,outer4,xgboost,no_consequence,0.16714903712272644
2530,outer4,xgboost,no_consequence,0.0914558544754982
2535,outer4,xgboost,no_consequence,0.14641651511192322
2536,outer4,xgboost,no_consequence,0.045485302805900574
2548,outer4,xgboost,no_consequence,0.05209067836403847
2549,outer4,xgboost,no_consequence,0.09157712012529373
2560,outer4,xgboost,no_consequence,0.023768596351146698
2563,outer4,xgboost,no_consequence,0.057586122304201126
2566,outer4,xgboost,no_consequence,0.15826338529586792
2568,outer4,xgboost,no_consequence,0.03222677484154701
2585,outer4,xgboost,no_consequence,0.02920135110616684
2589,outer4,xgboost,no_consequence,0.035067107528448105
2593,outer4,xgboost,no_consequence,0.17850486934185028
2600,outer4,xgboost,no_consequence,0.09522805362939835
2604,outer4,xgboost,no_consequence,0.12323470413684845
2608,outer4,xgboost,no_consequence,0.0882977768778801
2610,outer4,xgboost,no_consequence,0.030531523749232292
2614,outer4,xgboost,no_consequence,0.05205133929848671
2618,outer4,xgboost,no_consequence,0.03364412486553192
2619,outer4,xgboost,no_consequence,0.17207738757133484
2623,outer4,xgboost,no_consequence,0.12363087385892868
2629,outer4,xgboost,no_consequence,0.03171277418732643
2631,outer4,xgboost,no_consequence,0.06553053110837936
2633,outer4,xgboost,no_consequence,0.04807552322745323
2639,outer4,xgboost,no_consequence,0.013984881341457367
2641,outer4,xgboost,no_consequence,0.2821875214576721
2660,outer4,xgboost,no_consequence,0.015410618856549263
2664,outer4,xgboost,no_consequence,0.1205935925245285
2665,outer4,xgboost,no_consequence,0.1446528434753418
2668,outer4,xgboost,no_consequence,0.03050869330763817
2669,outer4,xgboost,no_consequence,0.06163257732987404
2677,outer4,xgboost,no_consequence,0.025278890505433083
2681,outer4,xgboost,no_consequence,0.11684631556272507
2682,outer4,xgboost,no_consequence,0.025683961808681488
2684,outer4,xgboost,no_consequence,0.055876895785331726
2688,outer4,xgboost,no_consequence,0.12503239512443542
2692,outer4,xgboost,no_consequence,0.06343173235654831
2695,outer4,xgboost,no_consequence,0.02845989353954792
2697,outer4,xgboost,no_consequence,0.40116140246391296
2700,outer4,xgboost,no_consequence,0.09244780987501144
2705,outer4,xgboost,no_consequence,0.04457187280058861
2711,outer4,xgboost,no_consequence,0.1526109129190445
2712,outer4,xgboost,no_consequence,0.17097145318984985
2721,outer4,xgboost,no_consequence,0.08774690330028534
2722,outer4,xgboost,no_consequence,0.12721477448940277
2739,outer4,xgboost,no_consequence,0.029340103268623352
2745,outer4,xgboost,no_consequence,0.06663987785577774
2746,outer4,xgboost,no_consequence,0.05334845930337906
2752,outer4,xgboost,no_consequence,0.08104222267866135
2759,outer4,xgboost,no_consequence,0.24351534247398376
2763,outer4,xgboost,no_consequence,0.4979097247123718
2769,outer4,xgboost,no_consequence,0.024463672190904617
2774,outer4,xgboost,no_consequence,0.12087629735469818
2775,outer4,xgboost,no_consequence,0.18652014434337616
2776,outer4,xgboost,no_consequence,0.08893357962369919
2778,outer4,xgboost,no_consequence,0.07932299375534058
2781,outer4,xgboost,no_consequence,0.13349179923534393
2784,outer4,xgboost,no_consequence,0.08139165490865707
2785,outer4,xgboost,no_consequence,0.021211830899119377
2788,outer4,xgboost,no_consequence,0.09248325228691101
2795,outer4,xgboost,no_consequence,0.11406474560499191
2797,outer4,xgboost,no_consequence,0.05288764834403992
2799,outer4,xgboost,no_consequence,0.04555781930685043
2816,outer4,xgboost,no_consequence,0.05107421055436134
2821,outer4,xgboost,no_consequence,0.0544830858707428
2838,outer4,xgboost,no_consequence,0.049161821603775024
2843,outer4,xgboost,no_consequence,0.037894658744335175
2845,outer4,xgboost,no_consequence,0.16165505349636078
2849,outer4,xgboost,no_consequence,0.04451390355825424
2851,outer4,xgboost,no_consequence,0.05405329540371895
2852,outer4,xgboost,no_consequence,0.07326452434062958
2861,outer4,xgboost,no_consequence,0.17429865896701813
2862,outer4,xgboost,no_consequence,0.035644106566905975
2867,outer4,xgboost,no_consequence,0.04096132144331932
2874,outer4,xgboost,no_consequence,0.17492996156215668
2878,outer4,xgboost,no_consequence,0.09641136974096298
2880,outer4,xgboost,no_consequence,0.03815824165940285
2881,outer4,xgboost,no_consequence,0.22832739353179932
2882,outer4,xgboost,no_consequence,0.0628415197134018
2884,outer4,xgboost,no_consequence,0.12576954066753387
2888,outer4,xgboost,no_consequence,0.020648423582315445
2890,outer4,xgboost,no_consequence,0.028418496251106262
2894,outer4,xgboost,no_consequence,0.056745920330286026
2897,outer4,xgboost,no_consequence,0.11608795076608658
2899,outer4,xgboost,no_consequence,0.02614191547036171
2902,outer4,xgboost,no_consequence,0.0458381213247776
2908,outer4,xgboost,no_consequence,0.05032506212592125
2910,outer4,xgboost,no_consequence,0.060414329171180725
2917,outer4,xgboost,no_consequence,0.025653617456555367
2935,outer4,xgboost,no_consequence,0.0668744295835495
2937,outer4,xgboost,no_consequence,0.19765889644622803
2943,outer4,xgboost,no_consequence,0.053381506353616714
2948,outer4,xgboost,no_consequence,0.0648474469780922
2952,outer4,xgboost,no_consequence,0.04342194274067879
2958,outer4,xgboost,no_consequence,0.06373725831508636
2963,outer4,xgboost,no_consequence,0.02091079205274582
2973,outer4,xgboost,no_consequence,0.08370135724544525
2987,outer4,xgboost,no_consequence,0.18087314069271088
2994,outer4,xgboost,no_consequence,0.03511354699730873
2999,outer4,xgboost,no_consequence,0.3435368537902832
3004,outer4,xgboost,no_consequence,0.03548714891076088
3007,outer4,xgboost,no_consequence,0.036725565791130066
3014,outer4,xgboost,no_consequence,0.06656647473573685
3015,outer4,xgboost,no_consequence,0.05679696425795555
3016,outer4,xgboost,no_consequence,0.10980634391307831
3018,outer4,xgboost,no_consequence,0.18323078751564026
3020,outer4,xgboost,no_consequence,0.06128999590873718
3028,outer4,xgboost,no_consequence,0.04968670383095741
3030,outer4,xgboost,no_consequence,0.13426509499549866
3035,outer4,xgboost,no_consequence,0.013471431098878384
3036,outer4,xgboost,no_consequence,0.04697224870324135
3048,outer4,xgboost,no_consequence,0.026378702372312546
3053,outer4,xgboost,no_consequence,0.15584515035152435
3057,outer4,xgboost,no_consequence,0.11796161532402039
3088,outer4,xgboost,no_consequence,0.14662088453769684
3089,outer4,xgboost,no_consequence,0.057655736804008484
3095,outer4,xgboost,no_consequence,0.02056773006916046
3125,outer4,xgboost,no_consequence,0.04216742888092995
3126,outer4,xgboost,no_consequence,0.0735582709312439
3133,outer4,xgboost,no_consequence,0.20093563199043274
3134,outer4,xgboost,no_consequence,0.0623491108417511
3137,outer4,xgboost,no_consequence,0.08851462602615356
3147,outer4,xgboost,no_consequence,0.05081692710518837
3160,outer4,xgboost,no_consequence,0.10806430876255035
3162,outer4,xgboost,no_consequence,0.1903485506772995
3165,outer4,xgboost,no_consequence,0.25884443521499634
3170,outer4,xgboost,no_consequence,0.08765923976898193
3175,outer4,xgboost,no_consequence,0.07242756336927414
3178,outer4,xgboost,no_consequence,0.057739902287721634
3183,outer4,xgboost,no_consequence,0.08195728808641434
3185,outer4,xgboost,no_consequence,0.1930353194475174
3191,outer4,xgboost,no_consequence,0.1300591081380844
3192,outer4,xgboost,no_consequence,0.29069721698760986
3212,outer4,xgboost,no_consequence,0.10919447988271713
3214,outer4,xgboost,no_consequence,0.043602317571640015
3240,outer4,xgboost,no_consequence,0.04777412489056587
3248,outer4,xgboost,no_consequence,0.22076845169067383
3252,outer4,xgboost,no_consequence,0.03435012325644493
3254,outer4,xgboost,no_consequence,0.06309903413057327
3271,outer4,xgboost,no_consequence,0.07040759921073914
3303,outer4,xgboost,no_consequence,0.1027282252907753
3305,outer4,xgboost,no_consequence,0.02413652464747429
3310,outer4,xgboost,no_consequence,0.14399416744709015
3314,outer4,xgboost,no_consequence,0.01507534645497799
3315,outer4,xgboost,no_consequence,0.25421375036239624
3316,outer4,xgboost,no_consequence,0.04280448332428932
3322,outer4,xgboost,no_consequence,0.05104139447212219
3325,outer4,xgboost,no_consequence,0.23500685393810272
3328,outer4,xgboost,no_consequence,0.13389301300048828
3330,outer4,xgboost,no_consequence,0.42104125022888184
3339,outer4,xgboost,no_consequence,0.03257184475660324
3340,outer4,xgboost,no_consequence,0.08931924402713776
3341,outer4,xgboost,no_consequence,0.12379063665866852
3345,outer4,xgboost,no_consequence,0.10236439108848572
3346,outer4,xgboost,no_consequence,0.06626933068037033
3349,outer4,xgboost,no_consequence,0.09415183216333389
3353,outer4,xgboost,no_consequence,0.07005621492862701
3365,outer4,xgboost,no_consequence,0.057742368429899216
3368,outer4,xgboost,no_consequence,0.06521692126989365
3371,outer4,xgboost,no_consequence,0.07503293454647064
3373,outer4,xgboost,no_consequence,0.23153556883335114
3378,outer4,xgboost,no_consequence,0.0545542910695076
3379,outer4,xgboost,no_consequence,0.038582902401685715
3385,outer4,xgboost,no_consequence,0.14050479233264923
3386,outer4,xgboost,no_consequence,0.12078437209129333
3387,outer4,xgboost,no_consequence,0.029610509052872658
3388,outer4,xgboost,no_consequence,0.043237823992967606
3403,outer4,xgboost,no_consequence,0.33898115158081055
3419,outer4,xgboost,no_consequence,0.16852165758609772
3420,outer4,xgboost,no_consequence,0.04998711496591568
3436,outer4,xgboost,no_consequence,0.027918336912989616
3439,outer4,xgboost,no_consequence,0.05234609916806221
3444,outer4,xgboost,no_consequence,0.4897579848766327
3451,outer4,xgboost,no_consequence,0.4313184320926666
3453,outer4,xgboost,no_consequence,0.050125494599342346
3462,outer4,xgboost,no_consequence,0.06434940546751022
3473,outer4,xgboost,no_consequence,0.07359914481639862
3484,outer4,xgboost,no_consequence,0.047717440873384476
3487,outer4,xgboost,no_consequence,0.02634275332093239
3488,outer4,xgboost,no_consequence,0.016798235476017
3489,outer4,xgboost,no_consequence,0.03189406171441078
3490,outer4,xgboost,no_consequence,0.40227776765823364
3494,outer4,xgboost,no_consequence,0.049670539796352386
3497,outer4,xgboost,no_consequence,0.27298277616500854
3500,outer4,xgboost,no_consequence,0.14116667211055756
3501,outer4,xgboost,no_consequence,0.07120457291603088
3502,outer4,xgboost,no_consequence,0.14830124378204346
3510,outer4,xgboost,no_consequence,0.12481647729873657
3515,outer4,xgboost,no_consequence,0.05649538338184357
3520,outer4,xgboost,no_consequence,0.04966806620359421
3525,outer4,xgboost,no_consequence,0.03385576233267784
3533,outer4,xgboost,no_consequence,0.10467036813497543
3541,outer4,xgboost,no_consequence,0.09832756966352463
3544,outer4,xgboost,no_consequence,0.015087111853063107
3558,outer4,xgboost,no_consequence,0.0706070214509964
3559,outer4,xgboost,no_consequence,0.09313919395208359
3560,outer4,xgboost,no_consequence,0.033837899565696716
3563,outer4,xgboost,no_consequence,0.013962647877633572
3568,outer4,xgboost,no_consequence,0.2474132627248764
3575,outer4,xgboost,no_consequence,0.0222485214471817
3578,outer4,xgboost,no_consequence,0.10576558858156204
3581,outer4,xgboost,no_consequence,0.08225852251052856
3589,outer4,xgboost,no_consequence,0.06610521674156189
3591,outer4,xgboost,no_consequence,0.04245123267173767
3596,outer4,xgboost,no_consequence,0.14719638228416443
3600,outer4,xgboost,no_consequence,0.15250584483146667
3615,outer4,xgboost,no_consequence,0.10405507683753967
3623,outer4,xgboost,no_consequence,0.3506143391132355
3627,outer4,xgboost,no_consequence,0.06565515697002411
3631,outer4,xgboost,no_consequence,0.07510446012020111
3642,outer4,xgboost,no_consequence,0.13754719495773315
3643,outer4,xgboost,no_consequence,0.06980910897254944
3645,outer4,xgboost,no_consequence,0.04024771228432655
3649,outer4,xgboost,no_consequence,0.15981873869895935
3666,outer4,xgboost,no_consequence,0.0363490954041481
3668,outer4,xgboost,no_consequence,0.05070119723677635
3671,outer4,xgboost,no_consequence,0.09752129763364792
3672,outer4,xgboost,no_consequence,0.04615921527147293
3673,outer4,xgboost,no_consequence,0.1373497098684311
3674,outer4,xgboost,no_consequence,0.12802182137966156
3681,outer4,xgboost,no_consequence,0.08792296051979065
3692,outer4,xgboost,no_consequence,0.03199120983481407
3693,outer4,xgboost,no_consequence,0.040999654680490494
3702,outer4,xgboost,no_consequence,0.06732634454965591
3704,outer4,xgboost,no_consequence,0.08777308464050293
3708,outer4,xgboost,no_consequence,0.0694793090224266
3709,outer4,xgboost,no_consequence,0.030199144035577774
3716,outer4,xgboost,no_consequence,0.06923481822013855
3718,outer4,xgboost,no_consequence,0.03299614042043686
3722,outer4,xgboost,no_consequence,0.03525305911898613
3727,outer4,xgboost,no_consequence,0.03613550215959549
3733,outer4,xgboost,no_consequence,0.03410152345895767
3737,outer4,xgboost,no_consequence,0.032264791429042816
3744,outer4,xgboost,no_consequence,0.03954750671982765
3745,outer4,xgboost,no_consequence,0.04520734027028084
3746,outer4,xgboost,no_consequence,0.0918821170926094
3757,outer4,xgboost,no_consequence,0.032987453043460846
3769,outer4,xgboost,no_consequence,0.033204399049282074
3782,outer4,xgboost,no_consequence,0.022970428690314293
3807,outer4,xgboost,no_consequence,0.13166071474552155
3818,outer4,xgboost,no_consequence,0.2862319052219391
3819,outer4,xgboost,no_consequence,0.08868017047643661
3821,outer4,xgboost,no_consequence,0.01976683922111988
3823,outer4,xgboost,no_consequence,0.10478930175304413
3833,outer4,xgboost,no_consequence,0.13926896452903748
3838,outer4,xgboost,no_consequence,0.2260613888502121
3843,outer4,xgboost,no_consequence,0.12190518528223038
3848,outer4,xgboost,no_consequence,0.04145602881908417
3849,outer4,xgboost,no_consequence,0.15701141953468323
3850,outer4,xgboost,no_consequence,0.08695793151855469
3854,outer4,xgboost,no_consequence,0.054322499781847
3860,outer4,xgboost,no_consequence,0.09981923550367355
3861,outer4,xgboost,no_consequence,0.25664037466049194
3866,outer4,xgboost,no_consequence,0.07288016378879547
3867,outer4,xgboost,no_consequence,0.032330092042684555
3869,outer4,xgboost,no_consequence,0.2967529296875
3870,outer4,xgboost,no_consequence,0.13011784851551056
3871,outer4,xgboost,no_consequence,0.10149789601564407
3873,outer4,xgboost,no_consequence,0.40976738929748535
3876,outer4,xgboost,no_consequence,0.6315944790840149
3879,outer4,xgboost,no_consequence,0.010248311795294285
3882,outer4,xgboost,no_consequence,0.08517850935459137
3885,outer4,xgboost,no_consequence,0.05274026840925217
3887,outer4,xgboost,no_consequence,0.07770092785358429
3893,outer4,xgboost,no_consequence,0.3580378592014313
3896,outer4,xgboost,no_consequence,0.07049072533845901
3899,outer4,xgboost,no_consequence,0.08927749842405319
3900,outer4,xgboost,no_consequence,0.09590111672878265
3906,outer4,xgboost,no_consequence,0.17101117968559265
3910,outer4,xgboost,no_consequence,0.14082251489162445
3912,outer4,xgboost,no_consequence,0.0471954345703125
3914,outer4,xgboost,no_consequence,0.04894372820854187
3918,outer4,xgboost,no_consequence,0.03150413557887077
3920,outer4,xgboost,no_consequence,0.1997339427471161
3922,outer4,xgboost,no_consequence,0.018301397562026978
3928,outer4,xgboost,no_consequence,0.08667434006929398
3930,outer4,xgboost,no_consequence,0.024780264124274254
3937,outer4,xgboost,no_consequence,0.08454741537570953
3939,outer4,xgboost,no_consequence,0.1698468178510666
3940,outer4,xgboost,no_consequence,0.17300066351890564
3949,outer4,xgboost,no_consequence,0.07894817739725113
3959,outer4,xgboost,no_consequence,0.11943043023347855
3960,outer4,xgboost,no_consequence,0.05090969428420067
3963,outer4,xgboost,no_consequence,0.08749433606863022
3971,outer4,xgboost,no_consequence,0.06152134761214256
3974,outer4,xgboost,no_consequence,0.1273941844701767
3978,outer4,xgboost,no_consequence,0.13503113389015198
3985,outer4,xgboost,no_consequence,0.11320240795612335
3989,outer4,xgboost,no_consequence,0.12041062861680984
3997,outer4,xgboost,no_consequence,0.04463787004351616
4004,outer4,xgboost,no_consequence,0.04146568477153778
4010,outer4,xgboost,no_consequence,0.024192791432142258
4012,outer4,xgboost,no_consequence,0.12643176317214966
4017,outer4,xgboost,no_consequence,0.05335726961493492
4022,outer4,xgboost,no_consequence,0.27992337942123413
4032,outer4,xgboost,no_consequence,0.09612653404474258
4034,outer4,xgboost,no_consequence,0.05903644114732742
4036,outer4,xgboost,no_consequence,0.022535087540745735
4047,outer4,xgboost,no_consequence,0.10093861073255539
4049,outer4,xgboost,no_consequence,0.136972114443779
4052,outer4,xgboost,no_consequence,0.047562744468450546
4054,outer4,xgboost,no_consequence,0.025350231677293777
4066,outer4,xgboost,no_consequence,0.03955024480819702
4069,outer4,xgboost,no_consequence,0.028429822996258736
4070,outer4,xgboost,no_consequence,0.05678863450884819
4071,outer4,xgboost,no_consequence,0.17727918922901154
4072,outer4,xgboost,no_consequence,0.05470763146877289
4074,outer4,xgboost,no_consequence,0.031092436984181404
4080,outer4,xgboost,no_consequence,0.06253471970558167
4081,outer4,xgboost,no_consequence,0.18982863426208496
4084,outer4,xgboost,no_consequence,0.06157584860920906
4089,outer4,xgboost,no_consequence,0.04471055418252945
4095,outer4,xgboost,no_consequence,0.1355155110359192
4104,outer4,xgboost,no_consequence,0.16661179065704346
4106,outer4,xgboost,no_consequence,0.018680350854992867
4108,outer4,xgboost,no_consequence,0.04092911630868912
4113,outer4,xgboost,no_consequence,0.13244670629501343
4114,outer4,xgboost,no_consequence,0.09122747927904129
4115,outer4,xgboost,no_consequence,0.14352275431156158
4128,outer4,xgboost,no_consequence,0.03236906975507736
4129,outer4,xgboost,no_consequence,0.0933060273528099
4135,outer4,xgboost,no_consequence,0.17540574073791504
4138,outer4,xgboost,no_consequence,0.19726258516311646
4139,outer4,xgboost,no_consequence,0.11930327117443085
4146,outer4,xgboost,no_consequence,0.1677655279636383
4151,outer4,xgboost,no_consequence,0.025491472333669662
4154,outer4,xgboost,no_consequence,0.11743363738059998
4164,outer4,xgboost,no_consequence,0.02721860259771347
4165,outer4,xgboost,no_consequence,0.05431800335645676
4179,outer4,xgboost,no_consequence,0.17087401449680328
4182,outer4,xgboost,no_consequence,0.23548687994480133
4195,outer4,xgboost,no_consequence,0.022961724549531937
4230,outer4,xgboost,no_consequence,0.15249712765216827
4232,outer4,xgboost,no_consequence,0.08023001998662949
4235,outer4,xgboost,no_consequence,0.02133912220597267
4236,outer4,xgboost,no_consequence,0.1211879551410675
4238,outer4,xgboost,no_consequence,0.09710674732923508
4250,outer4,xgboost,no_consequence,0.07850668579339981
4251,outer4,xgboost,no_consequence,0.31675514578819275
4254,outer4,xgboost,no_consequence,0.09390995651483536
4257,outer4,xgboost,no_consequence,0.04254447668790817
4260,outer4,xgboost,no_consequence,0.021285852417349815
4265,outer4,xgboost,no_consequence,0.15158765017986298
4273,outer4,xgboost,no_consequence,0.178164541721344
4286,outer4,xgboost,no_consequence,0.15235857665538788
4287,outer4,xgboost,no_consequence,0.0169365257024765
4293,outer4,xgboost,no_consequence,0.12276022881269455
4296,outer4,xgboost,no_consequence,0.03486902639269829
4303,outer4,xgboost,no_consequence,0.06903299689292908
4306,outer4,xgboost,no_consequence,0.18407179415225983
4310,outer4,xgboost,no_consequence,0.026810865849256516
4315,outer4,xgboost,no_consequence,0.15053364634513855
4324,outer4,xgboost,no_consequence,0.1011519655585289
4328,outer4,xgboost,no_consequence,0.03509961813688278
4331,outer4,xgboost,no_consequence,0.03866325318813324
4333,outer4,xgboost,no_consequence,0.03353115916252136
4334,outer4,xgboost,no_consequence,0.32417726516723633
4343,outer4,xgboost,no_consequence,0.12979093194007874
4348,outer4,xgboost,no_consequence,0.09290769696235657
4349,outer4,xgboost,no_consequence,0.08220332860946655
