model,role,rule,tp,fp,fn,tn,sensitivity,sensitivity_low,sensitivity_high,specificity,specificity_low,specificity_high,ppv,ppv_low,ppv_high,npv,npv_low,npv_high,accuracy,accuracy_low,accuracy_high,alert_rate,alert_rate_low,alert_rate_high,severe_sensitivity,severe_sensitivity_low,severe_sensitivity_high,sensitivity_moderato,sensitivity_moderato_low,sensitivity_moderato_high,sensitivity_alto,sensitivity_alto_low,sensitivity_alto_high,sensitivity_molto_alto,sensitivity_molto_alto_low,sensitivity_molto_alto_high,no_information_rate,lr_positive,lr_negative,diagnostic_odds_ratio,f1,f2,mcc,kappa,balanced_accuracy,youden_j,tests_avoided_per_100,missed_per_1000,tests_per_case
lr_penalized,riferimento (fase A),sens80,342,2288,83,1637,0.8047058823529412,0.7643572457286616,0.839595554712427,0.4170700636942675,0.40173291867403627,0.4325693796438479,0.1300380228136882,0.11772115156937141,0.1434340734412775,0.9517441860465117,0.940570948072026,0.9609040640576364,0.4549425287356322,0.4401907647544747,0.4697738024656235,0.6045977011494252,0.5899818426341822,0.6190289834620183,0.9014084507042254,0.8101927775940714,0.9514171762760306,0.7853107344632768,0.7395947320006753,0.8249010664060079,0.92,0.8116175308165716,0.9684504859114069,0.8571428571428571,0.6536393971937906,0.9501898750027473,0.9022988505747126,1.38045043192102,0.46825254231197677,2.9480895610413675,0.22389525368248772,0.394919168591224,0.13467489275956834,0.06693655999095326,0.6108879730236043,0.22177594604720863,39.54022988505747,19.080459770114942,7.690058479532164
lr_penalized,riferimento (fase A),sens85,359,2542,66,1383,0.8447058823529412,0.8072001557169995,0.8760360239325716,0.35235668789808916,0.3375629488371155,0.36743914601761224,0.12375043088590142,0.11226270129063334,0.1362332903335522,0.9544513457556936,0.9424611517774231,0.9640383096772633,0.40045977011494255,0.38599272682380537,0.4151024650450852,0.666896551724138,0.6527484398064939,0.6807501530415095,0.9295774647887324,0.8455098688621009,0.969546397560289,0.827683615819209,0.7848791471110098,0.8634526609600323,0.94,0.8378290831116182,0.979385029651026,0.9047619047619048,0.7108586092608176,0.9734812325619255,0.9022988505747126,1.304276391910029,0.4407298711241546,2.959355553966097,0.2158749248346362,0.39013257987394045,0.1241396113381611,0.054777229269512,0.5985312851255151,0.19706257025103024,33.310344827586206,15.172413793103448,8.080779944289693
lr_penalized,riferimento (fase A),sens90,379,2885,46,1040,0.8917647058823529,0.8586425006799399,0.917868242744317,0.26496815286624203,0.25139646752469774,0.27899944706285423,0.11611519607843138,0.10557321371183587,0.12755971774183053,0.9576427255985267,0.9439640419803357,0.96809522311277,0.32620689655172413,0.3124335450529338,0.34028692851030234,0.7503448275862069,0.7372658503406379,0.7629820389313674,0.9295774647887324,0.8455098688621009,0.969546397560289,0.884180790960452,0.846644948868973,0.9134682054212143,0.94,0.8378290831116182,0.979385029651026,0.9047619047619048,0.7108586092608176,0.9734812325619255,0.9022988505747126,1.213232745437863,0.40848416289592776,2.970085148067213,0.2054757386825698,0.3817485898468977,0.1075187886826512,0.039396507882691986,0.5783664293742975,0.156732858748595,24.96551724137931,10.574712643678161,8.612137203166228
lr_penalized,riferimento (fase A),sens95,404,3395,21,530,0.9505882352941176,0.9256464830084783,0.9674574651341354,0.13503184713375796,0.12469627806656516,0.1460811177563814,0.10634377467754673,0.0969354113697447,0.11654744549183366,0.9618874773139746,0.9424401987273847,0.9749389767254926,0.21471264367816092,0.20276470725125673,0.22716400662701836,0.8733333333333333,0.8631189912779024,0.882888880326998,0.9859154929577465,0.9244394947975099,0.9975093967294557,0.943502824858757,0.9143511321952379,0.963132435625052,0.98,0.8950455641036218,0.9964607407283538,1.0,0.8453609810751531,1.0,0.9022988505747126,1.0989863986831845,0.36592674805771386,3.003296163826353,0.19128787878787878,0.3673395162756865,0.07643275096234078,0.018860698898994725,0.5428100412139378,0.08562008242787567,12.666666666666666,4.827586206896552,9.403465346534654
lr_penalized,riferimento (fase A),youden,230,1010,195,2915,0.5411764705882353,0.49364420229243694,0.5879710410104126,0.7426751592356687,0.7287662116723201,0.7561095513145164,0.18548387096774194,0.16483265502436342,0.20807777944569325,0.9372990353697749,0.9282276474895764,0.9452914561548801,0.7229885057471265,0.7094972005604355,0.7360863188094865,0.2850574712643678,0.2718362469504825,0.2986579895331495,0.647887323943662,0.5318206221160442,0.7487725187834671,0.519774011299435,0.4677966990404141,0.5713267721362867,0.58,0.44233441768578224,0.7062499664528801,0.8095238095238095,0.5999943530979508,0.9233243494723822,0.9022988505747126,2.103086779266161,0.6177984058117244,3.4041634932724025,0.27627627627627627,0.391156462585034,0.18668724669462541,0.1530195920016158,0.641925814911952,0.283851629823904,71.49425287356321,44.827586206896555,5.391304347826087
random_forest,riferimento (fase A),sens80,336,2138,89,1787,0.7905882352941176,0.7493871742379922,0.8265832570706907,0.45528662420382165,0.4397583566773578,0.4709023295124692,0.13581244947453516,0.12287608046003821,0.14987803640034988,0.9525586353944563,0.9419796875878647,0.9612879747102258,0.48804597701149427,0.47320887345433604,0.5029041749918125,0.568735632183908,0.5539639759460699,0.5833859954885758,0.8591549295774648,0.759782507165242,0.9216579778764282,0.7768361581920904,0.7306221295926733,0.8171064668811382,0.86,0.7381380628941446,0.9304916657298371,0.8571428571428571,0.6536393971937906,0.9501898750027473,0.9022988505747126,1.4513839212017827,0.4599558905823103,3.1554850169748043,0.23180407036909279,0.40249161475802586,0.14740497982037018,0.07806618924127434,0.6229374297489696,0.2458748594979392,43.12643678160919,20.45977011494253,7.363095238095238
random_forest,riferimento (fase A),sens85,358,2528,67,1397,0.8423529411764706,0.8046604309465951,0.873912020514242,0.3559235668789809,0.3410923588115945,0.3710365189111813,0.12404712404712405,0.11251814243839778,0.136575612038518,0.9542349726775956,0.9422896886469382,0.9638027180006846,0.40344827586206894,0.38896085994840107,0.4181060698089522,0.663448275862069,0.6492673909932315,0.6773407350603916,0.8732394366197183,0.7763089172134626,0.9318547241043514,0.8361581920903954,0.794030621513802,0.871068388490112,0.88,0.7619518261679702,0.9438239984906772,0.8571428571428571,0.6536393971937906,0.9501898750027473,0.9022988505747126,1.3078462397617274,0.44292391258579294,2.9527559984885707,0.2162488674116581,0.39031836022677713,0.124585315273657,0.05535680662775367,0.5991382540277258,0.1982765080554516,33.6551724137931,15.402298850574713,8.061452513966481
random_forest,riferimento (fase A),sens90,381,2918,44,1007,0.8964705882352941,0.8638675530604891,0.9219706467412363,0.2565605095541401,0.2431401444544437,0.27045692480128086,0.11548954228554108,0.10502757334149429,0.12684594174213432,0.9581351094196003,0.9442658031884879,0.9686675973214123,0.31908045977011495,0.3053936310971646,0.3330865444243523,0.7583908045977011,0.745445817487391,0.7708798276381681,0.8873239436619719,0.7930995148918869,0.9417872827020712,0.8983050847457628,0.8624228260105533,0.9256356648344204,0.9,0.7863976856252034,0.9565242350681095,0.8571428571428571,0.6536393971937906,0.9501898750027473,0.9022988505747126,1.2058420352376729,0.4035282434721654,2.9882469312729767,0.2046186895810956,0.38107621524304863,0.106145472229401,0.03811425691943037,0.5765155488947171,0.15303109778943425,24.160919540229884,10.114942528735632,8.658792650918635
random_forest,riferimento (fase A),sens95,400,3253,25,672,0.9411764705882353,0.914607062591857,0.9598419727958196,0.17121019108280255,0.15974843321527504,0.183314903126444,0.10949904188338352,0.0997800883802122,0.1200384265520505,0.9641319942611191,0.9475872624806188,0.9755887167040413,0.2464367816091954,0.23385812406058543,0.25946288432598785,0.8397701149425287,0.8285702912808105,0.850370370192122,0.9577464788732394,0.8829758395951531,0.9855267393795247,0.9378531073446328,0.9077011062439663,0.958604326954409,0.98,0.8950455641036218,0.9964607407283538,0.9047619047619048,0.7108586092608176,0.9734812325619255,0.9022988505747126,1.1356033344785808,0.34357492997198885,3.305256686135874,0.196174595389897,0.37362226788716607,0.09096783138923437,0.025621401848403585,0.5561933308355189,0.11238666167103784,16.022988505747126,5.747126436781609,9.1325
random_forest,riferimento (fase A),youden,263,1262,162,2663,0.6188235294117647,0.5717798151710162,0.6637384583600646,0.6784713375796179,0.6636911336263925,0.6929025377355801,0.17245901639344263,0.15432742802370525,0.19223660303638856,0.9426548672566372,0.9334649157359513,0.950642601919928,0.6726436781609195,0.6585520632557376,0.6864306409162328,0.3505747126436782,0.336532780036411,0.3648803255404454,0.7183098591549296,0.6045798293119349,0.8096290929682961,0.5988700564971752,0.5470153766428644,0.6486019792406398,0.7,0.562496495355466,0.8089644649911906,0.7619047619047619,0.5490882631704925,0.8937198697736355,0.9022988505747126,1.9246294397315187,0.5618166154933623,3.4257253820117,0.26974358974358975,0.4077519379844961,0.18499396403291637,0.1380205253087494,0.6486474334956913,0.29729486699138263,64.94252873563218,37.241379310344826,5.798479087452471
xgboost,riferimento (fase A),sens80,339,2166,86,1759,0.7976470588235294,0.756863264300032,0.8330983515748537,0.4481528662420382,0.4326531936420574,0.46375392681167354,0.13532934131736526,0.1224906269552161,0.14928480007443784,0.9533875338753387,0.9427903060221517,0.9621006958635067,0.48229885057471267,0.46747187810903923,0.4971570590131422,0.5758620689655173,0.5611150320499515,0.5904752374264136,0.8450704225352113,0.7434903714672241,0.9112269572983023,0.788135593220339,0.7425914077184131,0.8274934579992274,0.84,0.7148578393696501,0.916625793219666,0.8571428571428571,0.6536393971937906,0.9501898750027473,0.9022988505747126,1.445413068274401,0.45152660268200523,3.2011692327514005,0.23139931740614333,0.40309155766944116,0.14767058364622918,0.07724478982691632,0.6228999625327838,0.24579992506556758,42.41379310344828,19.770114942528735,7.389380530973451
xgboost,riferimento (fase A),sens85,361,2594,64,1331,0.8494117647058823,0.8122877546704158,0.8802758813566239,0.3391082802547771,0.3244617422400599,0.35406944481906105,0.122165820642978,0.1108465411757682,0.13446618305177213,0.9541218637992831,0.9418400792676354,0.9639094551135918,0.3889655172413793,0.37458209844869367,0.4035448707722627,0.6793103448275862,0.6652872395622393,0.693017033745533,0.8873239436619719,0.7930995148918869,0.9417872827020712,0.8418079096045198,0.800151376877831,0.8761257677479974,0.9,0.7863976856252034,0.9565242350681095,0.8571428571428571,0.6536393971937906,0.9501898750027473,0.9022988505747126,1.2852510317928252,0.4440712423211209,2.8942451329992287,0.2136094674556213,0.3877551020408163,0.11992396633283803,0.05159027991387264,0.5942600224803297,0.18852004496065944,32.06896551724138,14.71264367816092,8.185595567867036
xgboost,riferimento (fase A),sens90,383,2936,42,989,0.9011764705882352,0.8691105709655115,0.9260550852136825,0.2519745222929936,0.23863947438046593,0.26579458833062547,0.11539620367580597,0.10496839788793882,0.12671327226129472,0.9592628516003879,0.9453938236871128,0.9697221990891701,0.3154022988505747,0.3017615785051864,0.3293687657689916,0.7629885057471264,0.7501228196949278,0.7753901144898049,0.9436619718309859,0.8639039420002305,0.9778754806983033,0.8926553672316384,0.8560917209991357,0.9207886352239234,0.98,0.8950455641036218,0.9964607407283538,0.8571428571428571,0.6536393971937906,0.9501898750027473,0.9022988505747126,1.2047403430036865,0.39219651460179644,3.071777280394445,0.2045940170940171,0.3815501095835824,0.10693039064327622,0.037945823508661145,0.5765754964406145,0.1531509928812289,23.701149425287355,9.655172413793103,8.66579634464752
xgboost,riferimento (fase A),sens95,398,3405,27,520,0.9364705882352942,0.909146811885858,0.95597476712435,0.13248407643312102,0.1222365841238249,0.14345025250765883,0.1046542203523534,0.09532110379840077,0.11478521858794673,0.9506398537477148,0.9291365409838508,0.9658578210154656,0.2110344827586207,0.19916634450287043,0.22341253812806575,0.8742528735632183,0.86406842050598,0.8837769089107549,0.9859154929577465,0.9244394947975099,0.9975093967294557,0.9265536723163842,0.8945608671896218,0.9493882967649244,1.0,0.9286524008666412,1.0,0.9523809523809523,0.7733063992587744,0.9915440121901736,0.9022988505747126,1.0794851861449426,0.4795248868778277,2.2511557078370608,0.18826868495742669,0.3616209340359804,0.06174774763277364,0.015175552880254626,0.5344773323342076,0.06895466466841516,12.574712643678161,6.206896551724138,9.555276381909549
xgboost,riferimento (fase A),youden,285,1601,140,2324,0.6705882352941176,0.6245505847754167,0.7135697089078183,0.5921019108280254,0.5766445647041315,0.6073791500672506,0.1511134676564157,0.1356593375181725,0.16798595301259234,0.9431818181818182,0.9333325766758759,0.9516513400152987,0.5997701149425287,0.5851286047779203,0.614235567806148,0.4335632183908046,0.41890151935890463,0.44834215373603614,0.7464788732394366,0.63446074646439,0.8331944883681289,0.655367231638418,0.6044305036295117,0.7029681984731375,0.72,0.5833487630404344,0.8252582933408878,0.8095238095238095,0.5999943530979508,0.9233243494723822,0.9022988505747126,1.6440092589190576,0.5563430191353651,2.9550281074328533,0.24664647338814366,0.3973786949247072,0.15738628407671015,0.10371904494215801,0.6313450730610715,0.2626901461221429,56.64367816091954,32.18390804597701,6.617543859649123
catboost,già calcolato (fase D),sens80,339,2173,86,1752,0.7976470588235294,0.756863264300032,0.8330983515748537,0.44636942675159236,0.4308774072489207,0.4619663217707863,0.13495222929936307,0.12214690929454106,0.14887233813463072,0.9532100108813928,0.9425737699683582,0.9619557659596242,0.4806896551724138,0.4658658712954532,0.49554751465601743,0.577471264367816,0.5627302179408521,0.5920756027062236,0.8309859154929577,0.7274087200136651,0.9005854524757174,0.7909604519774012,0.7455910565407833,0.8300828764878145,0.82,0.6920394632569922,0.9022980732976582,0.8571428571428571,0.6536393971937906,0.9501898750027473,0.9022988505747126,1.4407568825965726,0.4533306473274242,3.1781590128319,0.23084780388151174,0.4024216524216524,0.14667324230867004,0.07650776496017665,0.6220082427875608,0.24401648557512168,42.252873563218394,19.770114942528735,7.410029498525073
catboost,già calcolato (fase D),sens85,361,2512,64,1413,0.8494117647058823,0.8122877546704158,0.8802758813566239,0.36,0.34512707819941446,0.3751466942297019,0.12565262791507134,0.11403012776719242,0.13827486338732148,0.956668923493568,0.9450469334759121,0.9659216188729064,0.40781609195402296,0.3932999095853272,0.4224949447782412,0.6604597701149425,0.6462511585070682,0.6743852296580922,0.8591549295774648,0.759782507165242,0.9216579778764282,0.847457627118644,0.8062887334868527,0.8811665457608904,0.86,0.7381380628941446,0.9304916657298371,0.8571428571428571,0.6536393971937906,0.9501898750027473,0.9022988505747126,1.3272058823529411,0.41830065359477137,3.172851562499999,0.2189205579138872,0.39470806910124645,0.13129775837313137,0.05868912363231617,0.6047058823529412,0.2094117647058824,33.95402298850575,14.71264367816092,7.958448753462604
catboost,già calcolato (fase D),sens90,379,2913,46,1012,0.8917647058823529,0.8586425006799399,0.917868242744317,0.2578343949044586,0.2443906818412801,0.27175166701017583,0.11512758201701094,0.10467024033120485,0.12648209764966797,0.9565217391304348,0.9424935092415915,0.967246821553989,0.3197701149425287,0.3060747515549679,0.3337835173254251,0.7567816091954023,0.7438093409067612,0.7693007530480871,0.8873239436619719,0.7930995148918869,0.9417872827020712,0.8926553672316384,0.8560917209991357,0.9207886352239234,0.9,0.7863976856252034,0.9565242350681095,0.8571428571428571,0.6536393971937906,0.9501898750027473,0.9022988505747126,1.2015710506653743,0.41978609625668467,2.8623412289735657,0.20392789884315307,0.3796073717948718,0.1035310292407226,0.03732774900435649,0.5747995503934058,0.1495991007868116,24.32183908045977,10.574712643678161,8.686015831134565
catboost,già calcolato (fase D),sens95,400,3407,25,518,0.9411764705882353,0.914607062591857,0.9598419727958196,0.13197452229299364,0.12174480018997964,0.14292392460321152,0.10506960861570791,0.09572379412300476,0.1152116298527414,0.9539594843462247,0.9329181961750267,0.9686228118224146,0.2110344827586207,0.19916634450287043,0.22341253812806575,0.8751724137931034,0.865018021557113,0.8846647656714566,0.971830985915493,0.9029849988335052,0.9922407364173165,0.9350282485875706,0.9043972406375999,0.9563191252498181,0.98,0.8950455641036218,0.9964607407283538,0.9523809523809523,0.7733063992587744,0.9915440121901736,0.9022988505747126,1.084272863827069,0.4457188280717693,2.43263868506017,0.1890359168241966,0.3631741420010895,0.06571177032346436,0.016084227176115868,0.5365754964406144,0.07315099288122884,12.482758620689655,5.747126436781609,9.5175
catboost,già calcolato (fase D),youden,287,1575,138,2350,0.6752941176470588,0.62937693216639,0.7180708178943134,0.5987261146496815,0.5833025192534694,0.6139566494157159,0.15413533834586465,0.13844823861932604,0.17124659428781663,0.9445337620578779,0.9348354491440503,0.952861475622129,0.6062068965517241,0.591599916855226,0.6206264604116853,0.42804597701149427,0.4134120261289893,0.44280690009494306,0.7464788732394366,0.63446074646439,0.8331944883681289,0.6610169491525424,0.6102125938203534,0.7083642429042104,0.72,0.5833487630404344,0.8252582933408878,0.8095238095238095,0.5999943530979508,0.9233243494723822,0.9022988505747126,1.682875816993464,0.5423279098873592,3.1030595813204505,0.2509838216003498,0.40286355979786637,0.1644303190203799,0.10927890505931911,0.6370101161483701,0.2740202322967402,57.195402298850574,31.724137931034484,6.487804878048781
lightgbm,già calcolato (fase D),sens80,336,2072,89,1853,0.7905882352941176,0.7493871742379922,0.8265832570706907,0.4721019108280255,0.4565189539621368,0.487739422891345,0.13953488372093023,0.12626838884831285,0.1539496397244097,0.9541709577754892,0.9439398472465066,0.9626088296786415,0.5032183908045977,0.4883639663149332,0.5180671360264885,0.5535632183908046,0.5387494574988639,0.5682824600405091,0.8732394366197183,0.7763089172134626,0.9318547241043514,0.7740112994350282,0.7276369390934678,0.8145025900693863,0.88,0.7619518261679702,0.9438239984906772,0.8571428571428571,0.6536393971937906,0.9501898750027473,0.9022988505747126,1.4976152623211447,0.44357321989778115,3.3762526571515328,0.2372043769855277,0.4089581304771178,0.15689359832444663,0.08527987933928535,0.6313450730610716,0.26269014612214314,44.64367816091954,20.45977011494253,7.166666666666667
lightgbm,già calcolato (fase D),sens85,360,2420,65,1505,0.8470588235294118,0.809742580235948,0.8781573276023574,0.3834394904458599,0.3683492326466615,0.39875768434391307,0.12949640287769784,0.11752507967538764,0.14249025148766345,0.9585987261146497,0.9475737072912612,0.967385033901779,0.42873563218390803,0.41409811100899174,0.4434989085738167,0.639080459770115,0.6246914645178907,0.6532240295221121,0.9014084507042254,0.8101927775940714,0.9514171762760306,0.8361581920903954,0.794030621513802,0.871068388490112,0.92,0.8116175308165716,0.9684504859114069,0.8571428571428571,0.6536393971937906,0.9501898750027473,0.9022988505747126,1.3738454059309675,0.39886652335352746,3.444373808010172,0.22464898595943839,0.4017857142857143,0.14249834631380878,0.06641476843355283,0.6152491569876358,0.23049831397527165,36.0919540229885,14.942528735632184,7.722222222222222
lightgbm,già calcolato (fase D),sens90,379,2870,46,1055,0.8917647058823529,0.8586425006799399,0.917868242744317,0.26878980891719745,0.25515147611790717,0.2828802772568391,0.11665127731609726,0.10606338910012433,0.12814460058065677,0.9582198001816531,0.944721311273878,0.9685318907529586,0.3296551724137931,0.31584127144538565,0.3437696689122307,0.7468965517241379,0.7337619742847398,0.7595954481928852,0.9014084507042254,0.8101927775940714,0.9514171762760306,0.8898305084745762,0.8529363658220593,0.9183549230900426,0.92,0.8116175308165716,0.9684504859114069,0.8571428571428571,0.6536393971937906,0.9501898750027473,0.9022988505747126,1.2195736831317892,0.40267633119598567,3.0286698985002256,0.20631464344039194,0.38290563750252576,0.10963981722061943,0.04051738809780451,0.5802772573997752,0.1605545147995504,25.310344827586206,10.574712643678161,8.572559366754618
lightgbm,già calcolato (fase D),sens95,403,3326,22,599,0.9482352941176471,0.9228702989021562,0.9655699210517232,0.15261146496815287,0.14170122484711412,0.16420102939692616,0.10807186913381604,0.09850726192430428,0.11844314107420534,0.964573268921095,0.9469441257079505,0.9764901180584784,0.2303448275862069,0.21807360175858842,0.24309189492087707,0.8572413793103448,0.8465302288277983,0.8673221310699941,0.9577464788732394,0.8829758395951531,0.9855267393795247,0.9463276836158192,0.9176991749468257,0.9653734601844213,0.96,0.8653990931249297,0.9889611156723802,0.9523809523809523,0.7733063992587744,0.9915440121901736,0.9022988505747126,1.1190088783559125,0.3391927722675046,3.2990351500574,0.19402985074626866,0.3711549088229877,0.08559221188974082,0.022580158051039398,0.5504233795429,0.10084675908579999,14.275862068965518,5.057471264367816,9.253101736972704
lightgbm,già calcolato (fase D),youden,240,1144,185,2781,0.5647058823529412,0.5171979009712896,0.6110546242189029,0.7085350318471337,0.6941198158773753,0.7225424539438591,0.17341040462427745,0.1543751950572878,0.1942535735571288,0.9376264329062711,0.9283444217453354,0.9457763136527271,0.6944827586206896,0.6806277475121878,0.7079945796908576,0.3181609195402299,0.3044855246894716,0.3321571930202106,0.704225352112676,0.5898146180172533,0.7976711479868338,0.536723163841808,0.4846622203159317,0.5879956547265128,0.66,0.521538260502326,0.7756305077749992,0.8095238095238095,0.5999943530979508,0.9233243494723822,0.9022988505747126,1.9374742904154667,0.6143579330329759,3.153657153657153,0.26533996683250416,0.38910505836575876,0.17418325693571202,0.13620708976130877,0.6366204571000375,0.2732409142000749,68.183908045977,42.52873563218391,5.766666666666667
ebm,già calcolato (fase D),sens80,340,2211,85,1714,0.8,0.7593592358943103,0.8352661081693097,0.43668789808917197,0.42124095839718484,0.45225864569496327,0.13328106624852998,0.12064172169239455,0.14702320775350258,0.952751528627015,0.9419455755727503,0.9616280537277374,0.472183908045977,0.45737953869306575,0.48703736249893365,0.5864367816091954,0.5717320358229598,0.6009889984895047,0.8591549295774648,0.759782507165242,0.9216579778764282,0.788135593220339,0.7425914077184131,0.8274934579992274,0.86,0.7381380628941446,0.9304916657298371,0.8571428571428571,0.6536393971937906,0.9501898750027473,0.9022988505747126,1.420171867933062,0.45799299883313876,3.1008593396653104,0.22849462365591397,0.39990590449306046,0.14269854255825465,0.07327008281333357,0.618343949044586,0.236687898089172,41.35632183908046,19.54022988505747,7.502941176470588
ebm,già calcolato (fase D),sens85,357,2486,68,1439,0.84,0.8021233575909041,0.8717853656811987,0.36662420382165606,0.3516859959190631,0.38182323040785665,0.12557157931762222,0.11389399750645068,0.13825965038866617,0.9548772395487723,0.9431902529910627,0.9642510883857824,0.4128735632183908,0.3983255618981457,0.42757531043051367,0.6535632183908046,0.6392929965947617,0.6675624579816383,0.8732394366197183,0.7763089172134626,0.9318547241043514,0.8333333333333334,0.7909762550745523,0.8685336876184044,0.88,0.7619518261679702,0.9438239984906772,0.8571428571428571,0.6536393971937906,0.9501898750027473,0.9022988505747126,1.326226870474658,0.43641417651146636,3.0389179404666127,0.21848225214198286,0.3929121725731895,0.1289289461163063,0.058423204864716,0.6033121019108281,0.20662420382165614,34.64367816091954,15.632183908045977,7.96358543417367
ebm,già calcolato (fase D),sens90,380,2885,45,1040,0.8941176470588236,0.8612528464113727,0.9199216252016185,0.26496815286624203,0.25139646752469774,0.27899944706285423,0.11638591117917305,0.10583406859443988,0.12783938068207124,0.9585253456221198,0.9449547590903943,0.9688605552875759,0.3264367816091954,0.3126607002586502,0.3405191377575446,0.7505747126436781,0.7374994805840925,0.7632077731408712,0.9154929577464789,0.8276396178569572,0.9606934922892889,0.8898305084745762,0.8529363658220593,0.9183549230900426,0.94,0.8378290831116182,0.979385029651026,0.8571428571428571,0.6536393971937906,0.9501898750027473,0.9022988505747126,1.2164338872464062,0.3996040723981899,3.0440978239938388,0.20596205962059622,0.3826787512588117,0.10916646560013603,0.03997740325769703,0.5795428999625328,0.15908579992506566,24.942528735632184,10.344827586206897,8.592105263157896
ebm,già calcolato (fase D),sens95,403,3498,22,427,0.9482352941176471,0.9228702989021562,0.9655699210517232,0.10878980891719746,0.09942837117373819,0.11891626497714107,0.10330684439887208,0.09414287365820603,0.11325132335620369,0.9510022271714922,0.9269298908692544,0.967422850274888,0.19080459770114944,0.17940255009273065,0.20275226067784147,0.8967816091954023,0.8873875491192283,0.9054754966874575,0.9436619718309859,0.8639039420002305,0.9778754806983033,0.9491525423728814,0.9210640216917928,0.9675976807504115,0.98,0.8950455641036218,0.9964607407283538,0.8571428571428571,0.6536393971937906,0.9501898750027473,0.9022988505747126,1.0639861433424143,0.4758231161316985,2.2360959509330014,0.18631530282015718,0.359757186216747,0.05565052023141175,0.012272412069215777,0.5285125515174223,0.05702510303484454,10.32183908045977,5.057471264367816,9.679900744416873
ebm,già calcolato (fase D),youden,238,1154,187,2771,0.56,0.5124786977480207,0.6064463710647034,0.7059872611464968,0.691538287187995,0.7200334234417763,0.17097701149425287,0.1521110748228919,0.19165393931137678,0.9367816091954023,0.9274327057400574,0.9449975157711447,0.6917241379310345,0.6778372852697212,0.7052726684978199,0.32,0.30630179943898944,0.33401583389436224,0.7323943661971831,0.6194601134214526,0.8214719651349223,0.5254237288135594,0.47341196657430146,0.576889639224314,0.7,0.562496495355466,0.8089644649911906,0.8095238095238095,0.5999943530979508,0.9233243494723822,0.9022988505747126,1.904679376083189,0.6232407073258751,3.056089491098157,0.2619702806824436,0.3848641655886158,0.1692997943949301,0.13203883495145644,0.6329936305732484,0.26598726114649685,68.0,42.98850574712644,5.848739495798319
tabpfn,già calcolato (fase D),sens80,340,2044,85,1881,0.8,0.7593592358943103,0.8352661081693097,0.47923566878980894,0.46363487936407577,0.49487706322550196,0.14261744966442952,0.12915509153005322,0.1572296918041089,0.95676500508647,0.9468486075203494,0.9648998948567052,0.5105747126436782,0.49571680921000644,0.525413955626093,0.5480459770114943,0.5332203600021673,0.5627868106661974,0.8732394366197183,0.7763089172134626,0.9318547241043514,0.7853107344632768,0.7395947320006753,0.8249010664060079,0.86,0.7381380628941446,0.9304916657298371,0.9047619047619048,0.7108586092608176,0.9734812325619255,0.9022988505747126,1.5362035225048924,0.4173312068048909,3.6810176125244634,0.24207903168387326,0.41625857002938293,0.16658669280089677,0.09139829780971767,0.6396178343949045,0.279235668789809,45.195402298850574,19.54022988505747,7.011764705882353
tabpfn,già calcolato (fase D),sens85,360,2379,65,1546,0.8470588235294118,0.809742580235948,0.8781573276023574,0.39388535031847133,0.3787103431280076,0.4092678665475647,0.13143483023001096,0.11929591532295064,0.1446061255671252,0.9596523898199876,0.948899560253616,0.9682183350731258,0.4381609195402299,0.42347751495510333,0.4529534471990111,0.6296551724137931,0.6151964504062007,0.6438851010624961,0.9295774647887324,0.8455098688621009,0.969546397560289,0.8305084745762712,0.7879257890158922,0.8659950863661072,0.92,0.8116175308165716,0.9684504859114069,0.9523809523809523,0.7733063992587744,0.9915440121901736,0.9022988505747126,1.3975224389882057,0.38828856251426835,3.599185177999806,0.22756005056890014,0.4054967334985357,0.14814497960797465,0.07029579589427427,0.6204720869239415,0.24094417384788303,37.03448275862069,14.942528735632184,7.608333333333333
tabpfn,già calcolato (fase D),sens90,382,2825,43,1100,0.8988235294117647,0.8664867492715458,0.9240151787189139,0.2802547770700637,0.2664242848196476,0.29451498491668154,0.11911443716869348,0.10835667289560795,0.13078358633809264,0.9623797025371829,0.9497101695777875,0.9719516624656072,0.3406896551724138,0.32675166953243506,0.354908764567198,0.7372413793103448,0.7239567841917294,0.7501073312616309,0.9436619718309859,0.8639039420002305,0.9778754806983033,0.8898305084745762,0.8529363658220593,0.9183549230900426,0.94,0.8378290831116182,0.979385029651026,0.9523809523809523,0.7733063992587744,0.9915440121901736,0.9022988505747126,1.2488079125455491,0.3610160427807487,3.459147972833916,0.21035242290748898,0.3892398614224577,0.12080493585413579,0.045700189317881924,0.5895391532409142,0.17907830648182843,26.275862068965516,9.885057471264368,8.395287958115183
tabpfn,già calcolato (fase D),sens95,403,3324,22,601,0.9482352941176471,0.9228702989021562,0.9655699210517232,0.15312101910828024,0.14219493286052381,0.164725433221809,0.10812986316071908,0.09856039229616051,0.11850631175957338,0.9646869983948636,0.9471125752235836,0.9765659592008933,0.23080459770114942,0.21852423970995724,0.24355998587542563,0.8567816091954022,0.8460569549718934,0.8668766760199816,0.971830985915493,0.9029849988335052,0.9922407364173165,0.943502824858757,0.9143511321952379,0.963132435625052,0.98,0.8950455641036218,0.9964607407283538,0.9523809523809523,0.7733063992587744,0.9915440121901736,0.9022988505747126,1.1196821688964393,0.33806401096212196,3.3120418991357616,0.1941233140655106,0.3712916896996499,0.08590953746794716,0.022704916656874755,0.5506781566129637,0.10135631322592742,14.32183908045977,5.057471264367816,9.248138957816376
tabpfn,già calcolato (fase D),youden,253,1016,172,2909,0.5952941176470589,0.5479773544614708,0.6409036371822674,0.7411464968152867,0.7272126482181366,0.7546087792538222,0.19936958234830576,0.17830956539876527,0.22224421550421505,0.9441739694904252,0.9355002960504322,0.9517414103827824,0.7268965517241379,0.7134602172266945,0.739932497843525,0.29172413793103447,0.2784046185898873,0.3054111870295464,0.7183098591549296,0.6045798293119349,0.8096290929682961,0.5706214689265536,0.5185719564668043,0.6211547263071271,0.68,0.5418970269185592,0.7924178373934316,0.8095238095238095,0.5999943530979508,0.9233243494723822,0.9022988505747126,2.299733672996758,0.546053828888035,4.211551226881525,0.2987012987012987,0.4260693836308521,0.2197586876160535,0.17844282818647897,0.6682203072311728,0.3364406144623455,70.82758620689656,39.54022988505747,5.015810276679842
extra_trees,zoo nuovo,sens80,336,2141,89,1784,0.7905882352941176,0.7493871742379922,0.8265832570706907,0.45452229299363056,0.4389969350599163,0.4701365833724718,0.13564796124343964,0.12272621142283573,0.1496980728528574,0.9524826481580352,0.9418873275371709,0.9612257148745451,0.48735632183908045,0.4725203303756408,0.5022146247116317,0.5694252873563218,0.5546558777634634,0.5840721870300587,0.8450704225352113,0.7434903714672241,0.9112269572983023,0.7796610169491526,0.7336101329665052,0.8197075308182635,0.84,0.7148578393696501,0.916625793219666,0.8571428571428571,0.6536393971937906,0.9501898750027473,0.9022988505747126,1.4493502211720746,0.4607293590081774,3.1457735280688945,0.2315644383184011,0.4022025377064879,0.1469753048260717,0.07774582273667198,0.6225552641438741,0.24511052828774815,43.05747126436781,20.45977011494253,7.372023809523809
extra_trees,zoo nuovo,sens85,362,2475,63,1450,0.851764705882353,0.8148357311181423,0.8823916330976317,0.36942675159235666,0.3544618465280145,0.3846469949095144,0.12759957701797672,0.11582387362729638,0.14038241925144793,0.9583608724388631,0.947080312228832,0.9673197998819998,0.416551724137931,0.4019815809521342,0.4312691226238641,0.652183908045977,0.6379017587025225,0.6661975091561253,0.8873239436619719,0.7930995148918869,0.9417872827020712,0.844632768361582,0.8032179352887202,0.8786482766480656,0.9,0.7863976856252034,0.9565242350681095,0.8571428571428571,0.6536393971937906,0.9501898750027473,0.9022988505747126,1.3507783719548425,0.4012576064908721,3.3663620330287003,0.22194972409564684,0.3989420321798545,0.13789023569687425,0.062653620019952,0.6105957287373548,0.22119145747470959,34.7816091954023,14.482758620689655,7.837016574585635
extra_trees,zoo nuovo,sens90,385,2813,40,1112,0.9058823529411765,0.8743726744795237,0.9301204380771386,0.283312101910828,0.2694322982612559,0.29761564250482864,0.12038774233896185,0.10956240631339442,0.13212396972151277,0.9652777777777778,0.9530644522588159,0.9743983860215852,0.34413793103448276,0.3301629185995189,0.35838798229449437,0.7351724137931035,0.7218567370920301,0.7480730982847019,0.9577464788732394,0.8829758395951531,0.9855267393795247,0.8954802259887006,0.8592537962498642,0.9232156272841522,0.98,0.8950455641036218,0.9964607407283538,0.9047619047619048,0.7108586092608176,0.9734812325619255,0.9022988505747126,1.2639844419815562,0.3322048243757935,3.8048346960540345,0.21253105161468397,0.3930175581870151,0.1273084497513813,0.048398412789694624,0.5945972274260023,0.1891944548520046,26.482758620689655,9.195402298850574,8.306493506493506
extra_trees,zoo nuovo,sens95,402,3273,23,652,0.9458823529411765,0.9201054312917546,0.9636710604733906,0.16611464968152867,0.1547986750631722,0.17808354289562117,0.10938775510204081,0.09970133695410578,0.11988993053140835,0.965925925925926,0.9493896314864406,0.9771890148630612,0.24229885057471265,0.22979688873197862,0.2552555595013384,0.8448275862068966,0.8337642185833147,0.8552824608547089,0.971830985915493,0.9029849988335052,0.9922407364173165,0.940677966101695,0.9110187740699306,0.960875726439402,0.98,0.8950455641036218,0.9964607407283538,0.9523809523809523,0.7733063992587744,0.9915440121901736,0.9022988505747126,1.1343074351647167,0.32578491519307085,3.4817678236958542,0.19609756097560976,0.373953488372093,0.09184174721560326,0.02539892939077239,0.5559985013113526,0.11199700262270529,15.517241379310345,5.287356321839081,9.14179104477612
extra_trees,zoo nuovo,youden,248,1161,177,2764,0.5835294117647059,0.5361174840724956,0.6294448666275712,0.704203821656051,0.6897315362065046,0.7182767829892429,0.1760113555713272,0.15701488328719532,0.19676965191317625,0.939816388983339,0.9306338271184601,0.9478514958353953,0.6924137931034483,0.6785348469204528,0.7059532002059643,0.3239080459770115,0.31016220257936383,0.33796462645428543,0.6901408450704225,0.5751598742905824,0.7856027354373607,0.5621468926553672,0.5100720061393688,0.6128874747016909,0.66,0.521538260502326,0.7756305077749992,0.7619047619047619,0.5490882631704925,0.8937198697736355,0.9022988505747126,1.9727415514009223,0.591406316506342,3.3356788663581467,0.27044711014176664,0.39884207140559663,0.18255818650651512,0.1415803252092474,0.6438666167103784,0.28773323342075674,67.60919540229885,40.689655172413794,5.681451612903226
hist_gb,zoo nuovo,sens80,337,2150,88,1775,0.7929411764705883,0.7518772582582621,0.828756901239155,0.45222929936305734,0.43671289200953217,0.4678391231505394,0.1355046240450342,0.12261395352981946,0.14951956842529635,0.95276435856146,0.9421644410195458,0.9615009409704698,0.48551724137931035,0.47068435365688166,0.5003756858067213,0.5717241379310345,0.5569624271762853,0.5863592821468236,0.8450704225352113,0.7434903714672241,0.9112269572983023,0.7824858757062146,0.7366009873136065,0.8223057437821196,0.84,0.7148578393696501,0.916625793219666,0.8571428571428571,0.6536393971937906,0.9501898750027473,0.9022988505747126,1.4475786593707252,0.4578624689312344,3.161601479915434,0.23145604395604397,0.40243611177454025,0.14710862811876796,0.0775069291450501,0.6225852379168229,0.2451704758336457,42.827586206896555,20.229885057471265,7.379821958456973
hist_gb,zoo nuovo,sens85,363,2453,62,1472,0.8541176470588235,0.8173865637121029,0.8845045286924054,0.375031847133758,0.36001518173340585,0.3902928899253413,0.12890625,0.11703329960902814,0.1417902794747145,0.9595827900912647,0.9485252936492938,0.9683442522408723,0.4218390804597701,0.40723857524177165,0.43657751075227624,0.6473563218390804,0.6330334524713669,0.6614191618751485,0.8732394366197183,0.7763089172134626,0.9318547241043514,0.8502824858757062,0.8093638660380048,0.8836804805206954,0.88,0.7619518261679702,0.9438239984906772,0.8571428571428571,0.6536393971937906,0.9501898750027473,0.9022988505747126,1.3666578739118964,0.38898657289002553,3.513380587299291,0.2240049367479173,0.40190434012400356,0.14239809963093034,0.0653153634208334,0.6145747470962908,0.22914949419258157,35.264367816091955,14.25287356321839,7.757575757575758
hist_gb,zoo nuovo,sens90,380,2952,45,973,0.8941176470588236,0.8612528464113727,0.9199216252016185,0.24789808917197453,0.23464056197921543,0.26164860602553547,0.11404561824729892,0.1036941754791595,0.12528596888619403,0.9557956777996071,0.9413633110867801,0.9668010543236853,0.31103448275862067,0.2974498159555273,0.3249526037124358,0.7659770114942529,0.7531639617621253,0.7783207103110703,0.9154929577464789,0.8276396178569572,0.9606934922892889,0.8898305084745762,0.8529363658220593,0.9183549230900426,0.92,0.8116175308165716,0.9684504859114069,0.9047619047619048,0.7108586092608176,0.9734812325619255,0.9022988505747126,1.188825123545353,0.42712048848316286,2.783348389039447,0.2022890604205483,0.37758346581875996,0.09959198299770157,0.035068371481968,0.571007868115399,0.1420157362307981,23.402298850574713,10.344827586206897,8.76842105263158
hist_gb,zoo nuovo,sens95,403,3388,22,537,0.9482352941176471,0.9228702989021562,0.9655699210517232,0.1368152866242038,0.1264188200566465,0.14792196720032408,0.10630440517013981,0.09688816907492502,0.11651770508572172,0.960644007155635,0.9411317259902371,0.9738683898133585,0.2160919540229885,0.20411446828406957,0.2285704323119576,0.8714942528735632,0.8612206419353154,0.8811123140459154,0.971830985915493,0.9029849988335052,0.9922407364173165,0.943502824858757,0.9143511321952379,0.963132435625052,0.98,0.8950455641036218,0.9964607407283538,0.9523809523809523,0.7733063992587744,0.9915440121901736,0.9022988505747126,1.0985311479963886,0.37835469383284037,2.903442631748417,0.19117647058823528,0.36696412311054455,0.07545860685204862,0.018769948237940093,0.5425252903709255,0.0850505807418509,12.850574712643677,5.057471264367816,9.40694789081886
hist_gb,zoo nuovo,youden,285,1553,140,2372,0.6705882352941176,0.6245505847754167,0.7135697089078183,0.6043312101910828,0.5889384450336005,0.6195199538568031,0.15505984766050054,0.13923318053088166,0.1723253719561044,0.9442675159235668,0.934599399051698,0.9525789214161803,0.6108045977011495,0.5962238948801192,0.6251897714459657,0.4225287356321839,0.40792439729377633,0.43726978205914774,0.7464788732394366,0.63446074646439,0.8331944883681289,0.655367231638418,0.6044305036295117,0.7029681984731375,0.72,0.5833487630404344,0.8252582933408878,0.8095238095238095,0.5999943530979508,0.9233243494723822,0.9022988505747126,1.694822165827052,0.545084813014582,3.109281574832121,0.25187803800265135,0.40276992651215376,0.16524836978935287,0.11074953965043624,0.6374597227426002,0.2749194454852004,57.747126436781606,32.18390804597701,6.4491228070175435
svm_rbf,zoo nuovo,sens80,340,2746,85,1179,0.8,0.7593592358943103,0.8352661081693097,0.30038216560509556,0.28624148863164356,0.3149131987172421,0.1101749837977965,0.09960888261435599,0.12171038827202055,0.932753164556962,0.9175938481469705,0.9452900656016809,0.3491954022988506,0.3351675703031681,0.3634893485559362,0.7094252873563218,0.6957529049481063,0.7227281116972534,0.8732394366197183,0.7763089172134626,0.9318547241043514,0.7853107344632768,0.7395947320006753,0.8249010664060079,0.84,0.7148578393696501,0.916625793219666,0.9523809523809523,0.7733063992587744,0.9915440121901736,0.9022988505747126,1.1434814275309542,0.665818490245971,1.7174071376547713,0.1936770150954144,0.355202674467196,0.065644653226805,0.026474831518409486,0.5501910828025478,0.10038216560509561,29.057471264367816,19.54022988505747,9.076470588235294
svm_rbf,zoo nuovo,sens85,360,3187,65,738,0.8470588235294118,0.809742580235948,0.8781573276023574,0.18802547770700637,0.17610883935178548,0.20055218765358843,0.10149422046800113,0.09198337621924692,0.11186730740465568,0.9190535491905355,0.898132770929986,0.9359840095632705,0.2524137931034483,0.23972714736165848,0.26553733680184066,0.8154022988505747,0.8035964523551964,0.8266515771041159,0.9295774647887324,0.8455098688621009,0.969546397560289,0.8305084745762712,0.7879257890158922,0.8659950863661072,0.9,0.7863976856252034,0.9565242350681095,1.0,0.8453609810751531,1.0,0.9022988505747126,1.0432086232673177,0.8134066634783995,1.2825179213632305,0.18126888217522658,0.34305317324185247,0.026849658106512853,0.008206404571188233,0.5175421506182091,0.03508430123641815,18.45977011494253,14.942528735632184,9.852777777777778
svm_rbf,zoo nuovo,sens90,380,3449,45,476,0.8941176470588236,0.8612528464113727,0.9199216252016185,0.12127388535031847,0.11142981227319614,0.13185856391585107,0.09924262209454165,0.09017032479283234,0.10911823619442966,0.9136276391554703,0.8863773572658368,0.9348230124009317,0.1967816091954023,0.18523690278018254,0.2088613837673153,0.8802298850574712,0.8702439728266314,0.8895448323670294,0.9577464788732394,0.8829758395951531,0.9855267393795247,0.8813559322033898,0.8435084856302797,0.9110156013489503,0.94,0.8378290831116182,0.979385029651026,1.0,0.8453609810751531,1.0,0.9022988505747126,1.0175157334606793,0.8730845279288183,1.1654263715730813,0.17865538316878232,0.3436426116838488,0.014074553035307469,0.003367157915444002,0.507695766204571,0.015391532409142039,11.977011494252874,10.344827586206897,10.076315789473684
svm_rbf,zoo nuovo,sens95,402,3695,23,230,0.9458823529411765,0.9201054312917546,0.9636710604733906,0.05859872611464968,0.05167339225371538,0.06638722782534572,0.09812057603124237,0.08938455142810219,0.10760952086968677,0.9090909090909091,0.8672859906085744,0.9386586608135725,0.1452873563218391,0.13512832053505214,0.15607232854970088,0.9418390804597702,0.9344862214611857,0.948412257125402,0.971830985915493,0.9029849988335052,0.9922407364173165,0.940677966101695,0.9110187740699306,0.960875726439402,0.96,0.8653990931249297,0.9889611156723802,1.0,0.8453609810751531,1.0,0.9022988505747126,1.0047600095518587,0.9235294117647053,1.0879566982408668,0.17779743476337903,0.3467310677936864,0.0056846490606083,0.0009235093354747997,0.5022405395279131,0.004481079055826287,5.816091954022989,5.287356321839081,10.191542288557214
svm_rbf,zoo nuovo,youden,162,751,263,3174,0.3811764705882353,0.3362615416399353,0.4282201848289838,0.8086624203821656,0.7960570769034531,0.8206641691422712,0.1774370208105148,0.15402255489499173,0.20355448927836717,0.9234797788769276,0.9141122803664369,0.9319017062813842,0.766896551724138,0.7540998728116298,0.7792222570734005,0.20988505747126437,0.19804215762523344,0.2222399027409093,0.4788732394366197,0.366775239111811,0.5931400264739731,0.3615819209039548,0.31326524146326473,0.41287046029982954,0.42,0.2937500335471198,0.5576655823142176,0.6190476190476191,0.4087865377511576,0.7924898863143551,0.9022988505747126,1.9921673063366494,0.7652433374105787,2.603312187045916,0.242152466367713,0.3099885189437428,0.13841218635996672,0.1255588045794716,0.5949194454852005,0.18983889097040096,79.01149425287356,60.45977011494253,5.635802469135802
knn,zoo nuovo,sens80,338,2457,87,1468,0.7952941176470588,0.7543692801366816,0.8309286075494698,0.37401273885350317,0.359005323033597,0.38926652494856506,0.12093023255813953,0.10936011595715783,0.13354090892159637,0.9440514469453376,0.9314960259125877,0.9544183127044801,0.41517241379310343,0.400610475462163,0.42988404139608316,0.6425287356321839,0.6281667313923074,0.6566392294420758,0.8169014084507042,0.7115182772560875,0.8897527389571509,0.7909604519774012,0.7455910565407833,0.8300828764878145,0.82,0.6920394632569922,0.9022980732976582,0.8095238095238095,0.5999943530979508,0.9233243494723822,0.9022988505747126,1.2704637410519763,0.54732328898862,2.321230918932068,0.20993788819875778,0.3759733036707453,0.10488967483437404,0.048563138097796874,0.584653428250281,0.169306856500562,35.747126436781606,20.0,8.26923076923077
knn,zoo nuovo,sens85,363,2803,62,1122,0.8541176470588235,0.8173865637121029,0.8845045286924054,0.28585987261146495,0.27193958573548555,0.30019891422206185,0.11465571699305117,0.10402155931728295,0.12622385462598218,0.9476351351351351,0.933437004210336,0.9589379774243204,0.3413793103448276,0.3274338532521381,0.35560467420637104,0.727816091954023,0.7143928772269525,0.7408372956551017,0.8591549295774648,0.759782507165242,0.9216579778764282,0.8531073446327684,0.8124434318929511,0.8861899819767064,0.86,0.7381380628941446,0.9304916657298371,0.8571428571428571,0.6536393971937906,0.9501898750027473,0.9022988505747126,1.1960084783110532,0.5103281954493027,2.3436065045515746,0.202172096908939,0.37299630086313196,0.09337729370169298,0.03611825441327178,0.5699887598351443,0.1399775196702886,27.2183908045977,14.25287356321839,8.721763085399449
knn,zoo nuovo,sens90,376,3132,49,793,0.8847058823529412,0.8508364408083169,0.9116831180497371,0.20203821656050955,0.18977097124759656,0.21488813131082302,0.10718358038768529,0.09737306413282881,0.11785346806789077,0.9418052256532067,0.9238945889402572,0.9557028725477554,0.26873563218390806,0.2557703478823403,0.2821090124412252,0.8064367816091954,0.7944276108780116,0.817905204915912,0.8732394366197183,0.7763089172134626,0.9318547241043514,0.8870056497175142,0.8497875107103543,0.9159147108907904,0.88,0.7619518261679702,0.9438239984906772,0.8571428571428571,0.6536393971937906,0.9501898750027473,0.9022988505747126,1.1087070843663136,0.5706549959201838,1.9428675684833328,0.19120264429188916,0.36098310291858676,0.06518811116195179,0.020485957491992193,0.5433720494567253,0.0867440989134507,19.35632183908046,11.264367816091953,9.329787234042554
knn,zoo nuovo,sens95,401,3515,24,410,0.9435294117647058,0.917351218148074,0.9617615454283369,0.10445859872611465,0.09527372003507442,0.11441696549031799,0.10240040858018386,0.09329119280609811,0.11228892243232173,0.9447004608294931,0.9190371521072758,0.9625604952230462,0.1864367816091954,0.17514173692389243,0.19828514924046473,0.9002298850574713,0.8909677315595448,0.9087857810415212,0.9154929577464789,0.8276396178569572,0.9606934922892889,0.9491525423728814,0.9210640216917928,0.9675976807504115,0.94,0.8378290831116182,0.979385029651026,0.8571428571428571,0.6536393971937906,0.9501898750027473,0.9022988505747126,1.0535854740189106,0.5406025824964136,1.9489094357515397,0.18475005759041696,0.35701566951566954,0.04754237073767299,0.010292675870714751,0.5239940052454103,0.047988010490820576,9.977011494252874,5.517241379310345,9.765586034912719
knn,zoo nuovo,youden,238,1241,187,2684,0.56,0.5124786977480207,0.6064463710647034,0.6838216560509555,0.6691011829976046,0.69818266266644,0.16091954022988506,0.14307453420267432,0.18052139438858097,0.9348659003831418,0.9252458411725644,0.9433237950202813,0.6717241379310345,0.6576233249739709,0.6855219213861647,0.34,0.3260695189559445,0.3542128217848125,0.6197183098591549,0.5034185628665777,0.7237282654806456,0.5480225988700564,0.49593886173465196,0.5990752825516213,0.62,0.4815044693099298,0.7413721068980641,0.6190476190476191,0.4087865377511576,0.7924898863143551,0.9022988505747126,1.7711522965350528,0.6434426229508196,2.752618855761484,0.25,0.37433155080213903,0.15282200350682046,0.1157894736842105,0.6219108280254777,0.2438216560509554,66.0,42.98850574712644,6.214285714285714
naive_bayes,zoo nuovo,sens80,342,2383,83,1542,0.8047058823529412,0.7643572457286616,0.839595554712427,0.3928662420382166,0.37769917982992995,0.40824280616905717,0.1255045871559633,0.11359070274622345,0.13847284480701336,0.9489230769230769,0.9371205944816353,0.9586080794780382,0.43310344827586206,0.41844399059707627,0.44788095359194713,0.6264367816091954,0.6119555956580363,0.6406948534692392,0.8591549295774648,0.759782507165242,0.9216579778764282,0.7937853107344632,0.7485937219878216,0.8326692783517335,0.86,0.7381380628941446,0.9304916657298371,0.8571428571428571,0.6536393971937906,0.9501898750027473,0.9022988505747126,1.3254177877613487,0.4971007858396277,2.666295901187629,0.21714285714285714,0.3864406779661017,0.1212634805106939,0.05788999890218465,0.5987860621955788,0.19757212439115768,37.35632183908046,19.080459770114942,7.9678362573099415
naive_bayes,zoo nuovo,sens85,357,2646,68,1279,0.84,0.8021233575909041,0.8717853656811987,0.325859872611465,0.31137345722718995,0.3406868220363242,0.11888111888111888,0.10778956401230576,0.13094648797170436,0.949517446176689,0.9364940579319475,0.9599842016687182,0.3760919540229885,0.36181224602502604,0.3905903138302441,0.6903448275862069,0.6764422693865384,0.7039114976632506,0.8732394366197183,0.7763089172134626,0.9318547241043514,0.8333333333333334,0.7909762550745523,0.8685336876184044,0.88,0.7619518261679702,0.9438239984906772,0.8571428571428571,0.6536393971937906,0.9501898750027473,0.9022988505747126,1.246031746031746,0.49100860046911654,2.5376984126984126,0.20828471411901983,0.37954497129491815,0.10651092567100806,0.04477213423144611,0.5829299363057325,0.16585987261146506,30.96551724137931,15.632183908045977,8.411764705882353
naive_bayes,zoo nuovo,sens90,383,2976,42,949,0.9011764705882352,0.8691105709655115,0.9260550852136825,0.24178343949044587,0.22864522301555668,0.25542660292968333,0.11402203036618042,0.10371151243202935,0.1252143730870185,0.9576185671039354,0.9432088472071056,0.9684942105596832,0.3062068965517241,0.29268584413004,0.3200699220257907,0.772183908045977,0.7594829818779917,0.7844045304250883,0.9436619718309859,0.8639039420002305,0.9778754806983033,0.8926553672316384,0.8560917209991357,0.9207886352239234,0.96,0.8653990931249297,0.9889611156723802,0.9047619047619048,0.7108586092608176,0.9734812325619255,0.9022988505747126,1.188547596457938,0.4087274530465507,2.9079221070148473,0.20243128964059195,0.3785333069776636,0.10120144945755842,0.035056320170522355,0.5714799550393406,0.14295991007868114,22.7816091954023,9.655172413793103,8.77023498694517
naive_bayes,zoo nuovo,sens95,402,3522,23,403,0.9458823529411765,0.9201054312917546,0.9636710604733906,0.10267515923566879,0.09356445053339156,0.11256284355797684,0.10244648318042814,0.09334423734900893,0.1123263497380887,0.9460093896713615,0.9202899035207734,0.9637569751645951,0.1850574712643678,0.17379671134538677,0.19687398810121826,0.9020689655172414,0.8928784899257277,0.9105499382990078,0.9577464788732394,0.8829758395951531,0.9855267393795247,0.943502824858757,0.9143511321952379,0.963132435625052,0.96,0.8653990931249297,0.9889611156723802,0.9523809523809523,0.7733063992587744,0.9915440121901736,0.9022988505747126,1.0541136386411465,0.5270763392205514,1.9999259314124893,0.1848700850770292,0.35739687055476527,0.04850666589284859,0.010396111084372127,0.5242787560884227,0.04855751217684534,9.793103448275861,5.287356321839081,9.761194029850746
naive_bayes,zoo nuovo,youden,236,1086,189,2839,0.5552941176470588,0.5077637395284769,0.6018338729067787,0.7233121019108281,0.7091034675904246,0.7370840455412941,0.17851739788199697,0.15881479277767224,0.20008291377311277,0.9375825627476883,0.9283993183957312,0.9456569394901214,0.7068965517241379,0.693192040293553,0.7202359673692611,0.3039080459770115,0.29041790522731087,0.3177442163989331,0.6197183098591549,0.5034185628665777,0.7237282654806456,0.5423728813559322,0.49029723407252757,0.5935387755918313,0.6,0.4618143774758936,0.7239161026974346,0.6666666666666666,0.45373451974255247,0.8280524739491653,0.9022988505747126,2.0069331600043334,0.6148188052959824,3.264267687840432,0.2701774470520893,0.39046988749172734,0.17985041318233355,0.14353549781878536,0.6393031097789434,0.2786062195578869,69.60919540229885,43.44827586206897,5.601694915254237
lda,zoo nuovo,sens80,341,2215,84,1710,0.8023529411764706,0.7618572208133016,0.8374318514390526,0.4356687898089172,0.4202269436270206,0.4512364367885424,0.1334115805946792,0.12077843417294713,0.14714497821551295,0.9531772575250836,0.9423957145089303,0.9620221873157309,0.4714942528735632,0.45669164660064515,0.4863471612324782,0.5875862068965517,0.5728864751579987,0.6021313814192593,0.9014084507042254,0.8101927775940714,0.9514171762760306,0.7824858757062146,0.7366009873136065,0.8223057437821196,0.9,0.7863976856252034,0.9565242350681095,0.9047619047619048,0.7108586092608176,0.9734812325619255,0.9022988505747126,1.4217766564865224,0.4536635706914344,3.1339890357949054,0.22878228782287824,0.4006109022556391,0.1435619209027222,0.07356353783089004,0.6190108654926939,0.2380217309853878,41.241379310344826,19.310344827586206,7.495601173020527
lda,zoo nuovo,sens85,359,2576,66,1349,0.8447058823529412,0.8072001557169995,0.8760360239325716,0.3436942675159236,0.3289953315142572,0.35869886208949686,0.12231686541737649,0.110954256091681,0.1346668394778488,0.953356890459364,0.9410885765350434,0.9631703116048607,0.39264367816091955,0.3782325854480404,0.4072442150202549,0.674712643678161,0.6606419465430233,0.6884750377055755,0.9295774647887324,0.8455098688621009,0.969546397560289,0.827683615819209,0.7848791471110098,0.8634526609600323,0.94,0.8378290831116182,0.979385029651026,0.9047619047619048,0.7108586092608176,0.9734812325619255,0.9022988505747126,1.2870615637559373,0.45183796276108656,2.8485024938829295,0.21369047619047618,0.38727076591154264,0.11940245788223032,0.05185521295245952,0.5942000749344324,0.18840014986886477,32.52873563218391,15.172413793103448,8.175487465181059
lda,zoo nuovo,sens90,378,3020,47,905,0.8894117647058823,0.8560363939636891,0.9158106212718334,0.23057324840764332,0.21766349760085255,0.24400986790195092,0.11124190700412007,0.10110563148995533,0.12225617652449164,0.9506302521008403,0.9349664835665118,0.9626719187879854,0.2949425287356322,0.28157681733235174,0.3086700906285036,0.7811494252873563,0.7686173219282768,0.7931854040401918,0.9577464788732394,0.8829758395951531,0.9855267393795247,0.8757062146892656,0.8372531311867744,0.9060928211705412,0.94,0.8378290831116182,0.979385029651026,1.0,0.8453609810751531,1.0,0.9022988505747126,1.1559407869107907,0.4796230094247644,2.4101028603635335,0.19775045775568925,0.37073362102785407,0.08616108066621972,0.029130205395964864,0.5599925065567628,0.11998501311352561,21.885057471264368,10.804597701149426,8.989417989417989
lda,zoo nuovo,sens95,404,3400,21,525,0.9505882352941176,0.9256464830084783,0.9674574651341354,0.1337579617834395,0.12346627069803333,0.1447658455291818,0.10620399579390116,0.0968073636090404,0.11639517320879368,0.9615384615384616,0.9419196169686577,0.9747082435076777,0.2135632183908046,0.20164006196949888,0.22599182964398276,0.8744827586206897,0.8643058045973742,0.8839988892723194,0.9859154929577465,0.9244394947975099,0.9975093967294557,0.943502824858757,0.9143511321952379,0.963132435625052,0.98,0.8950455641036218,0.9964607407283538,1.0,0.8453609810751531,1.0,0.9022988505747126,1.0973702422145328,0.36941176470588255,2.970588235294116,0.1910617167179002,0.36700581395348836,0.07558980524299205,0.01855863876935255,0.5421730985387786,0.0843461970775572,12.551724137931034,4.827586206896552,9.415841584158416
lda,zoo nuovo,youden,262,1321,163,2604,0.6164705882352941,0.5693945353705326,0.6614600099718139,0.6634394904458599,0.6485031215159693,0.6780562506163725,0.1655085281111813,0.14801503589180934,0.18462150816028164,0.9410914347668956,0.9316916823370006,0.94926814025744,0.6588505747126436,0.64462729199377,0.6727935450006796,0.3639080459770115,0.34973645471352977,0.37831978913493025,0.7605633802816901,0.649587791439064,0.8447905996695988,0.5875706214689266,0.5356174860763969,0.6376436005632782,0.74,0.6044684273515115,0.8412847250644762,0.8095238095238095,0.5999943530979508,0.9233243494723822,0.9022988505747126,1.8316783185643677,0.578092527333514,3.168486413434701,0.26095617529880477,0.39902528175449287,0.1727379633914056,0.12637953784213538,0.6399550393405771,0.27991007868115414,63.60919540229885,37.47126436781609,6.041984732824427
qda,zoo nuovo,sens80,333,2279,92,1646,0.7835294117647059,0.741928315285501,0.8200509314569793,0.41936305732484075,0.4040117942253113,0.4348720073648895,0.1274885145482389,0.11524289900247302,0.14082822356574265,0.9470655926352128,0.9355186650163899,0.9566406024821165,0.4549425287356322,0.4401907647544747,0.4697738024656235,0.6004597701149426,0.5858218342528757,0.6149204316900686,0.8591549295774648,0.759782507165242,0.9216579778764282,0.768361581920904,0.7216748503503587,0.809286544190581,0.84,0.7148578393696501,0.916625793219666,0.9047619047619048,0.7108586092608176,0.9734812325619255,0.9022988505747126,1.3494308649304392,0.5161889786291186,2.614218669515616,0.2192953572604544,0.38613172541743973,0.12298970236250366,0.061588153674680936,0.6014462345447733,0.2028924690895466,39.95402298850575,21.149425287356323,7.843843843843844
qda,zoo nuovo,sens85,360,2518,65,1407,0.8470588235294118,0.809742580235948,0.8781573276023574,0.35847133757961785,0.34361392045821987,0.37360551645601875,0.1250868658790827,0.11349810924540651,0.13767513160209807,0.9558423913043478,0.9441074218570265,0.9652043419365974,0.40620689655172415,0.3917011732780774,0.42087812991478013,0.6616091954022989,0.647411173872162,0.6755220365577919,0.9295774647887324,0.8455098688621009,0.969546397560289,0.8305084745762712,0.7879257890158922,0.8659950863661072,0.94,0.8378290831116182,0.979385029651026,0.9047619047619048,0.7108586092608176,0.9734812325619255,0.9022988505747126,1.3203756482736064,0.42664827124879806,3.0947638540966573,0.21798365122615804,0.3931847968545216,0.1289705519385901,0.057516723635372316,0.6027650805545148,0.20553016110902966,33.839080459770116,14.942528735632184,7.9944444444444445
qda,zoo nuovo,sens90,382,2957,43,968,0.8988235294117647,0.8664867492715458,0.9240151787189139,0.24662420382165606,0.23339123104087867,0.2603526573681408,0.11440551063192572,0.10404928527616672,0.12564795531375267,0.9574678536102869,0.9432003750114581,0.9682720446065822,0.3103448275862069,0.29676914133090426,0.32425518497818273,0.7675862068965518,0.7548018605207402,0.7798983627231663,0.9577464788732394,0.8829758395951531,0.9855267393795247,0.8870056497175142,0.8497875107103543,0.9159147108907904,0.98,0.8950455641036218,0.9964607407283538,0.9047619047619048,0.7108586092608176,0.9734812325619255,0.9022988505747126,1.1930613300443613,0.41024550315994174,2.9081643085779896,0.20297555791710944,0.37904346100416747,0.10224391379876757,0.035850833933617814,0.5727238666167104,0.14544773323342075,23.24137931034483,9.885057471264368,8.74083769633508
qda,zoo nuovo,sens95,403,3356,22,569,0.9482352941176471,0.9228702989021562,0.9655699210517232,0.14496815286624204,0.13430093291698725,0.15632964375266445,0.10720936419260442,0.09771712599383883,0.11750359687831352,0.9627749576988156,0.9442821721019311,0.9752905844514831,0.22344827586206897,0.2113165775218076,0.2360679855688974,0.8641379310344828,0.8536338116646516,0.8739994818219015,0.971830985915493,0.9029849988335052,0.9922407364173165,0.943502824858757,0.9143511321952379,0.963132435625052,0.98,0.8950455641036218,0.9964607407283538,0.9523809523809523,0.7733063992587744,0.9915440121901736,0.9022988505747126,1.1090058192526118,0.3570763982218546,3.1057942355618167,0.19263862332695986,0.3691152225682359,0.08076372970034502,0.02072274703853652,0.5466017234919446,0.09320344698388916,13.586206896551724,5.057471264367816,9.327543424317618
qda,zoo nuovo,youden,236,1146,189,2779,0.5552941176470588,0.5077637395284769,0.6018338729067787,0.7080254777070064,0.6936034670716278,0.722040690911314,0.170767004341534,0.15184645925295237,0.1915127726361121,0.9363207547169812,0.9269596299093009,0.9445538865041153,0.6931034482758621,0.6792324444661987,0.7066336960190948,0.3177011494252874,0.3040314947554874,0.3316924940482774,0.5915492957746479,0.4753878184942342,0.6983126973007014,0.5480225988700564,0.49593886173465196,0.5990752825516213,0.58,0.44233441768578224,0.7062499664528801,0.6190476190476191,0.4087865377511576,0.7924898863143551,0.9022988505747126,1.901858125449133,0.628093050822344,3.027987848232177,0.2612064194798008,0.38286826735885787,0.16792351051196447,0.1313988707325283,0.6316597976770326,0.26331959535406524,68.22988505747126,43.44827586206897,5.8559322033898304
mlp,zoo nuovo,sens80,336,2642,89,1283,0.7905882352941176,0.7493871742379922,0.8265832570706907,0.32687898089171974,0.31237978098546776,0.3417167219546315,0.11282740094022835,0.10195945500187709,0.12469292345421515,0.935131195335277,0.9208454698323051,0.9469870790018028,0.372183908045977,0.3579378142350274,0.38665554991994516,0.6845977011494253,0.6706312342310083,0.6982384214948136,0.8732394366197183,0.7763089172134626,0.9318547241043514,0.7740112994350282,0.7276369390934678,0.8145025900693863,0.9,0.7863976856252034,0.9565242350681095,0.8095238095238095,0.5999943530979508,0.9233243494723822,0.9022988505747126,1.174511288239747,0.6406400440144883,1.8333404213695783,0.197472818101675,0.3591278324070115,0.0750570636027288,0.03193513557561061,0.5587336080929186,0.11746721618583722,31.54022988505747,20.45977011494253,8.863095238095237
mlp,zoo nuovo,sens85,360,2968,65,957,0.8470588235294118,0.809742580235948,0.8781573276023574,0.2438216560509554,0.23064326087596965,0.25750101242244067,0.10817307692307693,0.09806872597347022,0.11918094444659169,0.9363992172211351,0.9197421114312642,0.9497879629580493,0.3027586206896552,0.2892840866952855,0.3165812126661651,0.7650574712643678,0.7522281333303487,0.7774190809310122,0.9154929577464789,0.8276396178569572,0.9606934922892889,0.8333333333333334,0.7909762550745523,0.8685336876184044,0.94,0.8378290831116182,0.979385029651026,0.8571428571428571,0.6536393971937906,0.9501898750027473,0.9022988505747126,1.120183922625654,0.6272665806134367,1.7858179556292761,0.19184652278177458,0.35799522673031026,0.06364551412176017,0.022464667419934463,0.5454402397901836,0.09088047958036727,23.49425287356322,14.942528735632184,9.244444444444444
mlp,zoo nuovo,sens90,382,3342,43,583,0.8988235294117647,0.8664867492715458,0.9240151787189139,0.14853503184713376,0.13775314351722445,0.16000421602047527,0.10257787325456498,0.09323912360721227,0.11273569246331917,0.9313099041533547,0.9087522019477149,0.9486064117756307,0.2218390804597701,0.20974063482607702,0.23442837709391723,0.8560919540229885,0.8453471124633913,0.8662084251696076,0.9577464788732394,0.8829758395951531,0.9855267393795247,0.8870056497175142,0.8497875107103543,0.9159147108907904,0.98,0.8950455641036218,0.9964607407283538,0.9047619047619048,0.7108586092608176,0.9734812325619255,0.9022988505747126,1.0556200936388918,0.6811623448693372,1.5497334836402095,0.1841407568088696,0.3521386430678466,0.04006090840583719,0.01061631754884009,0.5236792806294492,0.04735856125889848,14.39080459770115,9.885057471264368,9.74869109947644
mlp,zoo nuovo,sens95,403,3578,22,347,0.9482352941176471,0.9228702989021562,0.9655699210517232,0.08840764331210191,0.07992406862731324,0.09769609399186321,0.10123084652097462,0.09224205086367442,0.11098848344731045,0.940379403794038,0.9113830193908125,0.9603011571167633,0.1724137931034483,0.16147880663337222,0.18392684790050529,0.9151724137931034,0.9065217826277567,0.9230904194156238,0.9859154929577465,0.9244394947975099,0.9975093967294557,0.940677966101695,0.9110187740699306,0.960875726439402,0.98,0.8950455641036218,0.9964607407283538,1.0,0.8453609810751531,1.0,0.9022988505747126,1.0401966264426397,0.5855229699949144,1.776525738096448,0.18293236495687698,0.35469107551487417,0.039047686214796366,0.007746043815045405,0.5183214687148745,0.036642937429749,8.482758620689655,5.057471264367816,9.878411910669975
mlp,zoo nuovo,youden,166,739,259,3186,0.3905882352941176,0.3453820902357444,0.43775454898811184,0.8117197452229299,0.7991869359697786,0.8236429811057012,0.18342541436464088,0.15956672479918357,0.20996027637490403,0.9248185776487663,0.9155324354075577,0.9331583597329257,0.7705747126436782,0.7578443500299171,0.782827611102452,0.20804597701149424,0.196243760701653,0.2203633840408203,0.5211267605633803,0.4068599735260269,0.633224760888189,0.3644067796610169,0.31597731539788204,0.41574745367616944,0.46,0.3296965219222435,0.5960112860084252,0.6666666666666666,0.45373451974255247,0.8280524739491653,0.9022988505747126,2.074504497333439,0.7507662198589417,2.7631830554699293,0.24962406015037594,0.31861804222648754,0.1479818347883815,0.13455270371293293,0.6011539902585238,0.20230798051704757,79.19540229885058,59.54022988505747,5.451807228915663
adaboost,zoo nuovo,sens80,338,2174,87,1751,0.7952941176470588,0.7543692801366816,0.8309286075494698,0.44611464968152864,0.4306237399786965,0.4617109331218642,0.13455414012738853,0.12176602732346516,0.14845825745295757,0.9526659412404788,0.9419780536791591,0.9614656124577932,0.4802298850574713,0.46540704049737663,0.4950876165481766,0.577471264367816,0.5627302179408521,0.5920756027062236,0.8591549295774648,0.759782507165242,0.9216579778764282,0.7824858757062146,0.7366009873136065,0.8223057437821196,0.86,0.7381380628941446,0.9304916657298371,0.8571428571428571,0.6536393971937906,0.9501898750027473,0.9022988505747126,1.435846095567942,0.45886384251016227,3.1291332254755786,0.23016683690840994,0.4012345679012346,0.1451057970217453,0.07569015341963675,0.6207043836642937,0.2414087673285874,42.252873563218394,20.0,7.431952662721893
adaboost,zoo nuovo,sens85,359,2528,66,1397,0.8447058823529412,0.8072001557169995,0.8760360239325716,0.3559235668789809,0.3410923588115945,0.3710365189111813,0.12435053688950468,0.11281048828284118,0.13688893975676017,0.9548872180451128,0.9430079177834207,0.9643839424589895,0.40367816091954023,0.38918920115104905,0.41833709305926303,0.6636781609195402,0.6494994348341275,0.6775680556724543,0.9154929577464789,0.8276396178569572,0.9606934922892889,0.8305084745762712,0.7879257890158922,0.8659950863661072,0.94,0.8378290831116182,0.979385029651026,0.8571428571428571,0.6536393971937906,0.9501898750027473,0.9022988505747126,1.3114994415487713,0.4363131079203334,3.005867616033756,0.21678743961352656,0.3913233049923697,0.1260849996268641,0.05599732290381274,0.600314724615961,0.20062944923192205,33.632183908045974,15.172413793103448,8.041782729805014
adaboost,zoo nuovo,sens90,383,2923,42,1002,0.9011764705882352,0.8691105709655115,0.9260550852136825,0.25528662420382164,0.24188975913742228,0.2691620305225708,0.11584996975196613,0.1053834721827431,0.1272081695616294,0.9597701149425287,0.9460681908754918,0.9701009413140704,0.31839080459770114,0.3047125454772845,0.33238953668535637,0.76,0.7470825389016957,0.772458657394574,0.9436619718309859,0.8639039420002305,0.9778754806983033,0.8926553672316384,0.8560917209991357,0.9207886352239234,0.96,0.8653990931249297,0.9889611156723802,0.9047619047619048,0.7108586092608176,0.9734812325619255,0.9022988505747126,1.2100984081624437,0.387108136667841,3.125995796881871,0.2053068882337175,0.3825409508589692,0.1087738593584788,0.03889789303079416,0.5782315473960284,0.1564630947920569,24.0,9.655172413793103,8.631853785900784
adaboost,zoo nuovo,sens95,403,3321,22,604,0.9482352941176471,0.9228702989021562,0.9655699210517232,0.15388535031847134,0.1429355761346008,0.16551195770517088,0.10821697099892588,0.09864019541782387,0.11860119420846355,0.9648562300319489,0.9473632536301635,0.9766788078272199,0.2314942528735632,0.2192002359145594,0.24426208302969948,0.8560919540229885,0.8453471124633913,0.8662084251696076,0.971830985915493,0.9029849988335052,0.9922407364173165,0.943502824858757,0.9143511321952379,0.963132435625052,0.98,0.8950455641036218,0.9964607407283538,0.9523809523809523,0.7733063992587744,0.9915440121901736,0.9022988505747126,1.120693625236906,0.3363848850798597,3.3315813966220476,0.19426367799469751,0.3714970501474926,0.08638450312575145,0.02289227461322671,0.5510603222180592,0.10212064443611846,14.39080459770115,5.057471264367816,9.240694789081886
adaboost,zoo nuovo,youden,265,1373,160,2552,0.6235294117647059,0.576553775768281,0.6682919541402683,0.6501910828025478,0.6351309636398098,0.6649575006969252,0.1617826617826618,0.14474385001080545,0.1804041452189795,0.9410029498525073,0.9314957541672347,0.9492625803191544,0.6475862068965518,0.6332652405158173,0.6616467382836567,0.37655172413793103,0.3622681271868399,0.39105316157434766,0.7323943661971831,0.6194601134214526,0.8214719651349223,0.6016949152542372,0.5498691737514811,0.6513372494429801,0.68,0.5418970269185592,0.7924178373934316,0.8571428571428571,0.6536393971937906,0.9501898750027473,0.9022988505747126,1.782485754680605,0.5790153051816338,3.0784777858703567,0.2569074163839069,0.3969442780107849,0.16773350425951328,0.12044712632307851,0.6368602472836269,0.2737204945672538,62.3448275862069,36.7816091954023,6.181132075471698
spline_lr,zoo nuovo,sens80,343,2188,82,1737,0.8070588235294117,0.7668593381216057,0.8417571905082172,0.44254777070063694,0.427072831858929,0.45813505837358365,0.13551955748715921,0.12273595981872472,0.14940786851428467,0.9549202858713579,0.9443888362254759,0.9635343361335286,0.4781609195402299,0.46334245756005327,0.4930179194088719,0.5818390804597701,0.5671150981599578,0.5964186470933333,0.8873239436619719,0.7930995148918869,0.9417872827020712,0.7909604519774012,0.7455910565407833,0.8300828764878145,0.88,0.7619518261679702,0.9438239984906772,0.9047619047619048,0.7108586092608176,0.9734812325619255,0.9022988505747126,1.4477632003441228,0.43597819093094936,3.320723904222587,0.23207036535859268,0.4053415268258095,0.15024773303919947,0.07777440519274326,0.6248032971150244,0.24960659423004872,41.81609195402299,18.850574712643677,7.3790087463556855
spline_lr,zoo nuovo,sens85,356,2621,69,1304,0.8376470588235294,0.7995888890579336,0.869656106025435,0.33222929936305734,0.3176642654499495,0.3471224117922218,0.11958347329526368,0.10841522321495195,0.13173222129351964,0.9497450837581938,0.9368824324383249,0.9600981110280338,0.3816091954022989,0.36728372775170653,0.39614357897457203,0.6843678160919541,0.6703988438591203,0.698011447413743,0.9154929577464789,0.8276396178569572,0.9606934922892889,0.8220338983050848,0.7787970460330975,0.8583566274160301,0.92,0.8116175308165716,0.9684504859114069,0.9047619047619048,0.7108586092608176,0.9734812325619255,0.9022988505747126,1.2543932490966627,0.4886773727896066,2.56691494008814,0.20928865373309818,0.380585845627539,0.1085231901050294,0.046196482790944134,0.5849381790932934,0.16987635818658675,31.563218390804597,15.862068965517242,8.362359550561798
spline_lr,zoo nuovo,sens90,380,3085,45,840,0.8941176470588236,0.8612528464113727,0.9199216252016185,0.2140127388535032,0.20146472975777135,0.2271200010005236,0.10966810966810966,0.09969285841611582,0.12050788234658776,0.9491525423728814,0.9326391175715099,0.9617836077757054,0.28045977011494255,0.2673084187283721,0.2939985286960862,0.7965517241379311,0.7843295613078036,0.8082505830088966,0.9436619718309859,0.8639039420002305,0.9778754806983033,0.884180790960452,0.846644948868973,0.9134682054212143,0.94,0.8378290831116182,0.979385029651026,0.9523809523809523,0.7733063992587744,0.9915440121901736,0.9022988505747126,1.1375726952045,0.49474789915966366,2.2992976769313893,0.1953727506426735,0.36786060019361083,0.07975148779055503,0.025811644754494236,0.5540651929561634,0.10813038591232682,20.344827586206897,10.344827586206897,9.118421052631579
spline_lr,zoo nuovo,sens95,402,3427,23,498,0.9458823529411765,0.9201054312917546,0.9636710604733906,0.12687898089171976,0.11682987547347717,0.13765773093678835,0.10498824758422565,0.09567159294151086,0.11509670193840686,0.9558541266794626,0.9346295106532327,0.9704056995363612,0.20689655172413793,0.19511995280352745,0.2191903696741524,0.8802298850574712,0.8702439728266314,0.8895448323670294,1.0,0.9486720478031097,1.0,0.9350282485875706,0.9043972406375999,0.9563191252498181,1.0,0.9286524008666412,1.0,1.0,0.8453609810751531,1.0,0.9022988505747126,1.0833347637274928,0.4265296480037795,2.5398815036601943,0.18899858956276447,0.36353771025501896,0.06653549657879042,0.015917771839805892,0.5363806669164481,0.07276133383289629,11.977011494252874,5.287356321839081,9.524875621890548
spline_lr,zoo nuovo,youden,230,911,195,3014,0.5411764705882353,0.49364420229243694,0.5879710410104126,0.7678980891719746,0.7544325461465577,0.7808397528357609,0.20157756354075373,0.179318585541854,0.2258392249540195,0.939233406045497,0.9304307459500533,0.9469857204804885,0.7457471264367816,0.7325942547388882,0.7584663454739433,0.26229885057471264,0.2494406674335571,0.27557648820716524,0.6901408450704225,0.5751598742905824,0.7856027354373607,0.5112994350282486,0.459386092975832,0.5629701762679971,0.64,0.5014101687611269,0.7586125034815326,0.8095238095238095,0.5999943530979508,0.9233243494723822,0.9022988505747126,2.331632982501453,0.5975057574456458,3.902277013144192,0.2937420178799489,0.40478704681450195,0.20861708567200038,0.17649878043561992,0.6545372798801049,0.3090745597602098,73.77011494252874,44.827586206896555,4.960869565217391
lr_interactions,zoo nuovo,sens80,341,2429,84,1496,0.8023529411764706,0.7618572208133016,0.8374318514390526,0.3811464968152866,0.36607583085343726,0.39644958286482074,0.12310469314079422,0.11138855605453513,0.1358647455499053,0.9468354430379747,0.934649215799646,0.9568541554098409,0.42229885057471267,0.40769578668906836,0.437039028210897,0.6367816091954023,0.6223750626350586,0.6509467868753573,0.8450704225352113,0.7434903714672241,0.9112269572983023,0.7937853107344632,0.7485937219878216,0.8326692783517335,0.86,0.7381380628941446,0.9304916657298371,0.8095238095238095,0.5999943530979508,0.9233243494723822,0.9022988505747126,1.296515147845882,0.5185592953759044,2.500225450410712,0.2134585289514867,0.3814317673378076,0.11328713820143513,0.053033026529507386,0.5917497189958786,0.18349943799175716,36.32183908045977,19.310344827586206,8.12316715542522
lr_interactions,zoo nuovo,sens85,358,2747,67,1178,0.8423529411764706,0.8046604309465951,0.873912020514242,0.30012738853503185,0.28599042861951535,0.314655202810224,0.11529790660225443,0.10453635376675692,0.12701017839180428,0.9461847389558233,0.9322221121330465,0.9574024211917358,0.35310344827586204,0.339036001723214,0.36743011283618776,0.7137931034482758,0.7001774125144168,0.7270315287371579,0.8732394366197183,0.7763089172134626,0.9318547241043514,0.8361581920903954,0.794030621513802,0.871068388490112,0.9,0.7863976856252034,0.9565242350681095,0.8095238095238095,0.5999943530979508,0.9233243494723822,0.9022988505747126,1.2035803764534574,0.5252671527014879,2.2913680595928265,0.2028328611898017,0.372528616024974,0.09359523284147732,0.03738130345030957,0.5712401648557512,0.14248032971150248,28.620689655172413,15.402298850574713,8.6731843575419
lr_interactions,zoo nuovo,sens90,382,3099,43,826,0.8988235294117647,0.8664867492715458,0.9240151787189139,0.21044585987261147,0.19797973982664602,0.22347820806360097,0.10973858086756678,0.09978231166063192,0.12055524684641691,0.950517836593786,0.9340115969414103,0.9630585319888997,0.27770114942528734,0.26459255033879336,0.2912020236501608,0.8002298850574713,0.7880856445458769,0.8118443310181623,0.9436619718309859,0.8639039420002305,0.9778754806983033,0.8898305084745762,0.8529363658220593,0.9183549230900426,0.96,0.8653990931249297,0.9889611156723802,0.9047619047619048,0.7108586092608176,0.9734812325619255,0.9022988505747126,1.1383937892678853,0.4807719698048712,2.367845591601191,0.19559651817716334,0.36865469986489097,0.08114297219393948,0.025979440218069097,0.5546346946421881,0.10926938928437613,19.977011494252874,9.885057471264368,9.112565445026178
lr_interactions,zoo nuovo,sens95,401,3573,24,352,0.9435294117647058,0.917351218148074,0.9617615454283369,0.08968152866242038,0.0811393462705437,0.09902609594436418,0.10090588827377957,0.09192316654783603,0.11065943186964866,0.9361702127659575,0.9067833927205825,0.9567347735647725,0.17310344827586208,0.1621501420529425,0.18463360583981106,0.9135632183908046,0.9048433541038878,0.9215532967687818,0.9436619718309859,0.8639039420002305,0.9778754806983033,0.943502824858757,0.9143511321952379,0.963132435625052,0.96,0.8653990931249297,0.9889611156723802,0.9047619047619048,0.7108586092608176,0.9734812325619255,0.9022988505747126,1.0364827711101232,0.6296791443850273,1.6460490717417655,0.18231416230961583,0.35336623193514277,0.03509034315735342,0.007031460709809463,0.5166054702135631,0.033210940427126134,8.64367816091954,5.517241379310345,9.910224438902743
lr_interactions,zoo nuovo,youden,257,1424,168,2501,0.6047058823529412,0.5574849868433215,0.6500509175553538,0.6371974522292994,0.6220282413918607,0.6520983710684138,0.15288518738845924,0.1364744711876873,0.17087875549701076,0.9370550768077932,0.9271983979104191,0.9456554678887749,0.6340229885057471,0.6195958454969029,0.648213630578009,0.3864367816091954,0.372072890857066,0.4010010693813449,0.704225352112676,0.5898146180172533,0.7976711479868338,0.5847457627118644,0.5327723099858358,0.634899709342882,0.7,0.562496495355466,0.8089644649911906,0.7142857142857143,0.5004361928391441,0.8618613704787788,0.9022988505747126,1.6667630535360212,0.6203636192581791,2.6867517723381487,0.24406457739791074,0.3800650695060633,0.147502033281854,0.10437453522583973,0.6209516672911203,0.24190333458224056,61.35632183908046,38.62068965517241,6.5408560311284045
combinato_lgbm,ACR + eGFR continui,sens80,338,2028,87,1897,0.7952941176470588,0.7543692801366816,0.8309286075494698,0.483312101910828,0.46770255409448885,0.4989542832014295,0.14285714285714285,0.12933563259279982,0.15753649393291472,0.9561491935483871,0.9462232615217913,0.9643121295016962,0.5137931034482759,0.4989346885520292,0.5286271786254917,0.5439080459770115,0.5290747395231818,0.5586638709919265,0.8450704225352113,0.7434903714672241,0.9112269572983023,0.7853107344632768,0.7395947320006753,0.8249010664060079,0.84,0.7148578393696501,0.916625793219666,0.8571428571428571,0.6536393971937906,0.9501898750027473,0.9022988505747126,1.5392156862745097,0.423548016992775,3.634099616858237,0.24220709423145825,0.41564190850959176,0.1660836569269267,0.0917594215059602,0.6393031097789434,0.2786062195578869,45.60919540229885,20.0,7.0
combinato_lgbm,ACR + eGFR continui,sens85,357,2474,68,1451,0.84,0.8021233575909041,0.8717853656811987,0.3696815286624204,0.3547142236718263,0.38490367368484885,0.12610385022960086,0.11437982818878009,0.13884119642517453,0.9552337063857801,0.9436359926679431,0.9645347115043817,0.41563218390804596,0.4010674975254984,0.4303457482386651,0.6508045977011494,0.6365106514440638,0.6648324296968319,0.8873239436619719,0.7930995148918869,0.9417872827020712,0.8305084745762712,0.7879257890158922,0.8659950863661072,0.9,0.7863976856252034,0.9565242350681095,0.8571428571428571,0.6536393971937906,0.9501898750027473,0.9022988505747126,1.3326596604688763,0.43280496209510694,3.0791228779304762,0.21928746928746928,0.39395276980798943,0.13059472887057594,0.059499457781368933,0.6048407643312101,0.2096815286624203,34.91954022988506,15.632183908045977,7.9299719887955185
combinato_lgbm,ACR + eGFR continui,sens90,382,2965,43,960,0.8988235294117647,0.8664867492715458,0.9240151787189139,0.2445859872611465,0.23139263086162246,0.25827881019422666,0.1141320585599044,0.10379921328632916,0.12534963432609433,0.9571286141575274,0.9427512532166877,0.9680177580972436,0.3085057471264368,0.29495418337000584,0.32239522731541176,0.7694252873563219,0.7566740569796976,0.7817010818878781,0.9154929577464789,0.8276396178569572,0.9606934922892889,0.8954802259887006,0.8592537962498642,0.9232156272841522,0.92,0.8116175308165716,0.9684504859114069,0.9047619047619048,0.7108586092608176,0.9734812325619255,0.9022988505747126,1.18984227755183,0.4136642156862746,2.8763480920820417,0.20254506892895016,0.378442639191599,0.1010913380670837,0.035275468637679025,0.5717047583364556,0.14340951667291124,23.057471264367816,9.885057471264368,8.761780104712042
combinato_lgbm,ACR + eGFR continui,sens95,403,3407,22,518,0.9482352941176471,0.9228702989021562,0.9655699210517232,0.13197452229299364,0.12174480018997964,0.14292392460321152,0.1057742782152231,0.09640259804084476,0.11594011928624388,0.9592592592592593,0.9390867483539702,0.972943756042592,0.21172413793103448,0.19984092589448696,0.22411605009532523,0.8758620689655172,0.8657303360808344,0.8853305445066113,0.971830985915493,0.9029849988335052,0.9922407364173165,0.943502824858757,0.9143511321952379,0.963132435625052,0.96,0.8653990931249297,0.9889611156723802,1.0,0.8453609810751531,1.0,0.9022988505747126,1.0924049103057718,0.39223256870315687,2.7850948581796837,0.19031877213695395,0.36569872958257715,0.0722241517870771,0.01762410471721413,0.5401049082053203,0.08020981641064062,12.413793103448276,5.057471264367816,9.45409429280397
combinato_lgbm,ACR + eGFR continui,youden,254,1212,171,2713,0.5976470588235294,0.5503526087749739,0.6431921110574985,0.6912101910828026,0.6765758651336675,0.7054706021856194,0.17326057298772168,0.15474718927839715,0.1934818362053191,0.9407073509015257,0.9314875002659413,0.9487547277953161,0.6820689655172414,0.6680751545247346,0.6957414922185418,0.3370114942528736,0.32311391730876216,0.351196685543532,0.7464788732394366,0.63446074646439,0.8331944883681289,0.5677966101694916,0.515736959446429,0.6184006560165453,0.72,0.5833487630404344,0.8252582933408878,0.8095238095238095,0.5999943530979508,0.9233243494723822,0.9022988505747126,1.9354494272956708,0.5820992606404891,3.324947407021404,0.2686409307244844,0.40113708149084015,0.18143996547668914,0.13807084780973536,0.644428624953166,0.288857249906332,66.29885057471265,39.310344827586206,5.771653543307087
combinato_lgbm_etero,ACR + eGFR continui,sens80,333,2108,92,1817,0.7835294117647059,0.741928315285501,0.8200509314569793,0.4629299363057325,0.4473746022068208,0.4785577615573947,0.1364195002048341,0.12337335458865313,0.15060819804085854,0.9518072289156626,0.9412592434752817,0.9605405330014881,0.4942528735632184,0.4794070323442939,0.509108856331739,0.5611494252873563,0.5463549696393414,0.5758359748476681,0.8028169014084507,0.6958031829491169,0.8787446769879776,0.7796610169491526,0.7336101329665052,0.8197075308182635,0.82,0.6920394632569922,0.9022980732976582,0.7619047619047619,0.5490882631704925,0.8937198697736355,0.9022988505747126,1.4588960821520258,0.46760982874162316,3.1199003795066416,0.23237962316817865,0.4020767930451582,0.1474594932224602,0.07912146070388994,0.6232296740352192,0.24645934807043846,43.88505747126437,21.149425287356323,7.33033033033033
combinato_lgbm_etero,ACR + eGFR continui,sens85,359,2501,66,1424,0.8447058823529412,0.8072001557169995,0.8760360239325716,0.36280254777070065,0.34790162893158627,0.37797175860813925,0.12552447552447552,0.113882178034087,0.13817139029365919,0.9557046979865772,0.9440335805254673,0.9650320984201867,0.40988505747126436,0.395355665513606,0.42457346892659054,0.6574712643678161,0.6432355499152205,0.671429100361477,0.8732394366197183,0.7763089172134626,0.9318547241043514,0.8389830508474576,0.7970889678090419,0.8735991095058292,0.88,0.7619518261679702,0.9438239984906772,0.8571428571428571,0.6536393971937906,0.9501898750027473,0.9022988505747126,1.3256579721052755,0.4280403172504956,3.097039971890032,0.21856925418569254,0.39364035087719296,0.12982965098743607,0.05837883419416038,0.6037542150618209,0.20750843012364184,34.252873563218394,15.172413793103448,7.9665738161559885
combinato_lgbm_etero,ACR + eGFR continui,sens90,380,2863,45,1062,0.8941176470588236,0.8612528464113727,0.9199216252016185,0.2705732484076433,0.2569042623512443,0.28469088245752594,0.1171754548257786,0.10655611670374059,0.12870066084712073,0.959349593495935,0.9460399927376234,0.9694821926511729,0.3314942528735632,0.3176590731457065,0.34562678283557924,0.7455172413793103,0.7323607250877726,0.7582405106721002,0.9014084507042254,0.8101927775940714,0.9514171762760306,0.8926553672316384,0.8560917209991357,0.9207886352239234,0.92,0.8116175308165716,0.9684504859114069,0.8571428571428571,0.6536393971937906,0.9501898750027473,0.9022988505747126,1.225781266051653,0.39132602193419724,3.1323786238211677,0.20719738276990185,0.3843819542787781,0.11226298915367278,0.04162736519120404,0.5823454477332335,0.16469089546646698,25.448275862068964,10.344827586206897,8.534210526315789
combinato_lgbm_etero,ACR + eGFR continui,sens95,402,3284,23,641,0.9458823529411765,0.9201054312917546,0.9636710604733906,0.16331210191082804,0.15207797365910403,0.1752046291890802,0.1090613130765057,0.09940227217876645,0.11953435906578773,0.9653614457831325,0.9485599871951331,0.9768093378708689,0.23977011494252873,0.22731581558135083,0.25268362366942065,0.8473563218390805,0.8363626701034926,0.8577370183170764,0.9295774647887324,0.8455098688621009,0.969546397560289,0.9491525423728814,0.9210640216917928,0.9675976807504115,0.94,0.8378290831116182,0.979385029651026,0.9047619047619048,0.7108586092608176,0.9734812325619255,0.9022988505747126,1.130507988822813,0.3313756079654948,3.4115606630302415,0.19557285332036,0.3731897512068325,0.09014739365206509,0.024698723707181475,0.5545972274260023,0.10919445485200452,15.264367816091953,5.287356321839081,9.16915422885572
combinato_lgbm_etero,ACR + eGFR continui,youden,222,841,203,3084,0.5223529411764706,0.4748768769515976,0.569428540841378,0.7857324840764331,0.7726199263162813,0.7982862870062774,0.20884289746001883,0.1854772206286628,0.23430535823337945,0.9382415576513539,0.9294897734173374,0.9459702072747848,0.76,0.7470825389016957,0.772458657394574,0.24436781609195402,0.2318273063562822,0.2573594219536629,0.6619718309859155,0.5461661814275547,0.7611501157481004,0.4943502824858757,0.4426090744977257,0.5462127908803598,0.62,0.4815044693099298,0.7413721068980641,0.7619047619047619,0.5490882631704925,0.8937198697736355,0.9022988505747126,2.437854095264741,0.6079003585870145,4.010285667426182,0.29838709677419356,0.4017372421281216,0.2128722079114107,0.18455806437132463,0.6540427126264519,0.3080854252529037,75.5632183908046,46.666666666666664,4.788288288288288
combinato_mlp,ACR + eGFR continui,sens80,339,2347,86,1578,0.7976470588235294,0.756863264300032,0.8330983515748537,0.40203821656050953,0.3868021447530213,0.4174658543352321,0.12620997766195086,0.11418270045904093,0.1393049006725267,0.9483173076923077,0.9366098770447892,0.9579595630595307,0.4406896551724138,0.42599486014131815,0.45548911099534173,0.6174712643678161,0.6029310688060495,0.6318041666558373,0.8309859154929577,0.7274087200136651,0.9005854524757174,0.7909604519774012,0.7455910565407833,0.8300828764878145,0.88,0.7619518261679702,0.9438239984906772,0.7142857142857143,0.5004361928391441,0.8618613704787788,0.9022988505747126,1.3339432065966565,0.5033176768806383,2.650300730274174,0.21793635486981677,0.38645690834473323,0.12199180914958993,0.05921909375763912,0.5998426376920194,0.1996852753840388,38.252873563218394,19.770114942528735,7.92330383480826
combinato_mlp,ACR + eGFR continui,sens85,357,2799,68,1126,0.84,0.8021233575909041,0.8717853656811987,0.28687898089171976,0.2729426548108624,0.3012320688232702,0.11311787072243346,0.10253451223822332,0.12464190410280557,0.9430485762144054,0.9284269915695422,0.9548284611525806,0.3409195402298851,0.32697906042548824,0.3551407381271035,0.7255172413793104,0.7120613600991662,0.7385751682533012,0.9154929577464789,0.8276396178569572,0.9606934922892889,0.8248587570621468,0.7818362562020332,0.8609064845580517,0.92,0.8116175308165716,0.9684504859114069,0.9047619047619048,0.7108586092608176,0.9734812325619255,0.9022988505747126,1.1779206859592712,0.5577264653641208,2.1120042872454445,0.19938564646746718,0.3675864909390445,0.08441766134912151,0.0328273134415169,0.5634394904458598,0.12687898089171967,27.448275862068964,15.632183908045977,8.840336134453782
combinato_mlp,ACR + eGFR continui,sens90,383,3329,42,596,0.9011764705882352,0.8691105709655115,0.9260550852136825,0.15184713375796177,0.1409607445252839,0.1634143419613175,0.10317887931034483,0.09379986341501238,0.11337836723668517,0.9341692789968652,0.9122105920592076,0.9509309086751134,0.22505747126436781,0.2128927858718085,0.2377073283896073,0.8533333333333334,0.8425085525800178,0.8635346116174774,0.9436619718309859,0.8639039420002305,0.9778754806983033,0.8926553672316384,0.8560917209991357,0.9207886352239234,0.96,0.8653990931249297,0.9889611156723802,0.9047619047619048,0.7108586092608176,0.9734812325619255,0.9022988505747126,1.0625165656529958,0.6508093170153971,1.6326081048219816,0.18515832729030698,0.3538433111603843,0.04450094346348893,0.011919882755251587,0.5265118021730986,0.05302360434619713,14.666666666666666,9.655172413793103,9.691906005221933
combinato_mlp,ACR + eGFR continui,sens95,404,3604,21,321,0.9505882352941176,0.9256464830084783,0.9674574651341354,0.08178343949044586,0.07361378165587562,0.09077092706549741,0.10079840319361277,0.09185676715263202,0.11050453429803397,0.9385964912280702,0.9079585337014282,0.9594909647565886,0.16666666666666666,0.15588691852657133,0.17803462468333914,0.9213793103448276,0.9130042311388351,0.9290108111344297,0.9859154929577465,0.9244394947975099,0.9975093967294557,0.943502824858757,0.9143511321952379,0.963132435625052,0.98,0.8950455641036218,0.9964607407283538,1.0,0.8453609810751531,1.0,0.9022988505747126,1.0352549454854083,0.6041781198460695,1.7134929443475495,0.18226934355966615,0.3538892782060266,0.03571104465555349,0.006802399735462233,0.5161858373922817,0.03237167478456349,7.862068965517241,4.827586206896552,9.92079207920792
combinato_mlp,ACR + eGFR continui,youden,227,851,198,3074,0.5341176470588235,0.4865986158170351,0.5810254429196117,0.7831847133757962,0.770019601257573,0.795796052873523,0.21057513914656772,0.18728565186632196,0.23592003607226297,0.9394865525672371,0.9307899022820667,0.9471524634132995,0.7588505747126437,0.7459134271212697,0.7713309469102068,0.247816091954023,0.23521222311677925,0.26086497198754616,0.6619718309859155,0.5461661814275547,0.7611501157481004,0.5084745762711864,0.45658583277620957,0.5601813691566622,0.66,0.521538260502326,0.7756305077749992,0.6666666666666666,0.45373451974255247,0.8280524739491653,0.9022988505747126,2.4634685836731873,0.594856289946037,4.141283576066185,0.30206254158349966,0.4085673146148308,0.2182084530709168,0.18830435362654002,0.6586511802173098,0.3173023604346197,75.2183908045977,45.51724137931034,4.748898678414097
margine_kdigo,ACR + eGFR continui,sens80,340,2158,85,1767,0.8,0.7593592358943103,0.8352661081693097,0.45019108280254777,0.43468291109594803,0.46579665671095327,0.13610888710968774,0.12321936454600854,0.1501158847399474,0.9541036717062635,0.943596819296334,0.9627306000020999,0.484367816091954,0.46953697027653984,0.4992262469222698,0.5742528735632184,0.5595000053195782,0.5888747129860763,0.9014084507042254,0.8101927775940714,0.9514171762760306,0.7796610169491526,0.7336101329665052,0.8197075308182635,0.9,0.7863976856252034,0.9565242350681095,0.9047619047619048,0.7108586092608176,0.9734812325619255,0.9022988505747126,1.4550509731232621,0.44425580079230326,3.275254865616312,0.23263770099213138,0.40495474035254886,0.15023440941592367,0.07880661835862816,0.6250955414012739,0.25019108280254776,42.57471264367816,19.54022988505747,7.347058823529411
margine_kdigo,ACR + eGFR continui,sens85,357,2462,68,1463,0.84,0.8021233575909041,0.8717853656811987,0.3727388535031847,0.3577431003458601,0.3879834680405705,0.12664065271372826,0.11486982232823717,0.139427653917768,0.9555845852384063,0.9440747926331652,0.9648138694387194,0.41839080459770117,0.4038099048315713,0.4331157143680965,0.6480459770114942,0.6337288273940662,0.6621018803113252,0.9295774647887324,0.8455098688621009,0.969546397560289,0.8220338983050848,0.7787970460330975,0.8583566274160301,0.92,0.8116175308165716,0.9684504859114069,0.9523809523809523,0.7733063992587744,0.9915440121901736,0.9022988505747126,1.3391551584077985,0.42925495557074517,3.11971974004874,0.22009864364981505,0.39499889356052226,0.13225922595782744,0.06058342758370505,0.6063694267515923,0.21273885350318467,35.195402298850574,15.632183908045977,7.896358543417367
margine_kdigo,ACR + eGFR continui,sens90,380,2871,45,1054,0.8941176470588236,0.8612528464113727,0.9199216252016185,0.26853503184713373,0.2549011013054598,0.2826215961501402,0.1168871116579514,0.10629241643204686,0.12838612889330728,0.9590536851683349,0.9456503487212583,0.969259035515129,0.3296551724137931,0.31584127144538565,0.3437696689122307,0.7473563218390804,0.7342290954515172,0.7600470559320249,0.9577464788732394,0.8829758395951531,0.9855267393795247,0.8813559322033898,0.8435084856302797,0.9110156013489503,0.96,0.8653990931249297,0.9889611156723802,0.9523809523809523,0.7733063992587744,0.9915440121901736,0.9022988505747126,1.222365644272338,0.3942962384194663,3.1001199736831935,0.20674646354733406,0.38376085639264795,0.11113943513464732,0.041025156400612404,0.5813263394529786,0.16265267890595725,25.264367816091955,10.344827586206897,8.555263157894737
margine_kdigo,ACR + eGFR continui,sens95,403,3490,22,435,0.9482352941176471,0.9228702989021562,0.9655699210517232,0.11082802547770701,0.10138519244159137,0.12103189106245817,0.10351913691240688,0.09433727413950027,0.1134826916914364,0.9518599562363238,0.9281897787630863,0.9679969511740992,0.19264367816091954,0.1811972777045513,0.20463244868969027,0.8949425287356322,0.885479405589094,0.9037087245939224,0.9859154929577465,0.9244394947975099,0.9975093967294557,0.940677966101695,0.9110187740699306,0.960875726439402,0.98,0.8950455641036218,0.9964607407283538,1.0,0.8453609810751531,1.0,0.9022988505747126,1.0664250800606776,0.46707234617985116,2.2832117738994535,0.18666049096804077,0.3602717682817808,0.05719154725607943,0.012734058193450422,0.529531659797677,0.05906331959535405,10.505747126436782,5.057471264367816,9.660049627791564
margine_kdigo,ACR + eGFR continui,youden,236,1106,189,2819,0.5552941176470588,0.5077637395284769,0.6018338729067787,0.7182165605095542,0.7039345861000842,0.7320718086487089,0.17585692995529062,0.15642198325500137,0.19714229112665918,0.9371675531914894,0.9279257694849501,0.9452941645516155,0.7022988505747126,0.6885372085809018,0.7157035100227387,0.3085057471264368,0.29495418337000584,0.32239522731541176,0.704225352112676,0.5898146180172533,0.7976711479868338,0.5254237288135594,0.47341196657430146,0.576889639224314,0.68,0.5418970269185592,0.7924178373934316,0.7619047619047619,0.5490882631704925,0.8937198697736355,0.9022988505747126,1.9706414211254124,0.6191807691505122,3.1826592803084672,0.26711941143180534,0.3879026955950033,0.1758220777768721,0.13940342970629788,0.6367553390783065,0.273510678156613,69.14942528735632,43.44827586206897,5.686440677966102
stacking,combinazione di modelli,sens80,337,2078,88,1847,0.7929411764705883,0.7518772582582621,0.828756901239155,0.4705732484076433,0.4549945281576799,0.48620951318092415,0.13954451345755695,0.12629601949592828,0.1539379149559707,0.9545219638242894,0.9443037125375167,0.9629391112619687,0.5020689655172413,0.48721537481677046,0.5169189052598577,0.5551724137931034,0.5403624569271167,0.5698850117829671,0.8591549295774648,0.759782507165242,0.9216579778764282,0.7796610169491526,0.7336101329665052,0.8197075308182635,0.86,0.7381380628941446,0.9304916657298371,0.8571428571428571,0.6536393971937906,0.9501898750027473,0.9022988505747126,1.497735379040933,0.4400140131851332,3.4038356374135974,0.23732394366197182,0.4094775212636695,0.15744165160861015,0.0853440116490716,0.6317572124391158,0.2635144248782315,44.48275862068966,20.229885057471265,7.166172106824926
stacking,combinazione di modelli,sens85,357,2454,68,1471,0.84,0.8021233575909041,0.8717853656811987,0.37477707006369426,0.35976271035332896,0.3900363053862719,0.12700106723585913,0.11519882463130338,0.1398213849692192,0.9558154645873944,0.9443635501611461,0.9649975458729306,0.4202298850574713,0.40563843775408603,0.43496209706925115,0.6462068965517241,0.6318745661319505,0.6602812259497715,0.8873239436619719,0.7930995148918869,0.9417872827020712,0.8305084745762712,0.7879257890158922,0.8659950863661072,0.9,0.7863976856252034,0.9565242350681095,0.8571428571428571,0.6536393971937906,0.9501898750027473,0.9022988505747126,1.3435207823960882,0.42692046227056435,3.1470048899755496,0.22064276885043263,0.39569940146309024,0.13336825730973279,0.06131040236154784,0.6073885350318471,0.21477707006369418,35.37931034482759,15.632183908045977,7.873949579831932
stacking,combinazione di modelli,sens90,382,2846,43,1079,0.8988235294117647,0.8664867492715458,0.9240151787189139,0.2749044585987261,0.2611622044750151,0.28908689095924206,0.11833952912019827,0.10764770306387542,0.12993866019197597,0.9616755793226381,0.9487761785497941,0.9714244339637994,0.33586206896551724,0.3219773142578293,0.35003646632967145,0.7420689655172413,0.7288583471087752,0.7548524218567173,0.9154929577464789,0.8276396178569572,0.9606934922892889,0.8954802259887006,0.8592537962498642,0.9232156272841522,0.94,0.8378290831116182,0.979385029651026,0.8571428571428571,0.6536393971937906,0.9501898750027473,0.9022988505747126,1.2395932371543137,0.36804230496647233,3.3680726928042617,0.2091431699972625,0.38758116883116883,0.1179019244975043,0.0440869416395687,0.5868639940052454,0.17372798801049072,25.79310344827586,9.885057471264368,8.450261780104713
stacking,combinazione di modelli,sens95,403,3309,22,616,0.9482352941176471,0.9228702989021562,0.9655699210517232,0.15694267515923566,0.14589911317869067,0.16865709169083645,0.10856681034482758,0.09896070461447173,0.11898224795641527,0.9655172413793104,0.9483426480500197,0.9771195386578986,0.2342528735632184,0.22190468930171736,0.24707000307804572,0.8533333333333334,0.8425085525800178,0.8635346116174774,0.9859154929577465,0.9244394947975099,0.9975093967294557,0.940677966101695,0.9110187740699306,0.960875726439402,0.98,0.8950455641036218,0.9964607407283538,1.0,0.8453609810751531,1.0,0.9022988505747126,1.1247577906956074,0.32983193277310924,3.410093683892415,0.19482716944645878,0.37232076866223207,0.08827236326364198,0.023644357596482656,0.5525889846384413,0.10517796927688261,14.666666666666666,5.057471264367816,9.21091811414392
stacking,combinazione di modelli,youden,230,843,195,3082,0.5411764705882353,0.49364420229243694,0.5879710410104126,0.7852229299363057,0.7720998029401548,0.7977882985441113,0.21435228331780057,0.19083972437952357,0.23990284688874042,0.9404943545926152,0.9318672544170368,0.9480899261526512,0.7613793103448275,0.7484856391110143,0.7738117439030073,0.24666666666666667,0.23408379502023566,0.25969657781929634,0.647887323943662,0.5318206221160442,0.7487725187834671,0.519774011299435,0.4677966990404141,0.5713267721362867,0.6,0.4618143774758936,0.7239161026974346,0.7619047619047619,0.5490882631704925,0.8937198697736355,0.9022988505747126,2.519712511339055,0.5843226323624843,4.312193934969735,0.30707610146862485,0.4147133068878471,0.22481514581362255,0.19430789133247073,0.6631997002622705,0.326399400524541,75.33333333333333,44.827586206896555,4.665217391304348
rank_mean,combinazione di modelli,sens80,338,2085,87,1840,0.7952941176470588,0.7543692801366816,0.8309286075494698,0.46878980891719746,0.45321621687794145,0.4844244330266386,0.13949649195212546,0.12627100776376,0.15386326155561209,0.9548521017125065,0.9446419746076786,0.9632523488706899,0.5006896551724138,0.4858371685343559,0.5155409248245202,0.5570114942528736,0.5422060765478933,0.57171630778586,0.8591549295774648,0.759782507165242,0.9216579778764282,0.7824858757062146,0.7366009873136065,0.8223057437821196,0.86,0.7381380628941446,0.9304916657298371,0.8571428571428571,0.6536393971937906,0.9501898750027473,0.9022988505747126,1.4971364085202425,0.4366687979539642,3.428539926679346,0.23735955056179775,0.40989570700945915,0.15784786055177155,0.08529660914393596,0.6320419632821281,0.2640839265642563,44.298850574712645,20.0,7.168639053254438
rank_mean,combinazione di modelli,sens85,359,2431,66,1494,0.8447058823529412,0.8072001557169995,0.8760360239325716,0.38063694267515924,0.36557067908436264,0.39593662279560277,0.12867383512544803,0.11675787693903146,0.141610920811357,0.9576923076923077,0.9465284579047534,0.9666075840805174,0.4259770114942529,0.4113539463414304,0.44073069980587387,0.6413793103448275,0.6270082203135889,0.6555009182560008,0.9014084507042254,0.8101927775940714,0.9514171762760306,0.8333333333333334,0.7909762550745523,0.8685336876184044,0.92,0.8116175308165716,0.9684504859114069,0.8571428571428571,0.6536393971937906,0.9501898750027473,0.9022988505747126,1.363829941684613,0.4079848806992676,3.342844321453948,0.22332814930015552,0.3997772828507795,0.13950623860363184,0.06473361317403938,0.6126714125140502,0.22534282502810044,35.86206896551724,15.172413793103448,7.77158774373259
rank_mean,combinazione di modelli,sens90,383,2895,42,1030,0.9011764705882352,0.8691105709655115,0.9260550852136825,0.2624203821656051,0.24889386429547736,0.27641149110061175,0.11683953630262355,0.10628872551865093,0.12828734053462243,0.960820895522388,0.9474655717066105,0.9708853543517857,0.32482758620689656,0.3110706937829448,0.33889359306253924,0.7535632183908046,0.7405371156740121,0.7661418759394145,0.9436619718309859,0.8639039420002305,0.9778754806983033,0.8926553672316384,0.8560917209991357,0.9207886352239234,0.98,0.8950455641036218,0.9964607407283538,0.8571428571428571,0.6536393971937906,0.9501898750027473,0.9022988505747126,1.2218022960479527,0.37658480868075406,3.2444279957233304,0.20685930326762084,0.3846926476496585,0.11271646831797065,0.04097059320284502,0.5817984263769201,0.16359685275384028,24.64367816091954,9.655172413793103,8.558746736292429
rank_mean,combinazione di modelli,sens95,403,3312,22,613,0.9482352941176471,0.9228702989021562,0.9655699210517232,0.1561783439490446,0.14515808548401807,0.16787095162807017,0.10847913862718708,0.09888038217711972,0.11888675519299774,0.9653543307086614,0.9481012319506434,0.9770109251266228,0.2335632183908046,0.2212285059594118,0.24636809306147522,0.8540229885057471,0.8432180719841712,0.8642031855721998,0.9859154929577465,0.9244394947975099,0.9975093967294557,0.940677966101695,0.9110187740699306,0.960875726439402,0.98,0.8950455641036218,0.9964607407283538,1.0,0.8453609810751531,1.0,0.9022988505747126,1.1237389883489628,0.3314461184147394,3.390412274923145,0.19468599033816425,0.3721144967682364,0.0878021704996036,0.0234559380523525,0.5522068190333458,0.10441363806669157,14.597701149425287,5.057471264367816,9.218362282878411
rank_mean,combinazione di modelli,youden,233,963,192,2962,0.548235294117647,0.5006992315969251,0.5949071962721276,0.7546496815286624,0.7409434494516315,0.7678579417350805,0.1948160535117057,0.1733616336413802,0.21822465083531573,0.9391249207355739,0.9302342496411514,0.9469472162816074,0.7344827586206897,0.7211568036537376,0.7473949383641184,0.2749425287356322,0.2618773102651952,0.2884048902882547,0.6901408450704225,0.5751598742905824,0.7856027354373607,0.519774011299435,0.4677966990404141,0.5713267721362867,0.64,0.5014101687611269,0.7586125034815326,0.8095238095238095,0.5999943530979508,0.9233243494723822,0.9022988505747126,2.2345000305418115,0.5986416173491679,3.7326172551055725,0.2874768661320173,0.4022790055248619,0.20141675382879706,0.16744687021003357,0.6514424878231547,0.30288497564630945,72.50574712643679,44.13793103448276,5.133047210300429
